performance_date,channel,campaign,attribution_model,impressions,clicks,spend,conversions,revenue,users_reached,touchpoints,cpc,cac,roas
2025-06-13,Google Ads,Brand Awareness,Linear,23024,798,12177.48,36,152388,20447,1,15.26,338.26,12.51
2025-06-01,Display Ads,Brand Awareness,First Touch,11140,368,12615.04,12,24168,10893,5,34.28,1051.25,1.92
2025-04-18,Meta Ads,App Install,Linear,23231,1592,13277.28,240,974160,18539,3,8.34,55.32,73.37
2025-03-13,Meta Ads,New Product Launch,Last Touch,11698,299,3895.97,46,168912,8015,1,13.03,84.69,43.36
2025-04-28,Social Media,Discount Offer,Last Touch,10164,539,27559.07,66,176946,9811,2,51.13,417.56,6.42
2025-06-30,Google Ads,Brand Awareness,Linear,19935,1323,78361.29,209,337117,16194,3,59.23,374.93,4.3
2025-04-27,Direct Traffic,Summer Sale,First Touch,29260,1208,51762.8,163,651837,25247,1,42.85,317.56,12.59
2025-06-05,Direct Traffic,Retargeting,Linear,21043,627,17386.71,111,424131,19646,2,27.73,156.64,24.39
2025-06-25,Email,Brand Awareness,First Touch,7103,485,13997.1,19,66937,6491,3,28.86,736.69,4.78
2025-02-24,Direct Traffic,App Install,Last Touch,47129,2240,48764.8,150,524850,41225,3,21.77,325.1,10.76
2025-05-30,Display Ads,Loyalty,Last Touch,28723,952,56996.24,101,158772,26743,1,59.87,564.32,2.79
2025-01-29,Meta Ads,Retargeting,Linear,32666,1822,51034.22,217,676389,25002,3,28.01,235.18,13.25
2025-05-22,Google Ads,Discount Offer,Linear,40190,2614,125393.58,211,506822,34341,2,47.97,594.28,4.04
2025-04-27,Google Ads,Winter Sale,Linear,16708,843,11405.79,104,396968,16671,5,13.53,109.67,34.8
2025-02-20,Meta Ads,Summer Sale,First Touch,40348,3115,174346.55,522,1906866,30795,4,55.97,334.0,10.94
2025-01-05,Google Ads,Summer Sale,Last Touch,20692,485,26025.1,83,128650,18308,1,53.66,313.56,4.94
2025-05-17,Meta Ads,Retargeting,Linear,36148,2776,46053.84,303,1116252,31939,2,16.59,151.99,24.24
2025-05-19,Direct Traffic,New Product Launch,Linear,25428,1117,47952.81,96,318624,20111,1,42.93,499.51,6.64
2025-03-05,Meta Ads,Discount Offer,Last Touch,6378,352,7029.44,22,32780,6088,1,19.97,319.52,4.66
2025-02-28,Google Ads,Brand Awareness,Last Touch,9643,490,11015.2,50,170400,5904,5,22.48,220.3,15.47
2025-05-28,Display Ads,New Product Launch,Last Touch,31677,995,12974.8,94,275796,22573,4,13.04,138.03,21.26
2025-01-14,Direct Traffic,Discount Offer,First Touch,31386,1999,99210.37,92,182528,18809,5,49.63,1078.37,1.84
2025-04-25,Meta Ads,Festive Offer,First Touch,23254,1110,59351.7,45,155430,13231,1,53.47,1318.93,2.62
2025-06-16,Social Media,Brand Awareness,First Touch,20491,614,20415.5,38,107996,11205,2,33.25,537.25,5.29
2025-04-08,Google Ads,Festive Offer,Last Touch,34819,1292,57132.24,180,793440,33356,2,44.22,317.4,13.89
2025-02-18,Email,New Product Launch,First Touch,42957,2755,30773.35,212,297860,40620,4,11.17,145.16,9.68
2025-05-09,Social Media,Retargeting,First Touch,38281,949,16759.34,113,448045,26847,4,17.66,148.31,26.73
2025-01-31,Social Media,New Product Launch,Linear,43962,984,12063.84,126,442890,39111,3,12.26,95.74,36.71
2025-03-08,Meta Ads,Summer Sale,First Touch,22407,980,42071.4,73,182135,12391,1,42.93,576.32,4.33
2025-04-28,Social Media,Loyalty,First Touch,9801,512,17566.72,25,65725,5463,2,34.31,702.67,3.74
2025-04-05,Email,Retargeting,Last Touch,40600,2525,100520.25,449,1741222,37632,1,39.81,223.88,17.32
2025-06-20,Social Media,Winter Sale,Linear,11788,899,13467.02,42,68796,10426,2,14.98,320.64,5.11
2025-03-11,Email,Loyalty,First Touch,27471,885,36267.3,61,195261,17849,1,40.98,594.55,5.38
2025-01-24,Direct Traffic,Festive Offer,Last Touch,7889,159,7647.9,19,43168,4605,4,48.1,402.52,5.64
2025-05-22,Direct Traffic,Festive Offer,Linear,5633,150,8571.0,20,36200,5050,1,57.14,428.55,4.22
2025-04-05,Social Media,Lead Gen,First Touch,33166,916,22011.48,151,673460,17890,3,24.03,145.77,30.6
2025-02-23,Direct Traffic,New Product Launch,Linear,11736,483,17924.13,77,288134,7134,2,37.11,232.78,16.08
2025-02-11,Meta Ads,Festive Offer,First Touch,16754,1075,27165.25,182,816270,12442,3,25.27,149.26,30.05
2025-02-10,Direct Traffic,Discount Offer,Last Touch,7537,539,10548.23,82,252970,5200,3,19.57,128.64,23.98
2025-02-28,Meta Ads,Brand Awareness,Linear,17656,775,17429.75,31,135377,13401,3,22.49,562.25,7.77
2025-06-14,Social Media,Festive Offer,Linear,40141,1600,15104.0,258,585402,25921,5,9.44,58.54,38.76
2025-03-09,Google Ads,Discount Offer,Linear,33479,1363,66637.07,130,428220,20528,4,48.89,512.59,6.43
2025-05-28,Meta Ads,Winter Sale,First Touch,33577,674,37831.62,74,306804,23244,3,56.13,511.24,8.11
2025-04-21,Google Ads,Summer Sale,Linear,25572,1529,22139.92,252,825804,17853,4,14.48,87.86,37.3
2025-03-25,Display Ads,Winter Sale,Linear,13341,420,17883.6,36,153504,8095,5,42.58,496.77,8.58
2025-05-26,Email,Festive Offer,Linear,5026,192,3634.56,28,103152,3832,4,18.93,129.81,28.38
2025-04-24,Display Ads,New Product Launch,Linear,36010,2435,141010.85,341,1329218,20783,3,57.91,413.52,9.43
2025-05-12,Direct Traffic,Loyalty,Last Touch,11120,768,36142.08,100,212000,7191,2,47.06,361.42,5.87
2025-01-07,Google Ads,New Product Launch,Last Touch,45060,3198,37704.42,294,1111026,41393,2,11.79,128.25,29.47
2025-06-28,Display Ads,App Install,Last Touch,20989,605,26474.8,99,431046,12240,4,43.76,267.42,16.28
2025-02-26,Meta Ads,Lead Gen,Last Touch,8291,443,24679.53,21,36666,7951,5,55.71,1175.22,1.49
2025-05-24,Social Media,Summer Sale,Last Touch,45150,3110,169152.9,292,1005648,37186,2,54.39,579.29,5.95
2025-05-02,Display Ads,Winter Sale,First Touch,46789,1714,83026.16,176,383504,32392,4,48.44,471.74,4.62
2025-01-20,Direct Traffic,Winter Sale,First Touch,22807,915,49812.6,38,69046,15191,4,54.44,1310.86,1.39
2025-06-27,Meta Ads,New Product Launch,First Touch,32188,1430,51794.6,132,270204,29740,4,36.22,392.38,5.22
2025-04-10,Social Media,Brand Awareness,Linear,29928,1455,82964.1,108,302076,28946,4,57.02,768.19,3.64
2025-05-18,Direct Traffic,Lead Gen,Linear,19453,958,21258.02,98,273616,15233,4,22.19,216.92,12.87
2025-02-12,Display Ads,Retargeting,Linear,40004,864,24615.36,99,129789,22752,4,28.49,248.64,5.27
2025-02-04,Display Ads,Retargeting,First Touch,22049,942,17907.42,74,319458,17235,3,19.01,241.99,17.84
2025-04-18,Email,Discount Offer,Last Touch,6270,407,4358.97,70,148260,5797,1,10.71,62.27,34.01
2025-06-16,Google Ads,Brand Awareness,First Touch,18065,1270,51193.7,83,260537,10906,5,40.31,616.79,5.09
2025-02-25,Display Ads,Winter Sale,Last Touch,15996,901,52357.11,124,543740,14709,2,58.11,422.23,10.39
2025-03-21,Google Ads,Loyalty,First Touch,25444,1387,76590.14,119,491232,15971,1,55.22,643.61,6.41
2025-06-01,Direct Traffic,New Product Launch,First Touch,24764,1758,68948.76,84,295512,13054,3,39.22,820.82,4.29
2025-05-17,Display Ads,Summer Sale,First Touch,38158,2245,19441.7,208,667056,22537,4,8.66,93.47,34.31
2025-04-03,Direct Traffic,App Install,Linear,15026,693,31988.88,121,279026,12558,5,46.16,264.37,8.72
2025-05-04,Display Ads,Festive Offer,Linear,43828,1582,82722.78,244,379176,31053,4,52.29,339.03,4.58
2025-03-04,Display Ads,Loyalty,Linear,48790,2085,19786.65,328,637632,40371,2,9.49,60.33,32.23
2025-04-01,Email,Summer Sale,Last Touch,44069,2735,61181.95,86,170452,24839,2,22.37,711.42,2.79
2025-04-15,Display Ads,Lead Gen,First Touch,36201,2126,71263.52,316,499596,27741,2,33.52,225.52,7.01
2025-04-14,Direct Traffic,New Product Launch,Last Touch,48513,2663,86840.43,291,856122,42291,3,32.61,298.42,9.86
2025-04-01,Direct Traffic,App Install,Last Touch,25094,880,12557.6,51,86139,24718,5,14.27,246.23,6.86
2025-06-26,Meta Ads,New Product Launch,First Touch,36732,1344,51959.04,193,703292,27639,1,38.66,269.22,13.54
2025-02-19,Email,New Product Launch,Last Touch,16759,639,28639.98,31,42966,9272,5,44.82,923.87,1.5
2025-03-16,Direct Traffic,Retargeting,Linear,37170,972,8398.08,70,221200,33018,3,8.64,119.97,26.34
2025-02-17,Google Ads,Winter Sale,Last Touch,12476,864,24917.76,35,132230,11861,1,28.84,711.94,5.31
2025-02-08,Meta Ads,Loyalty,Last Touch,10582,842,11922.72,121,445643,10174,5,14.16,98.53,37.38
2025-02-27,Social Media,Festive Offer,Last Touch,34014,1287,49678.2,121,427009,18980,5,38.6,410.56,8.6
2025-01-26,Meta Ads,New Product Launch,Last Touch,48281,1200,24564.0,135,248535,24227,4,20.47,181.96,10.12
2025-04-26,Direct Traffic,Loyalty,Last Touch,24087,528,12133.44,38,116242,13209,2,22.98,319.3,9.58
2025-03-09,Direct Traffic,Loyalty,Linear,17964,817,29673.44,103,235664,11312,1,36.32,288.09,7.94
2025-01-16,Meta Ads,Winter Sale,Linear,42303,3184,98194.56,319,779955,34340,3,30.84,307.82,7.94
2025-05-09,Social Media,App Install,Last Touch,10271,573,31085.25,80,293760,7186,1,54.25,388.57,9.45
2025-01-24,Meta Ads,Loyalty,Linear,6359,508,21823.68,35,47740,6304,2,42.96,623.53,2.19
2025-05-01,Social Media,App Install,Last Touch,16894,1348,41343.16,205,322465,16147,3,30.67,201.67,7.8
2025-04-15,Email,Summer Sale,Linear,11855,847,21302.05,113,268940,11354,4,25.15,188.51,12.63
2025-05-21,Google Ads,App Install,First Touch,25612,900,12627.0,131,433217,12824,5,14.03,96.39,34.31
2025-04-29,Display Ads,Brand Awareness,First Touch,38976,1625,76927.5,201,866712,21179,2,47.34,382.72,11.27
2025-03-10,Social Media,Retargeting,Last Touch,33712,2455,81530.55,84,317520,24697,2,33.21,970.6,3.89
2025-03-21,Social Media,Brand Awareness,Linear,31738,812,48395.2,135,417150,31385,1,59.6,358.48,8.62
2025-06-15,Meta Ads,App Install,Linear,24127,1219,27086.18,189,592326,16056,4,22.22,143.31,21.87
2025-05-22,Meta Ads,Festive Offer,First Touch,44280,2235,120064.2,356,829836,35736,3,53.72,337.26,6.91
2025-05-10,Email,Brand Awareness,Last Touch,24566,1725,65826.0,222,401376,19599,5,38.16,296.51,6.1
2025-05-04,Email,Summer Sale,Linear,40614,1731,97818.81,277,1123512,28132,5,56.51,353.14,11.49
2025-04-09,Meta Ads,Festive Offer,First Touch,25852,1672,74688.24,253,703593,23799,2,44.67,295.21,9.42
2025-05-07,Google Ads,Retargeting,Linear,43678,1743,23042.46,273,438984,39073,4,13.22,84.4,19.05
2025-01-04,Direct Traffic,Retargeting,Last Touch,47911,3746,44539.94,551,1259035,35048,5,11.89,80.83,28.27
2025-06-27,Display Ads,Discount Offer,Last Touch,49194,3520,97715.2,272,1126896,40586,5,27.76,359.25,11.53
2025-01-10,Social Media,Discount Offer,First Touch,46363,2831,64943.14,181,284170,37401,1,22.94,358.8,4.38
2025-06-12,Direct Traffic,Discount Offer,Last Touch,15902,980,53880.4,36,160596,8410,3,54.98,1496.68,2.98
2025-04-02,Email,Festive Offer,First Touch,21003,1089,40761.27,162,307152,13369,1,37.43,251.61,7.54
2025-06-06,Display Ads,Loyalty,Linear,20783,1036,39699.52,67,255404,14552,4,38.32,592.53,6.43
2025-03-07,Direct Traffic,Brand Awareness,Last Touch,23850,1446,23439.66,139,363485,21551,3,16.21,168.63,15.51
2025-06-13,Display Ads,Winter Sale,Last Touch,24799,792,22176.0,81,175851,18647,5,28.0,273.78,7.93
2025-04-02,Social Media,Winter Sale,Linear,24348,519,26552.04,46,56718,21446,1,51.16,577.22,2.14
2025-06-05,Direct Traffic,App Install,Last Touch,20081,1133,29820.56,142,531506,14146,2,26.32,210.0,17.82
2025-06-10,Google Ads,Brand Awareness,Last Touch,33889,745,20092.65,37,89096,27649,4,26.97,543.04,4.43
2025-02-14,Meta Ads,Retargeting,Linear,28976,1502,83361.0,232,522464,27999,4,55.5,359.31,6.27
2025-03-17,Direct Traffic,Summer Sale,First Touch,35692,2775,42513.0,485,1925450,30868,5,15.32,87.66,45.29
2025-04-04,Google Ads,Festive Offer,First Touch,22331,1165,36872.25,152,600856,15460,5,31.65,242.58,16.3
2025-04-08,Direct Traffic,Summer Sale,First Touch,49226,1675,15577.5,272,951728,35361,5,9.3,57.27,61.1
2025-02-26,Direct Traffic,Discount Offer,Linear,35426,2641,62618.11,240,425280,19198,1,23.71,260.91,6.79
2025-03-19,Display Ads,Discount Offer,First Touch,20387,1493,22469.65,146,576116,19043,4,15.05,153.9,25.64
2025-05-31,Direct Traffic,Retargeting,Last Touch,47920,1243,41578.35,113,264985,25032,3,33.45,367.95,6.37
2025-02-25,Display Ads,App Install,First Touch,28768,746,32570.36,83,318803,20260,1,43.66,392.41,9.79
2025-04-12,Email,New Product Launch,First Touch,34800,887,16879.61,111,142857,19057,3,19.03,152.07,8.46
2025-03-04,Meta Ads,Loyalty,First Touch,9496,662,24374.84,78,168012,7439,2,36.82,312.5,6.89
2025-06-02,Google Ads,Winter Sale,First Touch,13519,708,35060.16,32,41760,7838,1,49.52,1095.63,1.19
2025-04-02,Meta Ads,Loyalty,Last Touch,6034,183,1961.76,25,83850,3482,1,10.72,78.47,42.74
2025-05-02,Display Ads,Summer Sale,Linear,43906,1165,39843.0,200,275400,43543,5,34.2,199.22,6.91
2025-03-19,Display Ads,Brand Awareness,First Touch,36390,2577,77748.09,119,489923,32729,1,30.17,653.35,6.3
2025-01-21,Email,Loyalty,First Touch,9304,256,10357.76,30,123480,7315,4,40.46,345.26,11.92
2025-06-02,Social Media,Winter Sale,Last Touch,38131,2147,28254.52,290,1125490,37131,2,13.16,97.43,39.83
2025-04-21,Display Ads,New Product Launch,Last Touch,27212,1895,54443.35,264,654720,20598,3,28.73,206.22,12.03
2025-06-20,Email,Summer Sale,First Touch,36081,866,44382.5,38,60610,30250,2,51.25,1167.96,1.37
2025-05-23,Google Ads,Loyalty,Linear,41810,1663,23880.68,138,541650,34763,1,14.36,173.05,22.68
2025-03-15,Social Media,Winter Sale,Last Touch,11789,644,12274.64,82,173676,6780,3,19.06,149.69,14.15
2025-05-23,Email,Discount Offer,Last Touch,42624,1430,43343.3,163,707909,41684,5,30.31,265.91,16.33
2025-06-22,Direct Traffic,Lead Gen,First Touch,44911,3401,173893.13,238,461244,31409,3,51.13,730.64,2.65
2025-03-28,Email,Brand Awareness,First Touch,14388,776,22379.84,39,147927,7445,1,28.84,573.84,6.61
2025-05-16,Meta Ads,Festive Offer,Last Touch,34730,1404,38244.96,194,849914,20148,1,27.24,197.14,22.22
2025-02-09,Meta Ads,Loyalty,First Touch,49169,1224,37992.96,114,420204,39068,4,31.04,333.27,11.06
2025-03-11,Meta Ads,Lead Gen,First Touch,27621,1264,28730.72,166,530038,22443,3,22.73,173.08,18.45
2025-01-12,Meta Ads,Festive Offer,Linear,8590,175,4142.25,10,17620,6388,3,23.67,414.23,4.25
2025-03-25,Google Ads,Brand Awareness,Last Touch,33223,1014,28158.78,137,445113,28216,1,27.77,205.54,15.81
2025-04-12,Direct Traffic,Brand Awareness,Last Touch,6228,296,3566.8,22,65076,5462,4,12.05,162.13,18.24
2025-06-13,Display Ads,Winter Sale,First Touch,31544,670,16676.3,100,373100,23310,3,24.89,166.76,22.37
2025-01-23,Display Ads,Discount Offer,First Touch,33552,1856,65424.0,165,407550,27901,2,35.25,396.51,6.23
2025-03-27,Meta Ads,Discount Offer,Linear,46499,1248,43080.96,207,544617,34753,2,34.52,208.12,12.64
2025-03-02,Google Ads,Retargeting,Last Touch,17928,545,8692.75,78,117624,11866,4,15.95,111.45,13.53
2025-04-29,Social Media,Loyalty,Last Touch,49638,3745,139875.75,469,1762502,35409,3,37.35,298.24,12.6
2025-02-08,Display Ads,Discount Offer,Last Touch,33980,1966,97140.06,233,615353,33614,1,49.41,416.91,6.33
2025-03-21,Display Ads,App Install,First Touch,8728,367,8415.31,46,72174,8517,4,22.93,182.94,8.58
2025-04-29,Social Media,Lead Gen,Linear,7688,361,18089.71,46,115736,6322,4,50.11,393.25,6.4
2025-05-09,Meta Ads,Brand Awareness,Last Touch,11783,808,41644.32,143,220935,10024,2,51.54,291.22,5.31
2025-01-11,Meta Ads,App Install,Last Touch,39345,2020,32825.0,173,407934,32366,4,16.25,189.74,12.43
2025-03-28,Direct Traffic,Loyalty,First Touch,46345,2726,31158.18,120,477360,35838,3,11.43,259.65,15.32
2025-03-06,Direct Traffic,Loyalty,First Touch,26847,668,28396.68,111,274170,24171,4,42.51,255.83,9.66
2025-02-03,Social Media,Discount Offer,Last Touch,41629,1773,87178.41,269,1060936,38062,1,49.17,324.08,12.17
2025-06-15,Direct Traffic,Festive Offer,Linear,28712,605,14556.3,104,270296,26908,4,24.06,139.96,18.57
2025-02-19,Meta Ads,Retargeting,First Touch,10057,379,18563.42,40,136400,9341,1,48.98,464.09,7.35
2025-06-19,Email,Loyalty,First Touch,44141,1880,30907.2,290,1263820,42541,2,16.44,106.58,40.89
2025-04-23,Google Ads,Festive Offer,Last Touch,49326,3116,182036.72,378,1618218,49191,4,58.42,481.58,8.89
2025-03-01,Social Media,New Product Launch,Last Touch,35737,2653,47992.77,349,1234064,32305,4,18.09,137.52,25.71
2025-03-14,Display Ads,Lead Gen,Linear,32437,2529,127663.92,379,669314,30521,3,50.48,336.84,5.24
2025-01-14,Direct Traffic,App Install,Last Touch,41342,3144,141448.56,337,576270,30011,1,44.99,419.73,4.07
2025-02-11,Email,App Install,Linear,14656,1023,13063.71,170,517990,14574,3,12.77,76.85,39.65
2025-01-07,Display Ads,Brand Awareness,Last Touch,37899,1608,45152.64,67,141973,19872,3,28.08,673.92,3.14
2025-01-26,Direct Traffic,Summer Sale,First Touch,14017,312,17378.4,31,54808,13224,4,55.7,560.59,3.15
2025-04-25,Social Media,Brand Awareness,First Touch,6245,220,11312.4,24,100272,5615,5,51.42,471.35,8.86
2025-04-19,Google Ads,Winter Sale,First Touch,24736,675,13770.0,84,315084,19857,1,20.4,163.93,22.88
2025-01-29,Display Ads,Loyalty,Linear,6077,351,13302.9,48,114864,4796,1,37.9,277.14,8.63
2025-06-07,Email,New Product Launch,Linear,32300,1009,43134.75,109,291793,17258,5,42.75,395.73,6.76
2025-05-20,Social Media,Lead Gen,Linear,6332,274,8891.3,34,92786,4204,1,32.45,261.51,10.44
2025-04-02,Google Ads,Summer Sale,First Touch,48063,2773,133436.76,388,993668,28402,1,48.12,343.91,7.45
2025-04-01,Social Media,Summer Sale,Linear,16474,1150,50140.0,203,641480,11223,2,43.6,247.0,12.79
2025-01-17,Direct Traffic,App Install,First Touch,24231,777,38181.78,126,313992,17195,5,49.14,303.03,8.22
2025-04-12,Social Media,App Install,Last Touch,7399,482,8647.08,40,175920,3894,3,17.94,216.18,20.34
2025-03-11,Google Ads,Summer Sale,Last Touch,31215,2016,109912.32,177,347805,23736,4,54.52,620.97,3.16
2025-04-05,Social Media,Winter Sale,First Touch,32820,811,31896.63,124,425816,26036,3,39.33,257.23,13.35
2025-01-27,Google Ads,Summer Sale,Linear,24375,935,36782.9,87,350175,19459,3,39.34,422.79,9.52
2025-04-25,Google Ads,Summer Sale,Linear,33504,1222,72049.12,210,316470,30062,3,58.96,343.09,4.39
2025-05-12,Direct Traffic,Retargeting,First Touch,14357,1018,44038.68,97,166549,7728,2,43.26,454.01,3.78
2025-06-15,Email,Summer Sale,Last Touch,42174,925,14781.5,90,244710,33277,4,15.98,164.24,16.56
2025-01-20,Social Media,Retargeting,Linear,29048,1274,53227.72,85,141440,14948,2,41.78,626.21,2.66
2025-05-08,Social Media,Festive Offer,Linear,12717,454,9779.16,44,163064,8697,4,21.54,222.25,16.67
2025-02-21,Google Ads,Retargeting,First Touch,34625,1051,47400.1,188,750684,27784,3,45.1,252.13,15.84
2025-01-17,Social Media,Lead Gen,Last Touch,24657,1752,78857.52,296,1128352,15180,3,45.01,266.41,14.31
2025-05-11,Meta Ads,Discount Offer,First Touch,14101,482,16238.58,40,141760,10072,4,33.69,405.96,8.73
2025-05-22,Meta Ads,Loyalty,First Touch,9308,358,21472.84,49,164297,8019,4,59.98,438.22,7.65
2025-05-28,Google Ads,Retargeting,Last Touch,47096,1151,37085.22,123,212175,41613,5,32.22,301.51,5.72
2025-02-16,Meta Ads,Festive Offer,Linear,8631,603,21068.82,45,83835,6958,2,34.94,468.2,3.98
2025-03-30,Social Media,Winter Sale,First Touch,21423,680,39256.4,48,180480,15672,5,57.73,817.84,4.6
2025-05-17,Google Ads,Lead Gen,Linear,16051,890,33989.1,49,184093,13928,5,38.19,693.66,5.42
2025-03-28,Social Media,Brand Awareness,First Touch,10323,234,9678.24,27,104409,6887,5,41.36,358.45,10.79
2025-04-17,Social Media,Brand Awareness,Last Touch,46101,2431,100594.78,183,403149,45495,4,41.38,549.7,4.01
2025-03-18,Display Ads,Discount Offer,Linear,8926,263,7787.43,26,67418,5639,3,29.61,299.52,8.66
2025-03-23,Direct Traffic,Summer Sale,Last Touch,13569,890,30954.2,40,87600,10605,1,34.78,773.86,2.83
2025-03-10,Display Ads,New Product Launch,First Touch,11344,261,14918.76,41,119392,7705,2,57.16,363.87,8.0
2025-03-25,Social Media,Summer Sale,First Touch,15442,770,26772.9,80,197040,11795,1,34.77,334.66,7.36
2025-01-24,Display Ads,Lead Gen,Last Touch,20776,683,17997.05,25,80675,20177,4,26.35,719.88,4.48
2025-03-15,Social Media,Brand Awareness,First Touch,33241,931,20249.25,79,225229,28611,1,21.75,256.32,11.12
2025-04-13,Google Ads,Loyalty,Linear,17756,741,17050.41,65,197860,13460,5,23.01,262.31,11.6
2025-06-24,Social Media,Discount Offer,First Touch,11336,494,24369.02,39,105183,6849,2,49.33,624.85,4.32
2025-06-04,Social Media,Festive Offer,Linear,7638,173,2617.49,13,40820,5946,4,15.13,201.35,15.6
2025-02-08,Social Media,Lead Gen,First Touch,26493,2010,49365.6,178,663050,25359,3,24.56,277.33,13.43
2025-06-01,Email,Lead Gen,Linear,39887,1970,73421.9,199,252332,32013,3,37.27,368.95,3.44
2025-06-22,Google Ads,Festive Offer,Linear,25163,1706,77998.32,227,297143,22360,4,45.72,343.6,3.81
2025-03-09,Direct Traffic,Loyalty,Linear,19912,1260,48308.4,70,264320,16185,2,38.34,690.12,5.47
2025-06-24,Meta Ads,Brand Awareness,Linear,12202,383,11846.19,35,101185,11757,2,30.93,338.46,8.54
2025-04-16,Social Media,Loyalty,Last Touch,9081,566,19793.02,64,250368,8458,5,34.97,309.27,12.65
2025-04-07,Email,Retargeting,Last Touch,39939,1619,42773.98,236,979872,28631,5,26.42,181.25,22.91
2025-05-04,Meta Ads,New Product Launch,Last Touch,41574,1576,89768.96,279,1215882,30257,2,56.96,321.75,13.54
2025-06-26,Direct Traffic,App Install,Last Touch,36444,1491,84316.05,222,515040,27652,1,56.55,379.8,6.11
2025-05-27,Direct Traffic,Lead Gen,Last Touch,30856,2132,122888.48,321,766869,16117,3,57.64,382.83,6.24
2025-01-21,Email,App Install,Linear,21806,1413,27030.69,217,501270,20111,3,19.13,124.57,18.54
2025-02-05,Google Ads,Loyalty,Linear,43458,1493,15885.52,247,524628,42633,2,10.64,64.31,33.03
2025-01-14,Google Ads,Festive Offer,Last Touch,35959,936,45002.88,28,96712,23154,4,48.08,1607.25,2.15
2025-06-17,Display Ads,App Install,Linear,18071,1181,27092.14,85,122570,10500,5,22.94,318.73,4.52
2025-03-01,Social Media,Brand Awareness,First Touch,32386,2362,40484.68,396,1119096,29102,4,17.14,102.23,27.64
2025-02-17,Direct Traffic,Winter Sale,First Touch,5607,212,8340.08,35,90020,3968,4,39.34,238.29,10.79
2025-06-14,Social Media,Lead Gen,Last Touch,13794,980,31693.2,57,94677,9605,2,32.34,556.02,2.99
2025-04-28,Direct Traffic,Winter Sale,Linear,17202,358,9139.74,26,103012,11765,2,25.53,351.53,11.27
2025-06-06,Direct Traffic,Festive Offer,Last Touch,38769,1538,44355.92,68,120700,35029,3,28.84,652.29,2.72
2025-03-05,Google Ads,Winter Sale,Last Touch,20435,956,20917.28,75,268875,19603,1,21.88,278.9,12.85
2025-03-08,Direct Traffic,Summer Sale,Linear,20486,486,6876.9,36,102960,18476,3,14.15,191.02,14.97
2025-06-26,Google Ads,Winter Sale,Last Touch,45280,1505,86958.9,153,468639,42488,3,57.78,568.36,5.39
2025-04-17,Direct Traffic,Lead Gen,Last Touch,40226,2740,139548.2,395,1574470,39636,1,50.93,353.29,11.28
2025-05-15,Display Ads,Lead Gen,Linear,28709,708,26436.72,27,92961,22635,2,37.34,979.14,3.52
2025-05-27,Social Media,Retargeting,First Touch,26503,1888,58490.24,249,1029864,22805,4,30.98,234.9,17.61
2025-01-24,Social Media,App Install,First Touch,34716,969,28682.4,111,387168,32509,3,29.6,258.4,13.5
2025-01-06,Display Ads,Winter Sale,First Touch,19280,1054,10919.44,86,125646,18506,1,10.36,126.97,11.51
2025-01-18,Display Ads,Brand Awareness,Last Touch,31795,979,14724.16,123,515001,26479,4,15.04,119.71,34.98
2025-04-06,Display Ads,App Install,Last Touch,29618,734,42674.76,118,205792,25516,3,58.14,361.65,4.82
2025-01-31,Meta Ads,Lead Gen,Last Touch,39658,1096,64543.44,170,730490,20573,3,58.89,379.67,11.32
2025-04-29,Direct Traffic,Lead Gen,Last Touch,39860,1704,33977.76,168,308280,28962,2,19.94,202.25,9.07
2025-01-29,Google Ads,Festive Offer,Linear,6025,207,2380.5,24,72672,5460,1,11.5,99.19,30.53
2025-03-04,Direct Traffic,Brand Awareness,Last Touch,33767,1150,22195.0,183,261873,21474,5,19.3,121.28,11.8
2025-03-16,Meta Ads,Loyalty,Last Touch,42845,2393,102827.21,186,453096,26116,5,42.97,552.83,4.41
2025-02-26,Display Ads,Winter Sale,Last Touch,8994,480,18609.6,67,128439,7996,5,38.77,277.76,6.9
2025-05-07,Google Ads,Summer Sale,Linear,48997,2100,74067.0,282,809904,29387,3,35.27,262.65,10.93
2025-04-07,Meta Ads,Lead Gen,Last Touch,20792,1475,34869.0,200,900000,17982,1,23.64,174.34,25.81
2025-05-24,Display Ads,Festive Offer,Linear,39733,1114,22981.82,67,257816,22456,4,20.63,343.01,11.22
2025-04-05,Google Ads,Lead Gen,Linear,17483,403,11126.83,48,65328,9933,2,27.61,231.81,5.87
2025-05-31,Direct Traffic,Lead Gen,First Touch,36417,1184,65321.28,89,112318,25148,2,55.17,733.95,1.72
2025-01-31,Direct Traffic,App Install,First Touch,44610,2775,79420.5,182,458094,31580,4,28.62,436.38,5.77
2025-04-30,Social Media,Summer Sale,Last Touch,22141,920,49597.2,91,408408,18762,3,53.91,545.02,8.23
2025-02-22,Email,Summer Sale,Last Touch,7996,429,8369.79,22,49896,6264,5,19.51,380.45,5.96
2025-05-29,Direct Traffic,Festive Offer,Last Touch,14988,476,9500.96,54,119124,11584,5,19.96,175.94,12.54
2025-06-17,Direct Traffic,Summer Sale,Last Touch,37022,2887,119435.19,299,564811,30051,2,41.37,399.45,4.73
2025-02-05,Direct Traffic,Lead Gen,Last Touch,17061,1279,46287.01,161,231840,9084,1,36.19,287.5,5.01
2025-06-21,Google Ads,Brand Awareness,Last Touch,14010,988,19789.64,134,165758,8796,5,20.03,147.68,8.38
2025-04-27,Email,Brand Awareness,Linear,46794,2807,112448.42,287,917826,23912,1,40.06,391.81,8.16
2025-05-17,Social Media,Festive Offer,First Touch,6096,315,7021.35,55,69850,5105,4,22.29,127.66,9.95
2025-02-15,Google Ads,Discount Offer,Linear,14758,508,20436.84,34,90134,9568,4,40.23,601.08,4.41
2025-01-21,Email,Festive Offer,Last Touch,42027,1453,64309.78,108,165240,22051,1,44.26,595.46,2.57
2025-04-14,Display Ads,Festive Offer,Linear,36195,845,7174.05,47,152609,32315,3,8.49,152.64,21.27
2025-05-25,Google Ads,Lead Gen,First Touch,20057,655,34806.7,106,333582,14469,1,53.14,328.37,9.58
2025-01-20,Direct Traffic,Winter Sale,Linear,41930,2494,43221.02,392,495488,27753,5,17.33,110.26,11.46
2025-02-06,Direct Traffic,Festive Offer,First Touch,24613,732,15006.0,113,315609,23398,5,20.5,132.8,21.03
2025-03-26,Display Ads,Retargeting,Linear,10139,507,29740.62,19,56810,6970,1,58.66,1565.3,1.91
2025-03-29,Social Media,Loyalty,Linear,30998,2422,60477.34,303,1335927,22880,4,24.97,199.6,22.09
2025-02-28,Email,Lead Gen,Last Touch,33301,1037,39893.39,90,392580,26328,2,38.47,443.26,9.84
2025-01-19,Google Ads,Winter Sale,First Touch,29903,1874,76759.04,264,659208,20860,1,40.96,290.75,8.59
2025-01-24,Google Ads,Winter Sale,Last Touch,28587,1877,25001.64,80,237200,21646,5,13.32,312.52,9.49
2025-05-23,Social Media,Festive Offer,First Touch,6721,170,6259.4,20,88260,4688,4,36.82,312.97,14.1
2025-01-04,Email,Festive Offer,Last Touch,10550,669,24819.9,119,261086,9960,5,37.1,208.57,10.52
2025-02-13,Direct Traffic,Festive Offer,First Touch,14099,509,11177.64,26,48984,10609,3,21.96,429.91,4.38
2025-04-18,Email,App Install,First Touch,28666,1006,20944.92,124,450368,24436,2,20.82,168.91,21.5
2025-04-28,Google Ads,Retargeting,Last Touch,5443,418,10567.04,51,229143,4070,4,25.28,207.2,21.68
2025-03-27,Display Ads,Loyalty,First Touch,24689,968,55427.68,58,144188,15254,4,57.26,955.65,2.6
2025-03-23,Email,App Install,Linear,20887,826,18651.08,122,328790,12308,5,22.58,152.88,17.63
2025-02-21,Social Media,Lead Gen,First Touch,49676,3281,30841.4,456,1870056,31707,4,9.4,67.63,60.63
2025-03-16,Direct Traffic,Discount Offer,Last Touch,49104,2453,100401.29,162,631314,29602,4,40.93,619.76,6.29
2025-04-07,Google Ads,App Install,Linear,36407,2000,71580.0,337,1359121,31909,5,35.79,212.4,18.99
2025-01-10,Email,Lead Gen,Linear,46823,3505,47983.45,235,921670,35043,2,13.69,204.18,19.21
2025-06-15,Social Media,Brand Awareness,Linear,47272,2866,82483.48,409,1824549,37741,1,28.78,201.67,22.12
2025-01-03,Google Ads,Winter Sale,First Touch,38467,2493,92290.86,331,696755,33840,3,37.02,278.82,7.55
2025-04-11,Display Ads,Loyalty,Linear,37798,1097,65688.36,112,269920,32529,1,59.88,586.5,4.11
2025-01-30,Direct Traffic,Retargeting,Last Touch,25440,1032,50340.96,111,291486,20521,1,48.78,453.52,5.79
2025-04-23,Direct Traffic,App Install,Last Touch,9402,357,17896.41,16,41680,5596,2,50.13,1118.53,2.33
2025-03-04,Social Media,Retargeting,Linear,15494,617,18614.89,61,272487,11065,2,30.17,305.16,14.64
2025-02-17,Direct Traffic,Festive Offer,Last Touch,6913,444,23940.48,43,127237,5048,1,53.92,556.76,5.31
2025-06-30,Meta Ads,New Product Launch,Last Touch,9100,497,24636.29,54,145692,7220,2,49.57,456.23,5.91
2025-04-28,Google Ads,Winter Sale,Linear,37078,1915,78955.45,228,844284,31401,5,41.23,346.3,10.69
2025-01-30,Email,Summer Sale,Last Touch,45459,1379,59338.37,206,765496,42067,1,43.03,288.05,12.9
2025-06-22,Meta Ads,Summer Sale,First Touch,20635,790,13840.8,105,345660,16681,4,17.52,131.82,24.97
2025-06-02,Meta Ads,Loyalty,Last Touch,32724,1019,41829.95,136,522512,31610,2,41.05,307.57,12.49
2025-05-23,Meta Ads,App Install,Last Touch,14194,443,22938.54,54,144180,7175,4,51.78,424.79,6.29
2025-02-04,Meta Ads,Festive Offer,Linear,38124,2256,66033.12,234,961272,33606,4,29.27,282.19,14.56
2025-02-12,Google Ads,Loyalty,First Touch,19452,729,16249.41,80,151040,17218,5,22.29,203.12,9.3
2025-05-07,Social Media,Lead Gen,First Touch,42533,1142,55170.02,175,472850,39027,1,48.31,315.26,8.57
2025-04-23,Social Media,New Product Launch,Last Touch,11711,751,31534.49,50,66600,9539,3,41.99,630.69,2.11
2025-03-31,Google Ads,App Install,First Touch,20528,669,31014.84,89,365879,20262,4,46.36,348.48,11.8
2025-02-12,Social Media,Retargeting,First Touch,18562,1268,47727.52,139,506516,18108,2,37.64,343.36,10.61
2025-03-24,Direct Traffic,Winter Sale,Last Touch,42534,1532,80613.84,272,1083104,24387,2,52.62,296.37,13.44
2025-04-16,Google Ads,Winter Sale,Linear,13315,826,12307.4,42,105798,8684,4,14.9,293.03,8.6
2025-05-06,Meta Ads,Loyalty,Linear,22610,1303,35845.53,53,236062,12830,4,27.51,676.33,6.59
2025-05-12,Direct Traffic,Winter Sale,Linear,29187,1380,46064.4,161,703570,28472,1,33.38,286.11,15.27
2025-04-28,Direct Traffic,Summer Sale,First Touch,40024,1755,102386.7,269,867794,28811,3,58.34,380.62,8.48
2025-03-14,Email,Lead Gen,Linear,13558,731,24298.44,59,235705,13023,1,33.24,411.84,9.7
2025-01-12,Google Ads,App Install,First Touch,13142,995,16138.9,97,286344,8228,2,16.22,166.38,17.74
2025-06-16,Email,Retargeting,Last Touch,11117,658,13831.16,56,215992,6913,1,21.02,246.98,15.62
2025-04-12,Direct Traffic,Winter Sale,Linear,20344,930,11848.2,41,85034,17984,1,12.74,288.98,7.18
2025-02-03,Social Media,New Product Launch,Linear,49563,2314,19483.88,188,318284,38619,2,8.42,103.64,16.34
2025-05-03,Google Ads,New Product Launch,Last Touch,10854,692,9224.36,53,128525,6550,4,13.33,174.04,13.93
2025-02-04,Direct Traffic,Retargeting,First Touch,39767,2139,85003.86,116,306008,26864,2,39.74,732.79,3.6
2025-04-16,Social Media,App Install,First Touch,10681,788,12040.64,38,159220,8485,3,15.28,316.86,13.22
2025-04-20,Email,Retargeting,First Touch,23151,1358,28382.2,163,676939,21529,3,20.9,174.12,23.85
2025-06-26,Google Ads,Winter Sale,First Touch,38931,2196,39110.76,194,746124,21253,2,17.81,201.6,19.08
2025-05-07,Display Ads,Discount Offer,First Touch,37740,2199,25706.31,359,448391,30702,3,11.69,71.61,17.44
2025-02-03,Display Ads,Loyalty,Last Touch,28947,1527,25928.46,153,666315,15668,1,16.98,169.47,25.7
2025-05-31,Google Ads,Brand Awareness,Last Touch,19138,428,4767.92,63,206325,14262,5,11.14,75.68,43.27
2025-04-17,Display Ads,Festive Offer,First Touch,46978,2451,98113.53,175,432075,26078,5,40.03,560.65,4.4
2025-02-22,Meta Ads,Lead Gen,Last Touch,30606,1689,80548.41,215,824310,16386,3,47.69,374.64,10.23
2025-06-28,Display Ads,New Product Launch,First Touch,21022,529,16182.11,51,188343,11412,3,30.59,317.3,11.64
2025-06-20,Direct Traffic,Retargeting,First Touch,5830,364,16190.72,19,49780,5057,5,44.48,852.14,3.07
2025-03-08,Meta Ads,Summer Sale,First Touch,22613,1446,20446.44,238,612136,18340,3,14.14,85.91,29.94
2025-05-15,Google Ads,Winter Sale,Linear,42791,2466,83350.8,262,373874,37766,5,33.8,318.13,4.49
2025-02-12,Email,Retargeting,Last Touch,11743,864,37195.2,40,169360,10039,1,43.05,929.88,4.55
2025-01-12,Google Ads,New Product Launch,First Touch,35917,1502,83886.7,85,114240,31699,2,55.85,986.9,1.36
2025-03-24,Meta Ads,Festive Offer,Linear,25967,941,11339.05,80,260480,24014,1,12.05,141.74,22.97
2025-02-15,Meta Ads,Lead Gen,First Touch,31275,754,24263.72,54,133488,20999,1,32.18,449.33,5.5
2025-05-22,Display Ads,Brand Awareness,Last Touch,18151,680,33177.2,95,208335,16675,3,48.79,349.23,6.28
2025-06-01,Display Ads,New Product Launch,Linear,40819,2678,55568.5,82,236078,21192,2,20.75,677.66,4.25
2025-05-19,Email,Brand Awareness,Last Touch,5095,333,9180.81,46,113114,2972,2,27.57,199.58,12.32
2025-05-16,Meta Ads,Festive Offer,Last Touch,8925,699,10764.6,50,68950,6358,5,15.4,215.29,6.41
2025-04-16,Direct Traffic,Summer Sale,Last Touch,10564,579,19848.12,72,202680,5895,5,34.28,275.67,10.21
2025-05-26,Google Ads,Festive Offer,Linear,13566,464,10008.48,35,156800,10002,3,21.57,285.96,15.67
2025-03-23,Display Ads,Winter Sale,First Touch,9894,758,11430.64,110,181060,6220,1,15.08,103.91,15.84
2025-02-12,Display Ads,App Install,Last Touch,31641,862,22955.06,125,381375,20871,4,26.63,183.64,16.61
2025-03-09,Google Ads,Discount Offer,First Touch,49961,1911,85307.04,230,478400,35721,2,44.64,370.9,5.61
2025-01-24,Direct Traffic,New Product Launch,Last Touch,30968,1573,67969.33,108,206496,15993,4,43.21,629.35,3.04
2025-04-26,Social Media,Lead Gen,First Touch,11207,534,26593.2,27,33696,6108,2,49.8,984.93,1.27
2025-02-03,Meta Ads,Festive Offer,Last Touch,49976,2889,119951.28,339,766140,27445,1,41.52,353.84,6.39
2025-01-17,Meta Ads,App Install,First Touch,11027,819,41875.47,65,89310,9289,1,51.13,644.24,2.13
2025-02-13,Social Media,Festive Offer,Linear,30886,1537,42882.3,144,381456,18960,2,27.9,297.79,8.9
2025-03-12,Email,App Install,First Touch,7270,413,16553.04,52,168636,5322,5,40.08,318.33,10.19
2025-05-03,Google Ads,Discount Offer,Last Touch,30101,849,15596.13,138,462714,19132,5,18.37,113.02,29.67
2025-01-05,Display Ads,Summer Sale,Last Touch,40685,2721,70446.69,312,785304,33068,3,25.89,225.79,11.15
2025-02-16,Google Ads,Summer Sale,Linear,19353,421,21117.36,30,93960,18350,3,50.16,703.91,4.45
2025-05-30,Meta Ads,Retargeting,First Touch,21243,1262,27587.32,192,809856,11537,2,21.86,143.68,29.36
2025-05-28,Display Ads,Summer Sale,First Touch,16540,565,13865.1,79,210851,8732,3,24.54,175.51,15.21
2025-05-26,Social Media,Retargeting,Linear,17336,1217,61020.38,213,728460,13731,2,50.14,286.48,11.94
2025-05-06,Google Ads,Discount Offer,First Touch,20245,1135,10260.4,115,294170,20183,2,9.04,89.22,28.67
2025-02-03,Email,Retargeting,Last Touch,8903,189,7276.5,31,135501,5359,5,38.5,234.73,18.62
2025-04-04,Google Ads,Summer Sale,Linear,48393,2116,28037.0,159,279522,29357,4,13.25,176.33,9.97
2025-06-13,Display Ads,Summer Sale,First Touch,41829,2577,145085.1,381,805434,40212,2,56.3,380.8,5.55
2025-04-07,Email,Winter Sale,First Touch,16646,1060,60780.4,182,510146,8853,2,57.34,333.96,8.39
2025-06-04,Email,Loyalty,First Touch,46919,2530,143476.3,129,548508,26008,2,56.71,1112.22,3.82
2025-03-30,Email,Retargeting,Linear,10814,749,32087.16,104,267800,9065,1,42.84,308.53,8.35
2025-03-09,Meta Ads,New Product Launch,Linear,9442,387,18935.91,53,74041,7882,4,48.93,357.28,3.91
2025-04-18,Meta Ads,Festive Offer,Last Touch,29819,1224,33684.48,188,832840,29065,5,27.52,179.17,24.72
2025-06-16,Direct Traffic,New Product Launch,First Touch,34575,844,43871.12,62,155310,25843,1,51.98,707.6,3.54
2025-01-19,Email,Retargeting,Last Touch,15545,993,36194.85,163,257703,10540,5,36.45,222.05,7.12
2025-06-07,Display Ads,Brand Awareness,Last Touch,47836,1430,77606.1,76,122664,34767,2,54.27,1021.13,1.58
2025-02-18,Display Ads,Lead Gen,Linear,40397,1450,32828.0,95,133285,33072,5,22.64,345.56,4.06
2025-05-21,Display Ads,Retargeting,First Touch,28647,579,7272.24,88,330880,24156,4,12.56,82.64,45.5
2025-02-21,Google Ads,Brand Awareness,First Touch,16195,944,55516.64,95,158935,10623,4,58.81,584.39,2.86
2025-05-01,Display Ads,Winter Sale,First Touch,47065,2477,43619.97,403,1093339,29645,4,17.61,108.24,25.07
2025-01-12,Email,App Install,Last Touch,22262,747,16411.59,29,124149,22066,1,21.97,565.92,7.56
2025-01-22,Direct Traffic,Summer Sale,Linear,32131,2514,97216.38,284,790940,29473,5,38.67,342.31,8.14
2025-04-18,Social Media,App Install,Linear,20443,993,12025.23,164,676500,10789,5,12.11,73.32,56.26
2025-05-27,Social Media,Loyalty,Linear,45650,1316,75485.76,128,241152,29768,2,57.36,589.73,3.19
2025-02-02,Google Ads,Festive Offer,First Touch,49769,2295,137378.7,284,1032908,33334,3,59.86,483.73,7.52
2025-01-18,Google Ads,Festive Offer,Linear,31041,1648,86585.92,177,221250,28406,5,52.54,489.19,2.56
2025-05-31,Social Media,Festive Offer,First Touch,32160,931,34875.26,109,175490,31234,1,37.46,319.96,5.03
2025-05-25,Google Ads,Winter Sale,Linear,27535,2001,43501.74,256,907008,23744,4,21.74,169.93,20.85
2025-01-10,Meta Ads,Winter Sale,Last Touch,14427,823,35718.2,74,208754,14413,3,43.4,482.68,5.84
2025-06-26,Meta Ads,Brand Awareness,Linear,36143,2719,148593.35,89,396050,28001,3,54.65,1669.59,2.67
2025-03-13,Display Ads,Discount Offer,First Touch,13807,525,24501.75,76,191064,9110,4,46.67,322.39,7.8
2025-06-04,Direct Traffic,Discount Offer,First Touch,33948,1109,56392.65,156,672360,33898,3,50.85,361.49,11.92
2025-01-15,Social Media,Retargeting,First Touch,25389,1588,46020.24,233,779851,22011,1,28.98,197.51,16.95
2025-02-14,Meta Ads,New Product Launch,First Touch,21350,469,4985.47,39,78585,15163,3,10.63,127.83,15.76
2025-04-29,Social Media,Festive Offer,Linear,13118,798,16422.84,82,248214,8013,4,20.58,200.28,15.11
2025-05-31,Social Media,Summer Sale,Last Touch,15716,1104,23680.8,170,266900,10193,1,21.45,139.3,11.27
2025-04-09,Google Ads,Retargeting,Linear,19045,1360,56657.6,179,412058,16231,5,41.66,316.52,7.27
2025-01-06,Direct Traffic,Brand Awareness,Last Touch,13671,804,31565.04,25,55825,11818,3,39.26,1262.6,1.77
2025-06-14,Email,Festive Offer,Last Touch,27853,1324,25619.4,99,329868,27431,5,19.35,258.78,12.88
2025-04-12,Social Media,Discount Offer,First Touch,38522,3080,179440.8,480,1679520,28523,3,58.26,373.83,9.36
2025-06-25,Google Ads,App Install,First Touch,27038,2144,88568.64,341,773729,24268,3,41.31,259.73,8.74
2025-02-18,Meta Ads,Lead Gen,First Touch,8720,595,29583.4,71,277255,6978,2,49.72,416.67,9.37
2025-01-07,Direct Traffic,App Install,Last Touch,22001,1637,47538.48,230,825240,20372,2,29.04,206.69,17.36
2025-03-29,Direct Traffic,New Product Launch,Linear,40037,2334,76415.16,399,1064532,36641,3,32.74,191.52,13.93
2025-02-13,Direct Traffic,Lead Gen,First Touch,24253,627,9185.55,43,150027,15125,3,14.65,213.62,16.33
2025-06-17,Google Ads,New Product Launch,Last Touch,19636,1269,30417.93,188,480716,15907,3,23.97,161.8,15.8
2025-05-30,Email,App Install,First Touch,35837,832,34103.68,97,362974,20251,4,40.99,351.58,10.64
2025-02-19,Social Media,Discount Offer,Linear,30013,1554,45811.92,249,452433,17256,2,29.48,183.98,9.88
2025-03-29,Display Ads,Loyalty,Last Touch,14386,560,25317.6,82,262154,9917,2,45.21,308.75,10.35
2025-03-22,Direct Traffic,Brand Awareness,First Touch,34625,1260,59950.8,69,298839,22503,4,47.58,868.85,4.98
2025-01-23,Meta Ads,Loyalty,Last Touch,46516,2128,64499.68,216,263304,24494,5,30.31,298.61,4.08
2025-02-21,Direct Traffic,Summer Sale,First Touch,26116,1708,60821.88,55,66880,23325,2,35.61,1105.85,1.1
2025-02-27,Direct Traffic,Summer Sale,Last Touch,13449,351,11993.67,26,38142,7098,3,34.17,461.3,3.18
2025-03-16,Display Ads,Lead Gen,Linear,39348,1584,85805.28,284,739252,35736,3,54.17,302.13,8.62
2025-02-18,Meta Ads,Festive Offer,First Touch,19969,668,39552.28,41,52849,19645,5,59.21,964.69,1.34
2025-02-13,Google Ads,Summer Sale,Linear,47633,3216,88472.16,405,1765395,41338,5,27.51,218.45,19.95
2025-01-13,Social Media,Brand Awareness,Linear,12085,715,6456.45,95,276165,9681,4,9.03,67.96,42.77
2025-02-01,Social Media,Winter Sale,Last Touch,15035,486,21218.76,15,43845,12937,1,43.66,1414.58,2.07
2025-06-19,Social Media,Winter Sale,Linear,44690,2772,82550.16,456,1502520,42585,1,29.78,181.03,18.2
2025-03-14,Google Ads,Discount Offer,Last Touch,18018,1018,49322.1,157,318082,14873,4,48.45,314.15,6.45
2025-03-17,Meta Ads,Brand Awareness,Linear,37529,2800,122612.0,285,615600,18853,1,43.79,430.22,5.02
2025-06-21,Google Ads,Discount Offer,Linear,48845,2424,139064.88,356,536492,48131,1,57.37,390.63,3.86
2025-03-07,Direct Traffic,New Product Launch,Last Touch,24400,874,9264.4,132,179652,16960,3,10.6,70.18,19.39
2025-06-23,Email,Festive Offer,Linear,12595,323,15319.89,11,19426,11731,2,47.43,1392.72,1.27
2025-03-26,Email,App Install,Linear,22583,1641,21054.03,249,485301,13156,4,12.83,84.55,23.05
2025-04-13,Display Ads,Winter Sale,Last Touch,36342,2471,103139.54,369,613647,22513,1,41.74,279.51,5.95
2025-02-10,Google Ads,Festive Offer,Linear,36632,2495,107983.6,142,391210,30066,5,43.28,760.45,3.62
2025-01-08,Direct Traffic,Retargeting,Last Touch,36989,990,29096.1,36,81756,28790,1,29.39,808.22,2.81
2025-06-30,Direct Traffic,Lead Gen,Linear,42791,2714,53330.1,470,1214950,38404,5,19.65,113.47,22.78
2025-06-26,Direct Traffic,Loyalty,First Touch,33367,1992,41692.56,163,647110,29294,2,20.93,255.78,15.52
2025-05-23,Social Media,Brand Awareness,First Touch,47165,3587,122998.23,360,1162800,29001,1,34.29,341.66,9.45
2025-05-06,Email,New Product Launch,Last Touch,23229,534,10455.72,67,191017,15464,1,19.58,156.06,18.27
2025-04-28,Display Ads,Loyalty,Last Touch,10768,768,24000.0,36,116532,10736,1,31.25,666.67,4.86
2025-01-27,Display Ads,Festive Offer,First Touch,41512,2197,111937.15,326,1217610,30737,5,50.95,343.37,10.88
2025-05-24,Meta Ads,App Install,Last Touch,28812,2002,101020.92,313,800967,23583,5,50.46,322.75,7.93
2025-06-03,Display Ads,Summer Sale,Linear,34657,930,44156.4,58,150684,28965,3,47.48,761.32,3.41
2025-05-21,Social Media,Summer Sale,Linear,11967,272,4498.88,13,53768,11894,4,16.54,346.07,11.95
2025-01-28,Email,Loyalty,First Touch,17290,471,24638.01,29,127600,11767,3,52.31,849.59,5.18
2025-01-28,Display Ads,Brand Awareness,Linear,49049,2713,130630.95,264,1028808,43834,5,48.15,494.81,7.88
2025-02-04,Display Ads,Brand Awareness,Linear,8183,435,13271.85,51,167382,7290,2,30.51,260.23,12.61
2025-06-27,Social Media,Retargeting,Linear,13413,351,14808.69,42,105756,10835,4,42.19,352.59,7.14
2025-04-18,Social Media,New Product Launch,Last Touch,31074,2418,141380.46,236,412056,17800,4,58.47,599.07,2.91
2025-06-04,Direct Traffic,Lead Gen,Last Touch,40901,2930,131908.6,499,1891709,27571,2,45.02,264.35,14.34
2025-02-23,Social Media,Winter Sale,Linear,27629,2079,30977.1,283,545624,22069,5,14.9,109.46,17.61
2025-06-27,Direct Traffic,Summer Sale,Linear,12563,824,30685.76,96,377472,12098,4,37.24,319.64,12.3
2025-06-22,Direct Traffic,Lead Gen,Last Touch,32681,2238,78732.84,75,134625,17209,1,35.18,1049.77,1.71
2025-02-21,Email,Retargeting,Last Touch,49786,1744,90077.6,232,558656,31577,5,51.65,388.27,6.2
2025-01-09,Email,App Install,First Touch,45377,3270,151891.5,522,2213280,43892,5,46.45,290.98,14.57
2025-04-10,Meta Ads,Lead Gen,Linear,23850,1468,15325.92,128,371968,23150,3,10.44,119.73,24.27
2025-05-22,Google Ads,Brand Awareness,Linear,21471,691,36747.38,109,328526,14430,3,53.18,337.13,8.94
2025-05-31,Social Media,Loyalty,First Touch,17681,665,11457.95,88,172920,11687,5,17.23,130.2,15.09
2025-01-31,Display Ads,Brand Awareness,Last Touch,23291,1243,18346.68,146,327624,11737,3,14.76,125.66,17.86
2025-04-30,Direct Traffic,Retargeting,First Touch,15073,1141,44544.64,166,624326,12579,3,39.04,268.34,14.02
2025-05-06,Social Media,Lead Gen,Last Touch,9776,655,16067.15,41,80073,9152,1,24.53,391.88,4.98
2025-05-10,Meta Ads,Festive Offer,Linear,40195,1776,46477.92,288,1128096,30972,3,26.17,161.38,24.27
2025-04-03,Email,New Product Launch,Linear,39766,1928,71702.32,275,1061225,20171,1,37.19,260.74,14.8
2025-06-21,Email,App Install,First Touch,47091,2675,107802.5,465,1857675,34061,4,40.3,231.83,17.23
2025-01-30,Display Ads,Winter Sale,Linear,23535,505,17614.4,73,241338,20102,4,34.88,241.29,13.7
2025-05-05,Google Ads,Winter Sale,Linear,17616,690,8473.2,30,131010,17544,1,12.28,282.44,15.46
2025-06-10,Google Ads,New Product Launch,Linear,46255,3072,162754.56,287,466375,29863,5,52.98,567.09,2.87
2025-06-29,Direct Traffic,Festive Offer,Linear,9726,630,10080.0,62,158596,5173,1,16.0,162.58,15.73
2025-01-19,Google Ads,Retargeting,Last Touch,41574,1007,51075.04,167,479123,33502,4,50.72,305.84,9.38
2025-06-11,Display Ads,Festive Offer,Last Touch,6106,264,3735.6,8,33200,5585,1,14.15,466.95,8.89
2025-05-30,Google Ads,Discount Offer,Last Touch,37953,1000,48920.0,75,116550,28200,4,48.92,652.27,2.38
2025-04-08,Display Ads,Brand Awareness,Last Touch,15244,792,11951.28,70,312620,14580,5,15.09,170.73,26.16
2025-03-17,Direct Traffic,Retargeting,Last Touch,49386,3615,210393.0,578,2227034,36919,1,58.2,364.0,10.59
2025-05-22,Social Media,Retargeting,First Touch,7737,157,6127.71,17,26316,5116,2,39.03,360.45,4.29
2025-03-30,Meta Ads,Festive Offer,Linear,38590,1101,19344.57,134,299490,25662,1,17.57,144.36,15.48
2025-02-16,Direct Traffic,Loyalty,First Touch,40969,1953,71440.74,143,210925,28698,1,36.58,499.59,2.95
2025-02-20,Direct Traffic,Loyalty,Last Touch,26682,1105,47415.55,72,170424,23491,1,42.91,658.55,3.59
2025-02-19,Email,App Install,Last Touch,26518,1511,36112.9,177,622332,22546,3,23.9,204.03,17.23
2025-03-22,Display Ads,Retargeting,First Touch,25526,887,17314.24,125,373250,17296,3,19.52,138.51,21.56
2025-02-04,Direct Traffic,Summer Sale,Last Touch,35333,1650,79678.5,170,279650,23425,5,48.29,468.7,3.51
2025-01-21,Email,Retargeting,Linear,17873,639,34563.51,26,39208,9241,5,54.09,1329.37,1.13
2025-06-11,Google Ads,Loyalty,Linear,31550,2087,39778.22,74,167758,24679,5,19.06,537.54,4.22
2025-05-01,Direct Traffic,Retargeting,Last Touch,30722,1026,49401.9,143,341913,17554,4,48.15,345.47,6.92
2025-05-09,Social Media,Discount Offer,Last Touch,28846,1446,61397.16,227,843305,25632,2,42.46,270.47,13.74
2025-05-12,Meta Ads,App Install,First Touch,16740,903,33790.26,145,260710,16291,3,37.42,233.04,7.72
2025-01-11,Meta Ads,App Install,First Touch,9119,327,6595.59,42,139482,7518,4,20.17,157.04,21.15
2025-05-01,Display Ads,Brand Awareness,First Touch,47501,1873,83517.07,202,468640,32378,5,44.59,413.45,5.61
2025-05-20,Social Media,Retargeting,Last Touch,47839,2043,78778.08,336,510048,40849,3,38.56,234.46,6.47
2025-04-07,Meta Ads,Lead Gen,Last Touch,28127,1941,50349.54,289,1061786,14171,5,25.94,174.22,21.09
2025-02-05,Display Ads,Retargeting,First Touch,10052,511,11548.6,26,47944,7993,5,22.6,444.18,4.15
2025-01-31,Direct Traffic,New Product Launch,Last Touch,26641,1684,55639.36,171,352773,22999,2,33.04,325.38,6.34
2025-06-15,Display Ads,Brand Awareness,First Touch,7827,216,8380.8,10,32990,4073,5,38.8,838.08,3.94
2025-02-07,Google Ads,Retargeting,Last Touch,16798,856,24892.48,150,571650,8704,3,29.08,165.95,22.96
2025-01-22,Meta Ads,App Install,Linear,35894,2585,43608.95,399,1460739,22623,5,16.87,109.3,33.5
2025-02-16,Social Media,Lead Gen,Last Touch,15991,1014,26181.48,99,358281,8558,2,25.82,264.46,13.68
2025-04-07,Display Ads,Retargeting,First Touch,6085,195,10276.5,20,58380,3654,5,52.7,513.83,5.68
2025-01-25,Meta Ads,App Install,Linear,44309,989,48223.64,104,174824,25207,4,48.76,463.69,3.63
2025-06-18,Meta Ads,Loyalty,Linear,5078,374,18060.46,47,156886,4262,3,48.29,384.27,8.69
2025-01-12,Direct Traffic,Lead Gen,Last Touch,20039,1529,50564.03,222,584970,19669,5,33.07,227.77,11.57
2025-01-26,Display Ads,Retargeting,Last Touch,36269,2391,132270.12,101,368650,35950,4,55.32,1309.61,2.79
2025-03-07,Meta Ads,Brand Awareness,Linear,5466,298,4210.74,9,34929,3574,3,14.13,467.86,8.3
2025-04-15,Email,Discount Offer,First Touch,32923,1945,41214.55,307,900738,28442,5,21.19,134.25,21.85
2025-03-12,Direct Traffic,Festive Offer,First Touch,32081,1704,63030.96,96,335040,25131,4,36.99,656.57,5.32
2025-03-06,Email,Loyalty,Last Touch,31091,1994,104605.24,257,1095591,19309,4,52.46,407.02,10.47
2025-06-29,Meta Ads,Discount Offer,First Touch,38314,1687,43187.2,189,766395,20862,2,25.6,228.5,17.75
2025-04-10,Direct Traffic,Brand Awareness,First Touch,14524,701,27486.21,30,68310,9078,3,39.21,916.21,2.49
2025-01-21,Social Media,Brand Awareness,Linear,30187,2289,65991.87,293,695289,26751,5,28.83,225.23,10.54
2025-01-15,Meta Ads,App Install,Last Touch,5701,183,7715.28,27,64017,3647,1,42.16,285.75,8.3
2025-06-03,Social Media,Lead Gen,Linear,20182,1148,49421.4,96,372672,10095,2,43.05,514.81,7.54
2025-01-23,Email,Festive Offer,Last Touch,48886,2136,82193.28,229,965922,47499,1,38.48,358.92,11.75
2025-01-24,Social Media,Winter Sale,Linear,41642,3119,81405.9,544,1268608,28236,5,26.1,149.64,15.58
2025-02-19,Display Ads,Festive Offer,Linear,5304,189,5513.13,8,11968,4712,3,29.17,689.14,2.17
2025-03-29,Google Ads,Lead Gen,Last Touch,40252,2768,104879.52,371,1018024,38579,4,37.89,282.69,9.71
2025-03-04,Email,App Install,Linear,35193,2596,137146.68,265,597840,19809,4,52.83,517.53,4.36
2025-06-12,Meta Ads,New Product Launch,Last Touch,32028,2476,86313.36,77,175406,20081,3,34.86,1120.95,2.03
2025-01-24,Display Ads,Summer Sale,First Touch,41343,3137,102830.86,260,922740,29488,2,32.78,395.5,8.97
2025-06-24,Meta Ads,App Install,Linear,18085,616,12683.44,43,91934,12364,2,20.59,294.96,7.25
2025-06-08,Email,Retargeting,First Touch,12856,966,41673.24,125,464250,6482,5,43.14,333.39,11.14
2025-01-11,Display Ads,Summer Sale,Linear,25671,1271,75294.04,209,485925,20876,2,59.24,360.26,6.45
2025-05-11,Email,Festive Offer,First Touch,42792,1185,41877.9,110,375540,22463,5,35.34,380.71,8.97
2025-03-30,Display Ads,Retargeting,Last Touch,12888,797,25440.24,106,132288,11966,2,31.92,240.0,5.2
2025-04-08,Social Media,Discount Offer,Last Touch,28697,1629,35023.5,182,395122,18761,4,21.5,192.44,11.28
2025-06-06,Email,Summer Sale,First Touch,37687,1712,51000.48,244,657580,31969,3,29.79,209.02,12.89
2025-04-26,Meta Ads,Loyalty,First Touch,42741,2614,131588.76,361,1621973,29096,5,50.34,364.51,12.33
2025-04-21,Display Ads,New Product Launch,First Touch,14800,716,6093.16,66,115500,14717,5,8.51,92.32,18.96
2025-05-17,Direct Traffic,Summer Sale,Last Touch,24663,864,45480.96,32,51360,23644,2,52.64,1421.28,1.13
2025-01-16,Meta Ads,Winter Sale,Last Touch,46278,1192,55690.24,82,219350,41500,5,46.72,679.15,3.94
2025-03-07,Email,Brand Awareness,Last Touch,12945,531,23013.54,64,227968,11189,5,43.34,359.59,9.91
2025-02-14,Email,Summer Sale,Last Touch,49118,2486,120048.94,241,366561,37045,5,48.29,498.13,3.05
2025-03-15,Display Ads,Retargeting,First Touch,46981,3216,82136.64,401,1419941,36753,1,25.54,204.83,17.29
2025-01-21,Meta Ads,Summer Sale,First Touch,25544,996,23057.4,69,264960,19251,3,23.15,334.17,11.49
2025-04-24,Email,Loyalty,Linear,34510,1547,27165.32,51,213180,24943,3,17.56,532.65,7.85
2025-06-29,Direct Traffic,Discount Offer,First Touch,15938,698,9053.06,119,373422,12461,1,12.97,76.08,41.25
2025-01-07,Display Ads,Lead Gen,First Touch,11811,422,6781.54,54,150984,8439,2,16.07,125.58,22.26
2025-03-05,Direct Traffic,Winter Sale,Last Touch,46057,1270,44945.3,70,94010,44771,3,35.39,642.08,2.09
2025-03-25,Display Ads,App Install,Linear,22852,1209,18171.27,208,708864,14326,5,15.03,87.36,39.01
2025-06-02,Display Ads,Loyalty,Last Touch,39305,2294,82033.44,381,1208532,37335,2,35.76,215.31,14.73
2025-01-23,Display Ads,Winter Sale,Last Touch,32014,1139,27096.81,34,146370,29899,2,23.79,796.97,5.4
2025-03-30,Email,App Install,Linear,5545,339,11383.62,48,116496,2809,4,33.58,237.16,10.23
2025-03-16,Social Media,New Product Launch,First Touch,40927,1736,51055.76,198,557568,28651,2,29.41,257.86,10.92
2025-06-15,Display Ads,Festive Offer,First Touch,22234,550,22286.0,59,264084,21163,3,40.52,377.73,11.85
2025-03-14,Direct Traffic,Lead Gen,Last Touch,32060,1002,11583.12,50,82600,26464,4,11.56,231.66,7.13
2025-06-08,Display Ads,Winter Sale,Linear,45812,2268,55951.56,119,403529,23631,2,24.67,470.18,7.21
2025-01-27,Email,Winter Sale,First Touch,33732,2146,43156.06,112,360752,23982,3,20.11,385.32,8.36
2025-04-18,Email,App Install,Last Touch,35388,2187,21104.55,91,388934,22481,1,9.65,231.92,18.43
2025-03-10,Display Ads,Discount Offer,Linear,35811,1106,60365.48,74,204388,18318,1,54.58,815.75,3.39
2025-03-05,Display Ads,App Install,First Touch,7196,229,10588.96,10,39270,4451,4,46.24,1058.9,3.71
2025-04-10,Direct Traffic,Winter Sale,Last Touch,15394,889,9058.91,151,503283,8697,3,10.19,59.99,55.56
2025-05-04,Direct Traffic,Winter Sale,First Touch,28620,2096,110899.36,131,217722,18176,4,52.91,846.56,1.96
2025-03-25,Google Ads,Retargeting,Last Touch,43318,1177,57720.08,36,49392,40699,4,49.04,1603.34,0.86
2025-06-26,Social Media,Retargeting,Last Touch,10864,379,12886.0,50,129300,10553,1,34.0,257.72,10.03
2025-01-16,Email,Retargeting,Linear,40150,2709,39388.86,175,610225,31455,4,14.54,225.08,15.49
2025-02-19,Google Ads,Festive Offer,Last Touch,13829,484,4864.2,65,226785,9328,5,10.05,74.83,46.62
2025-06-28,Display Ads,New Product Launch,Linear,17230,906,22495.98,90,328680,11242,1,24.83,249.96,14.61
2025-05-16,Meta Ads,App Install,Last Touch,22258,1168,36920.48,170,556240,17339,2,31.61,217.18,15.07
2025-01-05,Social Media,Summer Sale,Linear,20649,810,9144.9,141,392967,13434,5,11.29,64.86,42.97
2025-06-24,Display Ads,Lead Gen,First Touch,45176,1670,48947.7,130,207220,39732,1,29.31,376.52,4.23
2025-01-12,Meta Ads,Retargeting,First Touch,18243,482,8656.72,16,61248,15487,4,17.96,541.04,7.08
2025-05-15,Social Media,Loyalty,Last Touch,8216,344,13591.44,13,26702,8133,1,39.51,1045.5,1.96
2025-04-30,Direct Traffic,Brand Awareness,Last Touch,41570,2685,145795.5,411,1830183,22695,5,54.3,354.73,12.55
2025-03-10,Social Media,Brand Awareness,Linear,9612,673,8109.65,41,136407,5601,1,12.05,197.8,16.82
2025-03-01,Social Media,Festive Offer,First Touch,17656,910,19055.4,112,216384,15630,1,20.94,170.14,11.36
2025-06-13,Social Media,Summer Sale,Linear,35062,2179,65827.59,99,440055,23442,5,30.21,664.93,6.68
2025-04-13,Social Media,Summer Sale,Linear,15366,799,31320.8,135,336150,12189,3,39.2,232.01,10.73
2025-04-06,Display Ads,Festive Offer,Linear,26197,1480,55174.4,91,394576,22113,3,37.28,606.31,7.15
2025-04-03,Display Ads,App Install,Last Touch,5012,318,18796.98,37,122840,3059,3,59.11,508.03,6.54
2025-01-02,Email,New Product Launch,First Touch,25637,546,27704.04,72,167760,21889,5,50.74,384.78,6.06
2025-05-23,Social Media,Loyalty,First Touch,11179,248,6569.52,12,32436,10358,2,26.49,547.46,4.94
2025-03-01,Email,Winter Sale,First Touch,42387,1864,103880.72,261,1086543,31832,4,55.73,398.01,10.46
2025-02-14,Display Ads,Loyalty,First Touch,44009,2576,25605.44,389,1074418,24575,1,9.94,65.82,41.96
2025-03-27,Email,Festive Offer,Last Touch,12899,931,18424.49,119,436373,6542,4,19.79,154.83,23.68
2025-01-14,Email,Lead Gen,First Touch,25926,1358,21429.24,143,300872,15472,1,15.78,149.85,14.04
2025-06-22,Direct Traffic,Festive Offer,Last Touch,44002,2398,30406.64,227,1003340,34922,2,12.68,133.95,33.0
2025-02-03,Email,Discount Offer,Last Touch,42449,2747,100265.5,190,538080,37667,4,36.5,527.71,5.37
2025-06-28,Meta Ads,Retargeting,Last Touch,41654,1328,37927.68,153,535194,41011,5,28.56,247.89,14.11
2025-03-05,Meta Ads,Discount Offer,Last Touch,33184,1307,73270.42,56,221256,30144,4,56.06,1308.4,3.02
2025-04-04,Email,New Product Launch,Last Touch,27578,1534,14204.84,116,305312,23885,4,9.26,122.46,21.49
2025-06-09,Meta Ads,App Install,First Touch,20301,649,17808.56,93,144243,11991,1,27.44,191.49,8.1
2025-03-04,Social Media,Retargeting,Last Touch,5900,239,11906.98,18,56322,3043,3,49.82,661.5,4.73
2025-02-23,Direct Traffic,Lead Gen,First Touch,18356,968,45515.36,108,405108,11493,1,47.02,421.44,8.9
2025-04-07,Social Media,Lead Gen,First Touch,21741,656,14937.12,97,361907,15314,1,22.77,153.99,24.23
2025-04-30,Direct Traffic,Brand Awareness,First Touch,30470,1816,77143.68,303,810525,29395,1,42.48,254.6,10.51
2025-01-05,Email,Festive Offer,First Touch,29949,1512,67888.8,250,796250,29175,5,44.9,271.56,11.73
2025-05-17,Google Ads,Retargeting,First Touch,37810,2949,109584.84,403,548886,27011,5,37.16,271.92,5.01
2025-03-20,Email,App Install,Last Touch,15289,322,14032.76,26,63388,9578,5,43.58,539.72,4.52
2025-03-12,Google Ads,Winter Sale,Last Touch,6931,531,30452.85,33,85767,5074,2,57.35,922.81,2.82
2025-01-23,Direct Traffic,Festive Offer,Linear,49433,2805,113686.65,179,390936,43488,2,40.53,635.12,3.44
2025-04-20,Email,Loyalty,Last Touch,34436,1809,33918.75,91,310947,23847,2,18.75,372.73,9.17
2025-03-21,Direct Traffic,Lead Gen,First Touch,33184,2646,155426.04,136,477768,21770,3,58.74,1142.84,3.07
2025-01-18,Social Media,Lead Gen,Linear,12758,396,20457.36,20,26400,12649,3,51.66,1022.87,1.29
2025-04-16,Display Ads,Winter Sale,Last Touch,46736,3551,78974.24,521,852877,27678,2,22.24,151.58,10.8
2025-01-07,Social Media,Loyalty,Last Touch,44688,2414,48304.14,156,626340,23198,3,20.01,309.64,12.97
2025-01-21,Direct Traffic,App Install,First Touch,37920,2683,86875.54,341,665973,31656,4,32.38,254.77,7.67
2025-05-02,Meta Ads,Retargeting,First Touch,19829,434,20727.84,13,29965,16681,2,47.76,1594.45,1.45
2025-06-21,Meta Ads,New Product Launch,First Touch,16604,1255,74358.75,200,641200,13625,4,59.25,371.79,8.62
2025-03-05,Display Ads,Festive Offer,First Touch,44841,2875,79867.5,221,818584,41161,5,27.78,361.39,10.25
2025-05-18,Social Media,Brand Awareness,Linear,12164,572,29172.0,20,44120,10331,5,51.0,1458.6,1.51
2025-04-12,Direct Traffic,Brand Awareness,Linear,30388,1548,63142.92,57,136344,22395,4,40.79,1107.77,2.16
2025-03-19,Email,App Install,First Touch,32686,1231,68677.49,164,292248,23938,4,55.79,418.77,4.26
2025-01-24,Direct Traffic,Lead Gen,First Touch,16781,1119,63525.63,150,263100,14830,4,56.77,423.5,4.14
2025-03-24,Display Ads,Brand Awareness,First Touch,34732,1924,86695.44,115,352130,20321,3,45.06,753.87,4.06
2025-03-24,Direct Traffic,Retargeting,Linear,13096,333,14891.76,41,63509,10839,4,44.72,363.21,4.26
2025-05-11,Social Media,Retargeting,Last Touch,41067,1759,84344.05,293,1030188,25451,2,47.95,287.86,12.21
2025-02-07,Meta Ads,Brand Awareness,Last Touch,25189,971,46578.87,94,353910,15554,1,47.97,495.52,7.6
2025-02-03,Meta Ads,Brand Awareness,Linear,21587,447,15144.36,46,56258,20754,4,33.88,329.23,3.71
2025-03-02,Meta Ads,Loyalty,Linear,36176,1708,52913.84,205,251330,26106,5,30.98,258.12,4.75
2025-03-13,Social Media,Lead Gen,First Touch,8205,255,2769.3,21,37695,4367,5,10.86,131.87,13.61
2025-06-04,Email,Summer Sale,First Touch,8213,217,12948.39,11,26004,5559,4,59.67,1177.13,2.01
2025-05-29,Email,Brand Awareness,First Touch,24614,969,52975.23,148,637288,19308,5,54.67,357.94,12.03
2025-01-17,Email,App Install,First Touch,12996,801,17838.27,87,291276,8217,2,22.27,205.04,16.33
2025-06-06,Google Ads,Discount Offer,Linear,46220,2391,30030.96,331,1217087,32520,4,12.56,90.73,40.53
2025-06-05,Email,Winter Sale,Linear,42692,3402,89812.8,168,588672,37611,5,26.4,534.6,6.55
2025-06-11,Display Ads,App Install,First Touch,44938,1526,35265.86,90,151560,23254,4,23.11,391.84,4.3
2025-06-10,Google Ads,New Product Launch,Linear,32173,1442,36569.12,164,625004,19564,1,25.36,222.98,17.09
2025-06-13,Meta Ads,Winter Sale,Last Touch,9445,363,12469.05,28,34300,5654,3,34.35,445.32,2.75
2025-03-29,Display Ads,Loyalty,Linear,6908,483,8737.47,74,292596,5416,4,18.09,118.07,33.49
2025-01-10,Direct Traffic,Retargeting,Last Touch,15183,875,47591.25,96,246912,11379,4,54.39,495.74,5.19
2025-01-15,Social Media,Winter Sale,Linear,49446,1924,69013.88,117,468819,35592,3,35.87,589.86,6.79
2025-01-17,Meta Ads,Winter Sale,First Touch,27226,2151,87287.58,336,1188768,23536,4,40.58,259.78,13.62
2025-02-17,Social Media,Discount Offer,Last Touch,25611,1603,35458.36,68,147764,18893,4,22.12,521.45,4.17
2025-03-19,Meta Ads,Lead Gen,Last Touch,16469,440,21480.8,64,101056,15504,5,48.82,335.64,4.7
2025-01-07,Display Ads,Lead Gen,First Touch,17465,705,23363.7,113,279223,14095,2,33.14,206.76,11.95
2025-01-26,Social Media,Retargeting,First Touch,7395,351,15833.61,38,46208,4970,1,45.11,416.67,2.92
2025-06-25,Social Media,Discount Offer,Last Touch,35597,2611,34882.96,378,1607634,28037,1,13.36,92.28,46.09
2025-05-28,Email,New Product Launch,Last Touch,18143,572,12807.08,44,132264,10998,3,22.39,291.07,10.33
2025-02-08,Meta Ads,Winter Sale,First Touch,5999,464,17214.4,21,71862,4433,5,37.1,819.73,4.17
2025-03-23,Email,Retargeting,Linear,23564,1282,21678.62,98,253526,20638,4,16.91,221.21,11.69
2025-01-13,Meta Ads,Brand Awareness,Last Touch,49269,1134,31695.3,48,134640,30498,5,27.95,660.32,4.25
2025-06-01,Direct Traffic,App Install,Linear,28306,1096,55358.96,150,592050,27412,5,50.51,369.06,10.69
2025-01-21,Display Ads,Loyalty,First Touch,11089,762,42534.84,76,233016,8086,4,55.82,559.67,5.48
2025-05-01,Meta Ads,New Product Launch,First Touch,45431,1612,43362.8,92,361008,33539,3,26.9,471.33,8.33
2025-04-27,Display Ads,Brand Awareness,First Touch,36151,967,31804.63,151,355756,29498,5,32.89,210.63,11.19
2025-05-28,Meta Ads,Lead Gen,First Touch,31587,2181,107806.83,172,663920,16955,3,49.43,626.78,6.16
2025-05-17,Display Ads,Festive Offer,Linear,32095,1101,22757.67,59,187325,22335,1,20.67,385.72,8.23
2025-03-29,Meta Ads,Loyalty,Last Touch,33531,1811,46705.69,242,461736,19317,5,25.79,193.0,9.89
2025-05-05,Google Ads,Loyalty,Linear,35337,1396,18259.68,135,332235,30965,1,13.08,135.26,18.2
2025-06-03,Google Ads,Loyalty,Last Touch,26457,1313,55579.29,57,100833,22743,1,42.33,975.08,1.81
2025-02-07,Direct Traffic,Retargeting,Last Touch,39816,1492,59694.92,144,294048,30282,3,40.01,414.55,4.93
2025-05-26,Direct Traffic,Winter Sale,Last Touch,27561,2188,83800.4,266,875140,20402,2,38.3,315.04,10.44
2025-03-17,Google Ads,Summer Sale,Linear,8481,170,6310.4,30,49470,6551,1,37.12,210.35,7.84
2025-03-02,Display Ads,Loyalty,Last Touch,45974,1797,50154.27,156,535392,29908,2,27.91,321.5,10.67
2025-05-02,Meta Ads,New Product Launch,Linear,30204,2132,56988.36,197,469057,29400,2,26.73,289.28,8.23
2025-02-04,Google Ads,Discount Offer,Linear,6029,172,9289.72,22,38632,3360,2,54.01,422.26,4.16
2025-06-14,Display Ads,App Install,Linear,44611,3382,136666.62,331,972147,40394,4,40.41,412.89,7.11
2025-04-09,Email,New Product Launch,First Touch,32837,1847,70278.35,290,629010,25240,4,38.05,242.34,8.95
2025-05-20,Social Media,Summer Sale,First Touch,7481,404,18038.6,18,57096,6568,1,44.65,1002.14,3.17
2025-02-06,Direct Traffic,Lead Gen,Last Touch,35470,1809,63694.89,219,482676,33216,1,35.21,290.84,7.58
2025-06-25,Direct Traffic,Lead Gen,Linear,25479,1446,79515.54,159,197796,20420,4,54.99,500.1,2.49
2025-05-12,Display Ads,Loyalty,Linear,26726,1209,70061.55,181,431504,16107,1,57.95,387.08,6.16
2025-06-27,Social Media,Winter Sale,Linear,41943,1494,60835.68,174,617004,22662,3,40.72,349.63,10.14
2025-06-09,Google Ads,Winter Sale,Last Touch,10407,287,3444.0,42,93744,6288,5,12.0,82.0,27.22
2025-03-13,Email,Winter Sale,First Touch,12310,692,38288.36,97,378203,9813,3,55.33,394.73,9.88
2025-02-14,Email,New Product Launch,Last Touch,16849,1145,60478.9,93,143685,10800,5,52.82,650.31,2.38
2025-02-09,Display Ads,Festive Offer,Last Touch,20594,1228,56181.0,67,238922,15950,1,45.75,838.52,4.25
2025-06-14,Email,Discount Offer,First Touch,15983,764,25028.64,77,329637,15547,5,32.76,325.05,13.17
2025-03-01,Display Ads,Festive Offer,Last Touch,22211,637,33920.25,20,89300,18458,4,53.25,1696.01,2.63
2025-06-23,Email,Lead Gen,Linear,7688,198,7054.74,16,47488,6344,3,35.63,440.92,6.73
2025-03-27,Email,Winter Sale,First Touch,21734,1287,36473.58,187,798116,14828,5,28.34,195.05,21.88
2025-02-19,Social Media,Summer Sale,Linear,16791,651,5566.05,20,29560,8590,4,8.55,278.3,5.31
2025-01-26,Social Media,Discount Offer,Linear,34225,1406,64268.26,95,127205,17888,5,45.71,676.51,1.98
2025-01-24,Google Ads,Loyalty,Linear,19209,1479,60905.22,201,339891,11019,5,41.18,303.01,5.58
2025-02-03,Display Ads,Loyalty,First Touch,12264,757,16025.69,75,113250,11364,4,21.17,213.68,7.07
2025-03-12,Display Ads,Summer Sale,Last Touch,15614,1043,23384.06,41,114431,10532,1,22.42,570.34,4.89
2025-03-08,Email,Retargeting,Last Touch,9548,472,26568.88,57,110010,8804,1,56.29,466.12,4.14
2025-02-06,Social Media,Festive Offer,First Touch,45236,2650,146969.0,363,589149,23760,1,55.46,404.87,4.01
2025-01-19,Social Media,Winter Sale,Last Touch,6229,459,7224.66,57,77178,5836,4,15.74,126.75,10.68
2025-03-10,Meta Ads,Summer Sale,Last Touch,42659,862,38617.6,125,394750,35617,4,44.8,308.94,10.22
2025-01-18,Social Media,New Product Launch,First Touch,30193,2332,117835.96,238,838474,23866,3,50.53,495.11,7.12
2025-03-27,Direct Traffic,Winter Sale,Last Touch,8617,499,28872.14,21,71169,7093,1,57.86,1374.86,2.46
2025-04-28,Email,New Product Launch,First Touch,41338,924,25853.52,54,218700,33451,1,27.98,478.77,8.46
2025-06-11,Direct Traffic,Summer Sale,Last Touch,10561,772,23762.16,45,60570,6861,1,30.78,528.05,2.55
2025-06-01,Meta Ads,App Install,Last Touch,9128,616,25539.36,64,194560,4698,1,41.46,399.05,7.62
2025-03-28,Google Ads,Summer Sale,Linear,7805,345,6558.45,44,147048,5779,5,19.01,149.06,22.42
2025-02-08,Direct Traffic,Loyalty,First Touch,9720,215,3302.4,27,84510,5235,2,15.36,122.31,25.59
2025-06-29,Direct Traffic,Retargeting,First Touch,16288,944,51957.76,144,230112,11881,5,55.04,360.82,4.43
2025-02-13,Social Media,Discount Offer,First Touch,12482,621,30776.76,39,175305,7901,4,49.56,789.15,5.7
2025-03-28,Direct Traffic,Festive Offer,Last Touch,12916,1014,38481.3,51,226848,8204,1,37.95,754.54,5.9
2025-06-01,Meta Ads,Summer Sale,First Touch,12913,470,22273.3,25,67875,10989,2,47.39,890.93,3.05
2025-04-23,Meta Ads,Loyalty,First Touch,13740,357,18585.42,43,188555,8162,1,52.06,432.22,10.15
2025-05-05,Google Ads,Brand Awareness,First Touch,16758,1266,56653.5,150,354300,15198,4,44.75,377.69,6.25
2025-06-27,Meta Ads,New Product Launch,First Touch,46931,1701,53445.42,112,214368,43471,1,31.42,477.19,4.01
2025-06-02,Meta Ads,App Install,Linear,10768,620,30187.8,50,60900,9952,2,48.69,603.76,2.02
2025-02-19,Google Ads,Lead Gen,First Touch,45561,1900,90402.0,210,440580,37991,2,47.58,430.49,4.87
2025-03-12,Google Ads,New Product Launch,First Touch,14779,903,52708.11,91,174902,8697,1,58.37,579.21,3.32
2025-01-14,Direct Traffic,Summer Sale,Last Touch,18735,863,21902.94,130,559780,16791,1,25.38,168.48,25.56
2025-01-27,Direct Traffic,Brand Awareness,Linear,16526,487,4631.37,52,77480,12118,4,9.51,89.06,16.73
2025-06-01,Social Media,Summer Sale,Last Touch,18025,1168,63912.96,75,123825,14355,2,54.72,852.17,1.94
2025-01-26,Meta Ads,Festive Offer,First Touch,29610,2175,25708.5,256,364032,29394,4,11.82,100.42,14.16
2025-02-07,Meta Ads,Loyalty,Last Touch,16669,720,10864.8,99,375012,14209,3,15.09,109.75,34.52
2025-02-21,Email,Retargeting,First Touch,42268,996,15039.6,157,483246,34838,2,15.1,95.79,32.13
2025-03-29,Meta Ads,Winter Sale,Linear,15275,1029,42374.22,125,237000,12372,5,41.18,338.99,5.59
2025-02-28,Google Ads,Festive Offer,Linear,37061,2658,51193.08,268,829460,27677,1,19.26,191.02,16.2
2025-04-20,Direct Traffic,New Product Launch,First Touch,26449,1218,23836.26,205,371050,22623,1,19.57,116.27,15.57
2025-04-17,Google Ads,Brand Awareness,Last Touch,38044,837,29813.94,85,379780,22233,4,35.62,350.75,12.74
2025-05-07,Meta Ads,Discount Offer,Linear,5814,358,10432.12,22,58696,4118,2,29.14,474.19,5.63
2025-06-15,Google Ads,Brand Awareness,Last Touch,48845,1870,83345.9,296,1260960,43547,1,44.57,281.57,15.13
2025-04-27,Display Ads,Retargeting,Linear,31565,981,52306.92,121,494043,26159,1,53.32,432.29,9.45
2025-06-10,Google Ads,Festive Offer,Linear,26817,1390,32553.8,198,803682,23443,5,23.42,164.41,24.69
2025-05-28,Meta Ads,Discount Offer,Linear,27000,1731,18781.35,297,1177011,19463,1,10.85,63.24,62.67
2025-01-29,Display Ads,Summer Sale,Last Touch,45575,1023,27672.15,130,531310,24982,5,27.05,212.86,19.2
2025-02-22,Meta Ads,Summer Sale,First Touch,40365,1082,35576.16,184,657984,27056,2,32.88,193.35,18.5
2025-03-24,Email,Winter Sale,Linear,49579,2249,24356.67,193,589229,40721,5,10.83,126.2,24.19
2025-05-15,Google Ads,App Install,Linear,39858,2419,86382.49,178,666254,31992,1,35.71,485.29,7.71
2025-02-18,Display Ads,Discount Offer,First Touch,30603,2260,51980.0,392,645624,18000,3,23.0,132.6,12.42
2025-01-29,Direct Traffic,Retargeting,Last Touch,14863,1077,37781.16,133,319200,10843,5,35.08,284.07,8.45
2025-02-03,Display Ads,Summer Sale,Last Touch,34088,2190,19972.8,127,163830,24656,5,9.12,157.27,8.2
2025-06-15,Email,Festive Offer,Linear,27465,1629,79674.39,167,655809,25149,5,48.91,477.09,8.23
2025-05-21,Display Ads,App Install,Last Touch,42175,1177,57731.85,65,147160,28518,4,49.05,888.18,2.55
2025-04-06,Email,Brand Awareness,First Touch,28142,1043,60201.96,128,237824,25733,5,57.72,470.33,3.95
2025-03-15,Meta Ads,Retargeting,Linear,48670,3293,53972.27,156,389376,43161,2,16.39,345.98,7.21
2025-04-23,Email,Summer Sale,First Touch,18445,991,9711.8,76,198208,11645,3,9.8,127.79,20.41
2025-04-25,Social Media,Retargeting,Linear,24763,675,6277.5,114,495558,14762,4,9.3,55.07,78.94
2025-03-23,Meta Ads,Brand Awareness,Linear,40792,3203,80811.69,435,1366335,29893,5,25.23,185.77,16.91
2025-06-20,Meta Ads,Loyalty,Linear,33973,1369,18946.96,139,189596,21554,5,13.84,136.31,10.01
2025-01-30,Email,Brand Awareness,Last Touch,45469,3203,99901.57,140,199500,42661,2,31.19,713.58,2.0
2025-05-30,Social Media,New Product Launch,Last Touch,17826,380,13680.0,36,142200,10344,5,36.0,380.0,10.39
2025-04-11,Meta Ads,App Install,Last Touch,44529,2507,143049.42,416,1114048,35291,2,57.06,343.87,7.79
2025-04-20,Email,Festive Offer,Last Touch,5798,214,5621.78,37,129389,3257,2,26.27,151.94,23.02
2025-04-24,Direct Traffic,Festive Offer,Last Touch,23915,713,32698.18,117,489528,18743,2,45.86,279.47,14.97
2025-05-31,Social Media,Discount Offer,First Touch,18617,711,42233.4,77,198121,10391,5,59.4,548.49,4.69
2025-04-07,Google Ads,Brand Awareness,Last Touch,46864,3508,103661.4,397,1631273,42041,2,29.55,261.11,15.74
2025-02-21,Meta Ads,Festive Offer,Last Touch,41298,2041,103662.39,153,550341,30607,4,50.79,677.53,5.31
2025-05-24,Direct Traffic,App Install,First Touch,6758,455,7284.55,34,129982,5986,4,16.01,214.25,17.84
2025-02-01,Direct Traffic,Winter Sale,Last Touch,16755,829,36285.33,55,92840,12918,4,43.77,659.73,2.56
2025-01-18,Social Media,Summer Sale,Linear,36489,1968,104599.2,244,768356,22162,3,53.15,428.69,7.35
2025-05-12,Direct Traffic,Loyalty,First Touch,22009,655,7231.2,51,205989,13223,3,11.04,141.79,28.49
2025-02-11,Google Ads,Winter Sale,Last Touch,32493,1890,108996.3,70,167580,24923,1,57.67,1557.09,1.54
2025-05-12,Meta Ads,Retargeting,First Touch,44240,2882,104530.14,463,1854315,31985,3,36.27,225.77,17.74
2025-06-25,Direct Traffic,Summer Sale,First Touch,40023,2193,111426.33,70,232540,29232,3,50.81,1591.8,2.09
2025-05-05,Display Ads,Summer Sale,First Touch,11712,387,13227.66,59,262904,10432,5,34.18,224.2,19.88
2025-06-26,Social Media,Lead Gen,Linear,41117,2554,127010.42,236,356832,24377,2,49.73,538.18,2.81
2025-01-05,Display Ads,Summer Sale,Last Touch,28761,815,25248.7,145,484590,26890,3,30.98,174.13,19.19
2025-02-14,Direct Traffic,Winter Sale,First Touch,12772,425,22333.75,21,44688,8904,2,52.55,1063.51,2.0
2025-02-23,Meta Ads,Discount Offer,Last Touch,12321,303,14628.84,43,59082,7768,1,48.28,340.21,4.04
2025-01-09,Direct Traffic,Lead Gen,Linear,8884,427,23587.48,15,36525,4526,1,55.24,1572.5,1.55
2025-02-01,Social Media,New Product Launch,Linear,18108,562,14769.36,24,102144,13598,5,26.28,615.39,6.92
2025-03-31,Email,Retargeting,Linear,45170,1558,58658.7,69,246192,23043,5,37.65,850.13,4.2
2025-02-25,Direct Traffic,New Product Launch,Last Touch,16257,1204,43259.72,211,338444,15699,2,35.93,205.02,7.82
2025-05-10,Direct Traffic,App Install,Last Touch,43625,1357,58378.14,62,164486,34251,4,43.02,941.58,2.82
2025-02-24,Social Media,New Product Launch,Last Touch,12395,814,19812.76,81,269568,7310,4,24.34,244.6,13.61
2025-04-03,Direct Traffic,Winter Sale,Linear,7661,191,6430.97,16,49136,6289,3,33.67,401.94,7.64
2025-06-25,Display Ads,New Product Launch,Linear,31691,1186,62241.28,69,102465,30504,4,52.48,902.05,1.65
2025-06-23,Email,Retargeting,First Touch,49181,2434,32785.98,232,904104,46758,1,13.47,141.32,27.58
2025-01-31,Meta Ads,Festive Offer,Last Touch,43702,3437,159992.35,563,1064633,23971,3,46.55,284.18,6.65
2025-02-20,Email,New Product Launch,Linear,31495,861,44410.38,119,278460,28277,5,51.58,373.2,6.27
2025-06-01,Email,Festive Offer,Last Touch,36183,2171,124637.11,386,1271484,27229,2,57.41,322.89,10.2
2025-04-27,Google Ads,Discount Offer,Last Touch,37069,1847,75135.96,92,147844,20265,1,40.68,816.7,1.97
2025-05-08,Direct Traffic,Brand Awareness,First Touch,30076,1692,42300.0,127,476504,16616,1,25.0,333.07,11.26
2025-06-19,Social Media,App Install,Last Touch,18233,685,23214.65,72,246312,14745,5,33.89,322.43,10.61
2025-05-20,Google Ads,Brand Awareness,Last Touch,12807,550,13398.0,47,144854,6697,1,24.36,285.06,10.81
2025-02-15,Social Media,Winter Sale,Linear,15757,779,11677.21,107,341972,14136,1,14.99,109.13,29.29
2025-05-26,Direct Traffic,App Install,Linear,41292,2523,95243.25,255,469200,37249,1,37.75,373.5,4.93
2025-04-11,Email,App Install,Linear,29759,1696,44672.64,299,751088,15885,1,26.34,149.41,16.81
2025-06-01,Google Ads,Retargeting,Last Touch,27863,1910,73286.7,276,1037760,19522,4,38.37,265.53,14.16
2025-01-25,Display Ads,Summer Sale,Last Touch,31996,1314,55687.32,88,339152,21111,5,42.38,632.81,6.09
2025-01-22,Direct Traffic,Discount Offer,Last Touch,12501,503,4542.09,39,120393,11638,4,9.03,116.46,26.51
2025-05-26,Social Media,Festive Offer,Last Touch,6337,391,15084.78,69,189543,5504,4,38.58,218.62,12.57
2025-03-24,Social Media,Discount Offer,Last Touch,11557,710,13284.1,74,320642,11245,3,18.71,179.51,24.14
2025-02-12,Social Media,Winter Sale,Last Touch,33573,1077,44200.08,189,285012,23800,3,41.04,233.86,6.45
2025-03-09,Google Ads,Winter Sale,Linear,31347,2140,86627.2,371,1535569,29504,5,40.48,233.5,17.73
2025-01-25,Social Media,Summer Sale,Last Touch,9408,507,18059.34,47,123234,5332,3,35.62,384.24,6.82
2025-05-10,Email,Festive Offer,Linear,40386,1567,46289.18,106,350860,35044,5,29.54,436.69,7.58
2025-02-16,Google Ads,Lead Gen,First Touch,42804,2138,90565.68,328,1021392,30181,5,42.36,276.11,11.28
2025-06-07,Display Ads,Loyalty,Linear,46075,1087,20033.41,108,235872,27967,3,18.43,185.49,11.77
2025-04-22,Display Ads,Summer Sale,First Touch,46545,1499,44145.55,230,884580,28534,3,29.45,191.94,20.04
2025-06-25,Social Media,New Product Launch,Last Touch,20629,553,9942.94,36,88956,17918,4,17.98,276.19,8.95
2025-05-24,Display Ads,Festive Offer,Linear,7425,238,5278.84,8,35472,7003,3,22.18,659.86,6.72
2025-06-18,Social Media,Retargeting,Linear,7767,604,20089.04,19,29317,5168,5,33.26,1057.32,1.46
2025-03-18,Google Ads,Festive Offer,Last Touch,49018,2913,36995.1,499,2078834,29114,2,12.7,74.14,56.19
2025-01-29,Social Media,Lead Gen,First Touch,39207,2346,89570.28,343,1149393,27854,4,38.18,261.14,12.83
2025-01-24,Meta Ads,Loyalty,First Touch,25539,1015,38955.7,89,379585,24958,2,38.38,437.7,9.74
2025-04-19,Meta Ads,Retargeting,First Touch,16478,541,12053.48,49,177086,9155,4,22.28,245.99,14.69
2025-05-17,Email,Discount Offer,Last Touch,40765,1851,80518.5,322,1420664,25130,3,43.5,250.06,17.64
2025-05-02,Direct Traffic,Summer Sale,Last Touch,6381,374,20596.18,13,54964,5902,1,55.07,1584.32,2.67
2025-06-26,Direct Traffic,New Product Launch,Last Touch,41223,1775,73183.25,239,957434,24610,5,41.23,306.21,13.08
2025-03-02,Display Ads,Festive Offer,First Touch,30754,2326,129627.98,174,748026,19234,3,55.73,744.99,5.77
2025-02-23,Meta Ads,App Install,Linear,25786,1876,89804.12,170,227460,17382,1,47.87,528.26,2.53
2025-05-06,Display Ads,Festive Offer,Last Touch,32680,2372,120141.8,364,1477840,20615,5,50.65,330.06,12.3
2025-01-17,Email,Festive Offer,Linear,40895,2628,82965.96,89,125757,26467,4,31.57,932.2,1.52
2025-06-14,Meta Ads,Brand Awareness,Last Touch,18112,1045,25403.95,44,81224,13145,5,24.31,577.36,3.2
2025-06-16,Meta Ads,Loyalty,Linear,31890,2154,53009.94,219,922209,18132,3,24.61,242.05,17.4
2025-02-14,Direct Traffic,Loyalty,Last Touch,23467,749,22132.95,42,115290,21078,2,29.55,526.98,5.21
2025-01-06,Google Ads,Lead Gen,Linear,45108,2598,143305.68,457,919484,31132,2,55.16,313.58,6.42
2025-01-13,Display Ads,Loyalty,Last Touch,44347,1579,19942.77,134,472082,26018,1,12.63,148.83,23.67
2025-05-15,Display Ads,App Install,Linear,37384,1013,45696.43,59,259777,27414,3,45.11,774.52,5.68
2025-05-07,Display Ads,Retargeting,Last Touch,18540,1038,62020.5,75,297975,12372,4,59.75,826.94,4.8
2025-02-16,Display Ads,Retargeting,First Touch,24018,1887,38211.75,184,407928,18065,5,20.25,207.67,10.68
2025-06-25,Direct Traffic,App Install,First Touch,5676,273,14556.36,48,135744,5651,2,53.32,303.26,9.33
2025-04-09,Direct Traffic,Festive Offer,Linear,44137,1561,20214.95,60,153780,29763,4,12.95,336.92,7.61
2025-04-01,Social Media,Loyalty,Linear,7982,162,5546.88,14,39424,6740,3,34.24,396.21,7.11
2025-02-03,Social Media,Brand Awareness,Linear,16755,596,20377.24,101,314817,10538,1,34.19,201.75,15.45
2025-03-23,Direct Traffic,Lead Gen,Last Touch,14292,509,12363.61,89,288716,14286,3,24.29,138.92,23.35
2025-04-03,Display Ads,Winter Sale,Last Touch,45169,3151,177054.69,338,1008592,27990,3,56.19,523.83,5.7
2025-05-06,Meta Ads,Lead Gen,Linear,46723,3172,34162.44,165,353265,29362,1,10.77,207.05,10.34
2025-05-01,Email,Retargeting,Linear,35614,1644,98229.0,277,378659,32274,3,59.75,354.62,3.85
2025-05-24,Display Ads,App Install,Last Touch,12372,875,46445.0,42,66486,7854,3,53.08,1105.83,1.43
2025-02-16,Meta Ads,Lead Gen,Last Touch,41912,3078,118379.88,361,438976,38192,5,38.46,327.92,3.71
2025-02-16,Display Ads,Discount Offer,First Touch,37644,2281,123493.34,77,307230,22819,4,54.14,1603.81,2.49
2025-04-06,Social Media,Discount Offer,Last Touch,15077,327,10441.11,44,139260,11257,3,31.93,237.3,13.34
2025-06-02,Direct Traffic,Brand Awareness,Last Touch,7873,467,26829.15,36,151056,6943,5,57.45,745.25,5.63
2025-02-03,Meta Ads,Brand Awareness,Linear,23543,927,10095.03,37,135642,18019,1,10.89,272.84,13.44
2025-04-13,Email,Retargeting,First Touch,31143,789,41280.48,42,184464,22163,3,52.32,982.87,4.47
2025-06-15,Direct Traffic,Retargeting,First Touch,24565,1214,37002.72,183,452010,23504,5,30.48,202.2,12.22
2025-02-03,Email,Discount Offer,Last Touch,38597,1234,38451.44,108,248292,37748,5,31.16,356.03,6.46
2025-04-19,Google Ads,Festive Offer,Last Touch,45230,1410,57528.0,61,201422,33813,4,40.8,943.08,3.5
2025-06-23,Meta Ads,Retargeting,Last Touch,39555,2285,80614.8,168,502488,22371,4,35.28,479.85,6.23
2025-03-18,Meta Ads,Retargeting,Linear,24687,1740,61248.0,129,179955,21370,1,35.2,474.79,2.94
2025-01-12,Social Media,Discount Offer,Linear,32847,1470,47275.2,202,451874,28070,3,32.16,234.04,9.56
2025-05-30,Google Ads,Lead Gen,First Touch,12466,803,25752.21,118,331462,6603,1,32.07,218.24,12.87
2025-04-17,Direct Traffic,Winter Sale,Last Touch,43483,2758,130674.04,268,612380,32925,2,47.38,487.59,4.69
2025-02-24,Meta Ads,Discount Offer,Linear,44587,1585,68186.7,150,190950,22484,4,43.02,454.58,2.8
2025-01-30,Google Ads,Retargeting,Linear,36268,1726,50157.56,222,943056,34082,3,29.06,225.93,18.8
2025-06-08,Social Media,Summer Sale,Linear,49158,3823,164809.53,576,897408,28677,2,43.11,286.13,5.45
2025-01-04,Meta Ads,Discount Offer,First Touch,17335,1240,23411.2,157,606177,12628,4,18.88,149.12,25.89
2025-06-10,Social Media,New Product Launch,First Touch,24720,1636,25685.2,152,254904,15081,2,15.7,168.98,9.92
2025-06-29,Display Ads,App Install,Last Touch,6286,450,17293.5,27,95364,4747,1,38.43,640.5,5.51
2025-03-27,Google Ads,Discount Offer,Linear,33297,2622,136684.86,368,1339520,26176,1,52.13,371.43,9.8
2025-05-05,Display Ads,App Install,Linear,43734,2776,157204.88,460,1471080,29466,1,56.63,341.75,9.36
2025-05-16,Google Ads,Festive Offer,Linear,25699,1367,29978.31,173,542874,14764,4,21.93,173.29,18.11
2025-06-09,Direct Traffic,Summer Sale,Last Touch,33588,713,16384.74,41,106928,31150,2,22.98,399.63,6.53
2025-05-10,Meta Ads,Loyalty,Linear,27226,2050,107379.0,281,876158,15761,3,52.38,382.13,8.16
2025-04-10,Display Ads,Summer Sale,Last Touch,15618,895,20307.55,127,499364,11764,2,22.69,159.9,24.59
2025-02-14,Meta Ads,Retargeting,Linear,37255,970,28741.1,173,422639,26318,2,29.63,166.13,14.71
2025-05-23,Google Ads,Brand Awareness,Last Touch,22092,915,14868.75,141,459942,11569,1,16.25,105.45,30.93
2025-03-28,Display Ads,Discount Offer,Linear,19856,540,10611.0,37,95941,15748,1,19.65,286.78,9.04
2025-05-23,Email,Retargeting,Linear,38776,2181,29269.02,81,242433,34367,1,13.42,361.35,8.28
2025-01-28,Social Media,Loyalty,First Touch,41862,942,12698.16,117,238797,32781,2,13.48,108.53,18.81
2025-03-16,Direct Traffic,App Install,Linear,37662,2408,31689.28,305,783850,23345,1,13.16,103.9,24.74
2025-02-21,Display Ads,Festive Offer,First Touch,21077,1477,48194.51,107,203407,11934,3,32.63,450.42,4.22
2025-04-06,Direct Traffic,Festive Offer,Last Touch,46251,2770,43987.6,396,1159092,30602,2,15.88,111.08,26.35
2025-04-20,Display Ads,Festive Offer,Last Touch,38826,2627,70429.87,90,161640,19738,5,26.81,782.55,2.3
2025-01-18,Google Ads,Summer Sale,Last Touch,31322,2471,40870.34,96,413664,16268,2,16.54,425.73,10.12
2025-05-28,Google Ads,Lead Gen,Last Touch,32479,1432,62163.12,161,393806,28060,3,43.41,386.11,6.34
2025-03-30,Google Ads,Winter Sale,Linear,45003,3385,150361.7,328,669120,40340,5,44.42,458.42,4.45
2025-06-08,Direct Traffic,App Install,Linear,27626,2023,98398.72,183,367464,18753,1,48.64,537.7,3.73
2025-01-10,Social Media,Summer Sale,Last Touch,13257,679,24525.48,42,138390,11148,3,36.12,583.94,5.64
2025-05-14,Email,Retargeting,First Touch,6827,501,18076.08,34,148580,4657,4,36.08,531.65,8.22
2025-05-10,Google Ads,Brand Awareness,Last Touch,22023,1268,33513.24,47,181702,13054,4,26.43,713.05,5.42
2025-03-18,Social Media,Brand Awareness,Last Touch,27215,2149,107192.12,383,1346628,25315,5,49.88,279.87,12.56
2025-06-02,Meta Ads,Summer Sale,Last Touch,23647,1419,71489.22,164,290772,23526,4,50.38,435.91,4.07
2025-05-14,Direct Traffic,New Product Launch,First Touch,26485,1350,24313.5,198,605880,14847,2,18.01,122.8,24.92
2025-04-19,Display Ads,Discount Offer,First Touch,9075,412,6081.12,25,37975,7562,5,14.76,243.24,6.24
2025-04-14,Social Media,Lead Gen,Linear,30872,2232,85664.16,280,840560,26724,4,38.38,305.94,9.81
2025-04-17,Meta Ads,Retargeting,Linear,13331,654,20797.2,114,376428,10999,1,31.8,182.43,18.1
2025-06-27,Meta Ads,App Install,Last Touch,7136,462,26375.58,39,65754,6032,4,57.09,676.3,2.49
2025-01-29,Google Ads,Summer Sale,Linear,23978,537,8575.89,46,125718,16957,3,15.97,186.43,14.66
2025-05-05,Google Ads,Retargeting,First Touch,43641,1977,112115.67,149,351789,28884,2,56.71,752.45,3.14
2025-05-06,Google Ads,Discount Offer,Linear,27849,669,6904.08,68,167824,23193,4,10.32,101.53,24.31
2025-03-28,Display Ads,App Install,Linear,44695,1250,19000.0,156,673764,37090,4,15.2,121.79,35.46
2025-02-08,Direct Traffic,Summer Sale,First Touch,45944,2750,80575.0,178,501782,34080,5,29.3,452.67,6.23
2025-01-12,Direct Traffic,App Install,Linear,23178,1361,72173.83,185,655270,21912,3,53.03,390.13,9.08
2025-05-24,Direct Traffic,Discount Offer,Linear,41657,1045,60265.15,116,499148,22560,5,57.67,519.53,8.28
2025-05-14,Meta Ads,App Install,Linear,6223,169,9578.92,9,11493,4237,2,56.68,1064.32,1.2
2025-03-04,Direct Traffic,Loyalty,Last Touch,10547,721,28522.76,65,89960,9299,1,39.56,438.81,3.15
2025-03-29,Display Ads,Retargeting,Last Touch,6576,470,11515.0,32,53408,3694,5,24.5,359.84,4.64
2025-02-13,Email,Retargeting,First Touch,21748,1437,23020.74,248,986792,13646,1,16.02,92.83,42.87
2025-06-07,Email,Retargeting,First Touch,8833,334,4385.42,17,42959,6528,4,13.13,257.97,9.8
2025-01-31,Google Ads,New Product Launch,First Touch,44125,2434,81855.42,347,963619,25832,3,33.63,235.89,11.77
2025-01-16,Email,App Install,Linear,31678,757,7191.5,94,119944,20248,5,9.5,76.51,16.68
2025-05-31,Direct Traffic,Discount Offer,First Touch,41353,2443,35496.79,281,850306,23425,5,14.53,126.32,23.95
2025-02-22,Meta Ads,Summer Sale,Linear,16022,1072,38538.4,100,347300,11711,1,35.95,385.38,9.01
2025-01-01,Display Ads,Loyalty,Last Touch,47798,3743,30056.29,636,2019300,32854,5,8.03,47.26,67.18
2025-03-06,Direct Traffic,Festive Offer,Last Touch,46432,1521,78666.12,109,202849,40717,5,51.72,721.71,2.58
2025-01-18,Email,Discount Offer,Last Touch,13059,911,41632.7,163,483947,8256,5,45.7,255.42,11.62
2025-05-10,Email,Summer Sale,Linear,22128,1743,78086.4,123,481176,16333,3,44.8,634.85,6.16
2025-02-23,Display Ads,Loyalty,Last Touch,6040,452,6757.4,76,280668,4971,1,14.95,88.91,41.53
2025-01-03,Direct Traffic,Retargeting,Last Touch,41424,3053,136072.21,440,1497760,23371,1,44.57,309.26,11.01
2025-05-18,Google Ads,App Install,Linear,13088,538,27039.88,82,218612,9712,2,50.26,329.75,8.08
2025-06-28,Google Ads,Discount Offer,Last Touch,29279,2230,69397.6,140,179340,27064,3,31.12,495.7,2.58
2025-06-24,Direct Traffic,Summer Sale,First Touch,10896,751,30423.01,113,237865,7367,4,40.51,269.23,7.82
2025-04-03,Google Ads,Winter Sale,Last Touch,44716,1455,26481.0,222,626484,25993,3,18.2,119.28,23.66
2025-05-26,Social Media,App Install,First Touch,41161,1301,60392.42,170,623730,39098,2,46.42,355.25,10.33
2025-01-17,Social Media,Retargeting,Linear,9263,256,14476.8,40,133680,6878,2,56.55,361.92,9.23
2025-06-23,Google Ads,Lead Gen,Linear,21575,1312,70743.04,39,115011,21288,1,53.92,1813.92,1.63
2025-03-24,Display Ads,Festive Offer,Last Touch,12976,789,25453.14,66,284328,6844,2,32.26,385.65,11.17
2025-01-13,Email,Festive Offer,Linear,34416,1341,38057.58,107,378994,18039,2,28.38,355.68,9.96
2025-06-26,Display Ads,Discount Offer,First Touch,17902,534,12901.44,66,105336,9407,4,24.16,195.48,8.16
2025-04-21,Google Ads,Loyalty,Linear,26908,1895,39510.75,191,495645,14345,3,20.85,206.86,12.54
2025-05-14,Meta Ads,Discount Offer,Linear,45603,2111,27379.67,204,349044,25603,1,12.97,134.21,12.75
2025-01-09,Display Ads,Summer Sale,Linear,9261,620,6956.4,93,132432,7099,5,11.22,74.8,19.04
2025-06-10,Display Ads,Discount Offer,First Touch,49404,1153,12348.63,181,514945,27842,5,10.71,68.22,41.7
2025-04-16,Meta Ads,Loyalty,Linear,45894,947,26478.12,141,527340,43237,1,27.96,187.79,19.92
2025-03-28,Direct Traffic,Brand Awareness,Last Touch,38896,1543,27789.43,70,254590,21661,5,18.01,396.99,9.16
2025-02-19,Social Media,Retargeting,Linear,38351,1356,40530.84,188,567948,25267,2,29.89,215.59,14.01
2025-02-05,Google Ads,Brand Awareness,First Touch,25425,1400,48552.0,178,474370,17810,5,34.68,272.76,9.77
2025-05-19,Meta Ads,Retargeting,Last Touch,25229,1417,32789.38,248,823360,22222,2,23.14,132.22,25.11
2025-01-15,Meta Ads,Lead Gen,Linear,8578,388,7046.08,23,46552,4849,3,18.16,306.35,6.61
2025-02-18,Direct Traffic,App Install,Linear,35631,1994,50288.68,232,597168,27633,4,25.22,216.76,11.87
2025-03-26,Meta Ads,Discount Offer,Last Touch,7765,386,21554.24,48,193872,4825,4,55.84,449.05,8.99
2025-06-09,Meta Ads,New Product Launch,Last Touch,26726,1829,50388.95,164,201228,19307,1,27.55,307.25,3.99
2025-01-19,Email,Brand Awareness,Linear,12549,358,11062.2,44,190740,9222,1,30.9,251.41,17.24
2025-01-08,Meta Ads,New Product Launch,Last Touch,16412,543,11739.66,30,104130,12235,2,21.62,391.32,8.87
2025-02-20,Google Ads,Retargeting,Last Touch,11631,247,10677.81,21,92925,6724,3,43.23,508.47,8.7
2025-02-23,Email,App Install,First Touch,29224,2003,84867.11,342,1529424,24822,4,42.37,248.15,18.02
2025-01-17,Google Ads,Retargeting,First Touch,17428,548,15163.16,47,171785,15751,2,27.67,322.62,11.33
2025-01-12,Social Media,Loyalty,First Touch,40092,1509,23736.57,101,381578,29223,2,15.73,235.02,16.08
2025-05-11,Social Media,App Install,First Touch,10335,693,34047.09,84,158340,9333,4,49.13,405.32,4.65
2025-06-15,Social Media,Summer Sale,Last Touch,39006,1866,46146.18,160,647040,35339,4,24.73,288.41,14.02
2025-05-02,Email,Loyalty,Last Touch,46818,3524,135215.88,125,262375,30060,4,38.37,1081.73,1.94
2025-03-02,Display Ads,New Product Launch,Last Touch,32854,2408,90805.68,410,1120120,24767,5,37.71,221.48,12.34
2025-01-22,Meta Ads,Discount Offer,Last Touch,34131,1745,34847.65,63,207774,28087,4,19.97,553.14,5.96
2025-04-26,Display Ads,Festive Offer,Last Touch,29085,1985,48612.65,173,334755,21778,2,24.49,281.0,6.89
2025-03-09,Direct Traffic,Discount Offer,Last Touch,10401,391,13329.19,43,65360,7464,2,34.09,309.98,4.9
2025-01-26,Google Ads,Discount Offer,Last Touch,7508,396,10042.56,51,113424,4993,3,25.36,196.91,11.29
2025-02-18,Direct Traffic,Loyalty,First Touch,40594,3034,25606.96,227,594513,33529,4,8.44,112.81,23.22
2025-05-29,Direct Traffic,Brand Awareness,Last Touch,47866,2429,115571.82,127,359156,31390,2,47.58,910.01,3.11
2025-02-23,Display Ads,New Product Launch,Linear,43469,2919,138360.6,403,1244867,32896,1,47.4,343.33,9.0
2025-03-22,Meta Ads,Festive Offer,Linear,32373,1054,33095.6,119,325346,18462,5,31.4,278.11,9.83
2025-02-02,Email,Brand Awareness,Last Touch,48178,3375,86636.25,313,1254504,37306,5,25.67,276.79,14.48
2025-03-18,Email,Loyalty,First Touch,42196,2832,158450.4,150,382800,39716,5,55.95,1056.34,2.42
2025-06-05,Social Media,Festive Offer,Last Touch,18382,1413,15981.03,124,389856,10970,3,11.31,128.88,24.39
2025-05-26,Display Ads,Winter Sale,First Touch,16234,426,15655.5,14,56308,13059,4,36.75,1118.25,3.6
2025-01-07,Meta Ads,New Product Launch,First Touch,30289,1121,22554.52,144,213984,22593,1,20.12,156.63,9.49
2025-04-05,Social Media,Brand Awareness,First Touch,26415,1890,55490.4,101,166953,15322,5,29.36,549.41,3.01
2025-04-18,Display Ads,Discount Offer,Last Touch,18531,515,9630.5,48,197088,17043,2,18.7,200.64,20.46
2025-06-04,Social Media,Winter Sale,Linear,18302,917,39990.37,65,79950,11488,4,43.61,615.24,2.0
2025-01-17,Display Ads,Loyalty,First Touch,39462,1567,58919.2,162,501390,38609,1,37.6,363.7,8.51
2025-01-24,Email,App Install,Last Touch,24493,1064,54072.48,167,484300,16327,2,50.82,323.79,8.96
2025-06-08,Direct Traffic,Festive Offer,Last Touch,30209,2255,39552.7,259,728049,26550,1,17.54,152.71,18.41
2025-03-03,Meta Ads,Winter Sale,Linear,40241,1509,83975.85,203,844074,27239,4,55.65,413.67,10.05
2025-04-16,Social Media,Discount Offer,Last Touch,10015,654,22386.42,96,276384,8701,2,34.23,233.19,12.35
2025-03-06,Meta Ads,Lead Gen,First Touch,35288,762,31409.64,100,309100,30133,3,41.22,314.1,9.84
2025-04-13,Meta Ads,Festive Offer,First Touch,5703,199,8929.13,10,39450,4752,4,44.87,892.91,4.42
2025-04-29,Google Ads,Discount Offer,Linear,48058,1659,95226.6,84,196812,29316,2,57.4,1133.65,2.07
2025-01-05,Social Media,Discount Offer,First Touch,24277,666,31008.96,36,142200,12321,3,46.56,861.36,4.59
2025-02-09,Display Ads,Summer Sale,First Touch,19199,1206,65630.52,132,397320,10381,5,54.42,497.2,6.05
2025-06-14,Direct Traffic,Discount Offer,Last Touch,25206,1175,45954.25,43,118035,25171,2,39.11,1068.7,2.57
2025-03-05,Email,New Product Launch,First Touch,10989,230,2173.5,7,13909,10974,1,9.45,310.5,6.4
2025-02-26,Google Ads,Retargeting,Linear,15947,361,12508.65,54,136134,12577,2,34.65,231.64,10.88
2025-06-09,Meta Ads,Lead Gen,Last Touch,33041,900,17208.0,75,143325,17011,4,19.12,229.44,8.33
2025-06-17,Email,Brand Awareness,Last Touch,18943,900,10287.0,137,529094,15516,1,11.43,75.09,51.43
2025-01-18,Meta Ads,Festive Offer,Last Touch,44247,2211,131554.5,302,1341182,40774,2,59.5,435.61,10.19
2025-03-06,Google Ads,Loyalty,Last Touch,46344,2863,123824.75,503,2032623,27527,3,43.25,246.17,16.42
2025-02-14,Direct Traffic,Summer Sale,Linear,36596,880,7849.6,146,443548,30827,5,8.92,53.76,56.51
2025-06-13,Direct Traffic,New Product Launch,Linear,43500,2709,23541.21,89,383412,25815,3,8.69,264.51,16.29
2025-03-02,Direct Traffic,Festive Offer,First Touch,45616,1129,17104.35,118,239186,27777,4,15.15,144.95,13.98
2025-02-22,Direct Traffic,Brand Awareness,First Touch,44195,3505,108900.35,566,989934,31210,3,31.07,192.4,9.09
2025-06-14,Google Ads,Lead Gen,Last Touch,47470,3264,153505.92,210,882210,34590,3,47.03,730.98,5.75
2025-03-04,Meta Ads,Lead Gen,First Touch,48581,3852,191367.36,517,1091387,44215,4,49.68,370.15,5.7
2025-05-14,Email,Retargeting,Last Touch,46273,942,50142.66,38,75544,24843,2,53.23,1319.54,1.51
2025-02-22,Meta Ads,Discount Offer,First Touch,43838,2320,114492.0,140,458920,24480,4,49.35,817.8,4.01
2025-04-30,Email,Retargeting,Linear,17945,622,10679.74,41,97088,16316,2,17.17,260.48,9.09
2025-03-11,Display Ads,Discount Offer,Last Touch,31099,1326,43068.48,123,454608,27590,4,32.48,350.15,10.56
2025-02-09,Display Ads,Brand Awareness,Last Touch,33009,2351,111578.46,395,1436615,21510,5,47.46,282.48,12.88
2025-02-14,Email,Festive Offer,Last Touch,25044,1182,32516.82,142,212148,17981,2,27.51,228.99,6.52
2025-05-01,Meta Ads,Retargeting,First Touch,5273,109,3710.36,15,48180,4293,4,34.04,247.36,12.99
2025-04-12,Direct Traffic,Summer Sale,Last Touch,37083,1426,84633.1,58,78822,22619,4,59.35,1459.19,0.93
2025-05-25,Meta Ads,New Product Launch,Last Touch,21728,1440,67795.2,118,484272,18869,3,47.08,574.54,7.14
2025-06-28,Google Ads,Festive Offer,Last Touch,21173,731,7156.49,111,420024,11048,2,9.79,64.47,58.69
2025-03-08,Social Media,App Install,Linear,14657,516,20283.96,89,165629,7429,1,39.31,227.91,8.17
2025-01-24,Direct Traffic,Festive Offer,Last Touch,43414,3405,41472.9,566,1659512,27140,4,12.18,73.27,40.01
2025-03-06,Direct Traffic,Winter Sale,Linear,39943,2376,66314.16,181,522185,22883,1,27.91,366.38,7.87
2025-06-12,Social Media,Summer Sale,First Touch,22630,1469,82792.84,131,322391,11420,2,56.36,632.01,3.89
2025-05-06,Google Ads,Discount Offer,First Touch,32383,1667,70080.68,233,442234,19081,3,42.04,300.78,6.31
2025-02-17,Direct Traffic,Retargeting,First Touch,36881,1140,65344.8,111,229770,24522,2,57.32,588.69,3.52
2025-01-16,Direct Traffic,Retargeting,First Touch,21996,1737,92616.84,166,623662,12787,2,53.32,557.93,6.73
2025-01-21,Email,Discount Offer,Last Touch,13171,482,12430.78,56,176792,10559,1,25.79,221.98,14.22
2025-01-03,Google Ads,Winter Sale,First Touch,48602,2670,158491.2,118,394002,24538,4,59.36,1343.15,2.49
2025-06-04,Social Media,Winter Sale,Last Touch,36013,2355,92857.65,189,754488,29247,3,39.43,491.31,8.13
2025-03-03,Email,Festive Offer,Last Touch,45029,1055,27968.05,83,133630,22615,4,26.51,336.96,4.78
2025-06-28,Display Ads,Retargeting,First Touch,44446,1216,43277.44,209,893893,30367,3,35.59,207.07,20.65
2025-04-26,Social Media,App Install,Linear,32074,1912,15601.92,240,604560,16309,3,8.16,65.01,38.75
2025-01-12,Direct Traffic,Summer Sale,Linear,34118,1160,38512.0,163,725676,19725,3,33.2,236.27,18.84
2025-04-20,Display Ads,Discount Offer,Linear,30222,1137,20625.18,58,193140,29467,5,18.14,355.61,9.36
2025-05-10,Google Ads,Retargeting,Last Touch,10707,407,17501.0,45,140040,6729,4,43.0,388.91,8.0
2025-01-30,Display Ads,Lead Gen,First Touch,20948,684,32264.28,88,137808,12202,4,47.17,366.64,4.27
2025-01-08,Meta Ads,Summer Sale,Last Touch,23373,776,16606.4,78,307788,13702,2,21.4,212.9,18.53
2025-05-17,Direct Traffic,App Install,First Touch,26810,1938,109400.1,280,1024800,14464,3,56.45,390.71,9.37
2025-04-07,Direct Traffic,Festive Offer,Linear,47080,3159,183980.16,301,648655,30865,3,58.24,611.23,3.53
2025-01-30,Email,Discount Offer,First Touch,10841,438,16990.02,25,41875,10112,3,38.79,679.6,2.46
2025-02-02,Email,Festive Offer,Linear,5110,197,7619.96,11,30679,4290,3,38.68,692.72,4.03
2025-04-04,Direct Traffic,Retargeting,Linear,48499,2720,53176.0,242,823768,39342,3,19.55,219.74,15.49
2025-02-07,Email,New Product Launch,Last Touch,49563,2346,92150.88,121,474925,47815,1,39.28,761.58,5.15
2025-06-03,Email,Winter Sale,Linear,13091,476,24790.08,55,208120,8312,4,52.08,450.73,8.4
2025-03-16,Direct Traffic,Festive Offer,First Touch,26832,782,35401.14,122,258762,24891,1,45.27,290.17,7.31
2025-02-15,Display Ads,Festive Offer,Last Touch,48204,3602,58640.56,119,333914,35158,4,16.28,492.78,5.69
2025-06-23,Display Ads,Summer Sale,Last Touch,30628,744,34067.76,53,105947,26800,5,45.79,642.79,3.11
2025-04-11,Google Ads,Retargeting,Last Touch,43036,3096,33467.76,526,1286070,36510,2,10.81,63.63,38.43
2025-05-28,Meta Ads,App Install,Linear,36617,1371,21291.63,85,362525,24719,1,15.53,250.49,17.03
2025-04-03,Direct Traffic,Loyalty,First Touch,49454,3319,174712.16,287,846363,46991,2,52.64,608.75,4.84
2025-01-15,Google Ads,Summer Sale,Last Touch,16772,1286,18132.6,138,356868,15493,2,14.1,131.4,19.68
2025-06-10,Direct Traffic,Festive Offer,First Touch,7227,196,5611.48,14,50974,4319,4,28.63,400.82,9.08
2025-06-27,Direct Traffic,Discount Offer,Last Touch,47618,2044,83558.72,197,245659,27741,1,40.88,424.16,2.94
2025-01-22,Google Ads,App Install,Linear,48829,3638,71668.6,429,1520805,40126,3,19.7,167.06,21.22
2025-06-27,Direct Traffic,Discount Offer,Linear,16868,725,43500.0,98,237356,10485,1,60.0,443.88,5.46
2025-03-25,Google Ads,Lead Gen,First Touch,31563,2170,19595.1,246,835662,28617,5,9.03,79.65,42.65
2025-05-06,Google Ads,Lead Gen,Linear,40322,2533,124319.64,123,526932,26959,1,49.08,1010.73,4.24
2025-02-16,Social Media,Retargeting,First Touch,41354,1936,47122.24,69,245295,27434,2,24.34,682.93,5.21
2025-01-23,Social Media,Winter Sale,First Touch,10545,830,28485.6,70,240030,6677,4,34.32,406.94,8.43
2025-06-18,Google Ads,New Product Launch,Last Touch,8025,616,21566.16,90,350910,6199,4,35.01,239.62,16.27
2025-02-05,Social Media,App Install,Linear,25508,1310,77643.7,108,367632,21119,2,59.27,718.92,4.73
2025-06-26,Google Ads,Brand Awareness,First Touch,7407,231,5446.98,35,61215,6169,5,23.58,155.63,11.24
2025-02-25,Social Media,Summer Sale,Last Touch,13420,855,25598.7,96,217632,9837,2,29.94,266.65,8.5
2025-04-13,Display Ads,Discount Offer,Last Touch,49336,2245,99026.95,247,367783,45297,3,44.11,400.92,3.71
2025-06-12,Direct Traffic,New Product Launch,Linear,29388,1581,65896.08,168,314328,21570,2,41.68,392.24,4.77
2025-03-22,Display Ads,Festive Offer,First Touch,44558,1552,34221.6,170,680170,40247,4,22.05,201.3,19.88
2025-01-17,Email,Discount Offer,Last Touch,26857,1790,27941.9,267,619440,13589,1,15.61,104.65,22.17
2025-04-07,Meta Ads,Festive Offer,First Touch,13093,399,18302.13,30,96150,7328,5,45.87,610.07,5.25
2025-03-31,Direct Traffic,Loyalty,Last Touch,41145,1492,19619.8,55,137610,33337,2,13.15,356.72,7.01
2025-03-30,Direct Traffic,Lead Gen,Linear,43968,3206,92781.64,381,861441,22295,5,28.94,243.52,9.28
2025-02-09,Direct Traffic,Retargeting,First Touch,29825,1612,35302.8,270,1030860,20976,2,21.9,130.75,29.2
2025-06-23,Social Media,Festive Offer,Linear,35001,1084,64259.52,162,527634,26898,3,59.28,396.66,8.21
2025-04-20,Social Media,New Product Launch,Last Touch,46656,3334,190938.18,303,751440,26281,1,57.27,630.16,3.94
2025-01-20,Direct Traffic,New Product Launch,First Touch,15820,862,10688.8,62,199516,14531,1,12.4,172.4,18.67
2025-04-19,Direct Traffic,Lead Gen,Linear,13940,679,23615.62,122,412360,12687,1,34.78,193.57,17.46
2025-04-14,Google Ads,Loyalty,First Touch,5477,344,15318.32,49,107800,5446,5,44.53,312.62,7.04
2025-06-25,Social Media,Brand Awareness,Linear,34402,2679,115411.32,434,1451296,24576,2,43.08,265.92,12.57
2025-01-20,Email,Retargeting,Linear,28153,2171,65086.58,188,512864,15931,3,29.98,346.21,7.88
2025-06-23,Meta Ads,Lead Gen,First Touch,24009,911,21189.86,56,236432,22345,5,23.26,378.39,11.16
2025-04-11,Meta Ads,Winter Sale,Linear,38785,2697,26538.48,268,999640,35391,1,9.84,99.02,37.67
2025-04-02,Google Ads,Loyalty,Last Touch,26531,1005,13637.85,82,341038,16315,4,13.57,166.32,25.01
2025-04-01,Google Ads,Discount Offer,Last Touch,37246,1186,42114.86,195,561990,22681,4,35.51,215.97,13.34
2025-01-02,Meta Ads,Winter Sale,First Touch,35847,1567,36918.52,147,286062,35500,3,23.56,251.15,7.75
2025-01-28,Display Ads,App Install,First Touch,14166,583,17822.31,48,196992,8708,1,30.57,371.3,11.05
2025-02-18,Email,Brand Awareness,First Touch,30856,1396,35207.12,48,188544,18688,4,25.22,733.48,5.36
2025-06-20,Email,Discount Offer,Last Touch,37051,1963,97345.17,269,680570,31628,5,49.59,361.88,6.99
2025-04-10,Meta Ads,Discount Offer,First Touch,6386,176,4556.64,5,20015,4161,1,25.89,911.33,4.39
2025-06-23,Email,Festive Offer,Linear,5526,254,5854.7,26,112216,4519,2,23.05,225.18,19.17
2025-06-08,Meta Ads,Lead Gen,First Touch,21349,787,11002.26,54,219834,14726,4,13.98,203.75,19.98
2025-02-20,Display Ads,Discount Offer,Linear,37920,2148,38255.88,339,1280064,23833,2,17.81,112.85,33.46
2025-01-31,Meta Ads,Festive Offer,First Touch,22947,1822,102596.82,171,636975,14743,1,56.31,599.98,6.21
2025-01-14,Display Ads,Festive Offer,Linear,25083,1555,91698.35,98,288610,20392,1,58.97,935.7,3.15
2025-05-11,Display Ads,Brand Awareness,Last Touch,12212,441,9962.19,36,104832,8129,3,22.59,276.73,10.52
2025-01-13,Meta Ads,Brand Awareness,First Touch,8416,501,12389.73,36,84492,5033,4,24.73,344.16,6.82
2025-02-17,Email,App Install,Last Touch,26907,1029,13418.16,32,110720,26076,2,13.04,419.32,8.25
2025-03-26,Email,Summer Sale,Linear,43594,2255,61606.6,287,591220,40944,4,27.32,214.66,9.6
2025-01-23,Google Ads,Retargeting,Linear,44441,1209,46546.5,201,779880,28460,2,38.5,231.57,16.75
2025-06-30,Display Ads,Discount Offer,First Touch,40820,2332,55221.76,235,1014495,27029,5,23.68,234.99,18.37
2025-02-09,Google Ads,Retargeting,First Touch,32407,1718,36301.34,277,968115,32179,3,21.13,131.05,26.67
2025-04-04,Display Ads,Discount Offer,Last Touch,9437,462,16280.88,79,350681,4897,2,35.24,206.09,21.54
2025-06-03,Email,Retargeting,Last Touch,7978,617,6885.72,108,213732,7022,4,11.16,63.76,31.04
2025-05-07,Direct Traffic,Lead Gen,Linear,9914,296,13923.84,25,109800,8153,4,47.04,556.95,7.89
2025-06-05,Email,New Product Launch,First Touch,5235,154,2976.82,20,88760,4717,4,19.33,148.84,29.82
2025-05-09,Direct Traffic,Lead Gen,Last Touch,24884,1770,41435.7,124,209188,15245,2,23.41,334.16,5.05
2025-01-12,Social Media,New Product Launch,Last Touch,7561,441,25132.59,31,54064,4887,1,56.99,810.73,2.15
2025-06-14,Meta Ads,New Product Launch,Linear,12614,253,6595.71,30,81330,8965,1,26.07,219.86,12.33
2025-06-30,Social Media,Winter Sale,Linear,13756,612,24357.6,48,68832,12005,1,39.8,507.45,2.83
2025-04-02,Meta Ads,Winter Sale,First Touch,21776,1704,61241.76,301,1320487,20444,1,35.94,203.46,21.56
2025-06-26,Display Ads,Winter Sale,Linear,46569,2619,49027.68,252,637056,32091,2,18.72,194.55,12.99
2025-05-29,Direct Traffic,Festive Offer,First Touch,34232,1160,53093.2,98,309876,20186,4,45.77,541.77,5.84
2025-02-16,Display Ads,Retargeting,First Touch,17377,941,53684.05,53,124815,9032,3,57.05,1012.91,2.32
2025-02-11,Meta Ads,Festive Offer,Linear,44834,1401,21659.46,131,401253,43556,4,15.46,165.34,18.53
2025-01-26,Direct Traffic,Lead Gen,First Touch,5772,324,8958.6,10,12550,5525,1,27.65,895.86,1.4
2025-02-03,Meta Ads,Discount Offer,Last Touch,14347,1094,42862.92,162,200556,13658,1,39.18,264.59,4.68
2025-05-19,Direct Traffic,Summer Sale,Linear,10568,339,11180.22,38,114722,6620,3,32.98,294.22,10.26
2025-03-26,Display Ads,Retargeting,First Touch,8661,455,9969.05,50,64300,4694,1,21.91,199.38,6.45
2025-05-20,Email,Discount Offer,Linear,32216,918,50884.74,30,88470,22422,2,55.43,1696.16,1.74
2025-04-01,Direct Traffic,Winter Sale,First Touch,49853,2147,115895.06,329,546140,41041,2,53.98,352.26,4.71
2025-01-29,Meta Ads,Discount Offer,Last Touch,28416,698,17694.3,58,89726,14918,5,25.35,305.07,5.07
2025-02-08,Meta Ads,Festive Offer,Linear,26944,1508,65341.64,79,310707,24730,3,43.33,827.11,4.76
2025-06-09,Email,Summer Sale,First Touch,22766,1706,72351.46,289,1188657,12634,1,42.41,250.35,16.43
2025-02-08,Direct Traffic,Retargeting,Last Touch,14684,637,28989.87,94,296946,14015,1,45.51,308.4,10.24
2025-01-29,Social Media,Festive Offer,Linear,23250,666,16516.8,32,138976,17933,3,24.8,516.15,8.41
2025-03-23,Display Ads,Festive Offer,Last Touch,32128,1802,74062.2,91,352898,31163,2,41.1,813.87,4.76
2025-04-09,Display Ads,Lead Gen,Last Touch,40307,2097,74841.93,321,890775,22892,5,35.69,233.15,11.9
2025-04-18,Social Media,Loyalty,Linear,19374,1204,24356.92,36,45720,15624,5,20.23,676.58,1.88
2025-05-02,Meta Ads,Discount Offer,First Touch,27894,1161,60569.37,170,300900,18775,4,52.17,356.29,4.97
2025-02-06,Social Media,Festive Offer,First Touch,18810,1310,14292.1,66,267234,11749,4,10.91,216.55,18.7
2025-01-07,Direct Traffic,Festive Offer,Last Touch,8544,530,22503.8,21,76272,5567,1,42.46,1071.61,3.39
2025-02-07,Email,Retargeting,First Touch,21059,518,19476.8,78,141414,13517,4,37.6,249.7,7.26
2025-02-05,Direct Traffic,Lead Gen,Linear,24628,1187,54091.59,114,437874,23704,1,45.57,474.49,8.1
2025-03-15,Google Ads,Retargeting,First Touch,47103,1032,48565.92,108,134352,36539,4,47.06,449.68,2.77
2025-06-24,Display Ads,Lead Gen,Linear,21911,1646,56128.6,224,657440,13524,3,34.1,250.57,11.71
2025-01-24,Social Media,Festive Offer,First Touch,18884,831,9066.21,73,310615,18605,5,10.91,124.19,34.26
2025-01-20,Direct Traffic,App Install,Last Touch,25525,1510,43895.7,131,186413,18848,4,29.07,335.08,4.25
2025-02-19,Email,Discount Offer,First Touch,10099,421,20418.5,33,71973,7360,2,48.5,618.74,3.52
2025-05-19,Google Ads,Discount Offer,First Touch,44132,911,50378.3,52,105352,42984,1,55.3,968.81,2.09
2025-03-03,Email,Discount Offer,Linear,42014,953,56512.9,97,135412,31315,1,59.3,582.61,2.4
2025-03-21,Google Ads,Summer Sale,Last Touch,31092,1555,37864.25,137,364009,17668,1,24.35,276.38,9.61
2025-03-26,Display Ads,Lead Gen,First Touch,37910,2594,41011.14,306,846090,34583,5,15.81,134.02,20.63
2025-01-10,Email,Retargeting,First Touch,49720,2375,128321.25,104,430768,32448,2,54.03,1233.86,3.36
2025-06-24,Direct Traffic,Retargeting,Linear,15554,1238,42191.04,221,816153,13113,5,34.08,190.91,19.34
2025-03-29,Display Ads,Retargeting,Last Touch,24060,1001,52562.51,94,387186,23218,4,52.51,559.18,7.37
2025-03-03,Meta Ads,Loyalty,Linear,9915,768,28784.64,137,218926,5079,2,37.48,210.11,7.61
2025-03-21,Social Media,Discount Offer,Last Touch,11167,528,8886.24,39,57681,7877,5,16.83,227.85,6.49
2025-04-04,Email,Discount Offer,First Touch,16743,1048,33494.08,186,418128,15613,2,31.96,180.08,12.48
2025-02-01,Social Media,App Install,First Touch,28820,2061,59459.85,326,1299762,16523,4,28.85,182.39,21.86
2025-04-04,Social Media,Loyalty,Last Touch,29489,737,21734.13,71,283645,15443,5,29.49,306.11,13.05
2025-06-14,Google Ads,New Product Launch,Linear,41752,854,44715.44,62,114576,39558,4,52.36,721.22,2.56
2025-01-19,Meta Ads,Festive Offer,Last Touch,48853,1251,40319.73,158,490432,28001,1,32.23,255.19,12.16
2025-02-16,Direct Traffic,Discount Offer,Last Touch,33384,1067,26771.03,82,301350,32626,2,25.09,326.48,11.26
2025-06-29,Direct Traffic,App Install,First Touch,23243,1098,39901.32,189,339444,22110,2,36.34,211.12,8.51
2025-03-23,Social Media,Brand Awareness,Linear,29922,710,35528.4,105,329595,18457,1,50.04,338.37,9.28
2025-02-24,Google Ads,Festive Offer,Last Touch,21519,1251,15449.85,50,142950,12097,3,12.35,309.0,9.25
2025-04-26,Display Ads,Lead Gen,First Touch,48885,3597,63199.29,136,401880,35649,3,17.57,464.7,6.36
2025-02-12,Meta Ads,Summer Sale,Last Touch,36563,1774,77736.68,95,385035,32593,3,43.82,818.28,4.95
2025-06-27,Social Media,Festive Offer,First Touch,41759,2797,109222.85,116,456460,39834,5,39.05,941.58,4.18
2025-02-07,Email,Summer Sale,First Touch,14863,1096,61989.76,114,284544,8361,4,56.56,543.77,4.59
2025-03-09,Social Media,Brand Awareness,Last Touch,13239,768,31656.96,89,120061,8409,2,41.22,355.7,3.79
2025-04-18,Direct Traffic,Lead Gen,First Touch,44383,1893,49407.3,327,1302441,41092,1,26.1,151.09,26.36
2025-04-05,Email,Brand Awareness,Last Touch,25117,1258,66824.96,169,651833,20029,4,53.12,395.41,9.75
2025-04-16,Email,Summer Sale,Linear,32908,1691,80795.98,79,151680,31488,4,47.78,1022.73,1.88
2025-04-06,Meta Ads,Lead Gen,Linear,15659,823,22912.32,129,518580,13401,4,27.84,177.61,22.63
2025-06-12,Email,Loyalty,First Touch,10742,734,9835.6,93,346332,8740,1,13.4,105.76,35.21
2025-05-08,Direct Traffic,Loyalty,Linear,11534,669,22859.73,100,393400,8141,4,34.17,228.6,17.21
2025-02-24,Meta Ads,App Install,Linear,29974,805,42286.65,138,363768,27991,4,52.53,306.43,8.6
2025-04-16,Direct Traffic,Festive Offer,First Touch,29552,1977,67989.03,138,537786,19109,3,34.39,492.67,7.91
2025-04-17,Direct Traffic,New Product Launch,First Touch,32168,706,6608.16,104,345800,29519,5,9.36,63.54,52.33
2025-03-23,Email,Retargeting,Linear,33181,1145,67119.9,67,257213,29478,1,58.62,1001.79,3.83
2025-05-28,Display Ads,Retargeting,Linear,30586,2405,40957.15,398,1320564,17888,4,17.03,102.91,32.24
2025-03-01,Google Ads,Retargeting,Linear,12757,738,35999.64,115,433435,8509,5,48.78,313.04,12.04
2025-02-10,Email,New Product Launch,First Touch,11112,239,2055.4,34,62084,5783,5,8.6,60.45,30.21
2025-05-20,Google Ads,Loyalty,Last Touch,6657,429,6344.91,42,159012,6513,3,14.79,151.07,25.06
2025-02-17,Meta Ads,New Product Launch,Last Touch,17702,922,19131.5,135,596565,15045,3,20.75,141.71,31.18
2025-06-18,Google Ads,Winter Sale,First Touch,14422,831,34237.2,97,157431,8119,4,41.2,352.96,4.6
2025-06-02,Google Ads,Discount Offer,First Touch,23511,839,14590.21,34,91120,15162,4,17.39,429.12,6.25
2025-01-26,Display Ads,Brand Awareness,Last Touch,9821,483,19580.82,29,84651,7984,3,40.54,675.2,4.32
2025-06-12,Display Ads,Retargeting,First Touch,24579,506,8748.74,58,213672,12804,1,17.29,150.84,24.42
2025-03-29,Email,App Install,Linear,44321,2339,37985.36,330,560340,28479,5,16.24,115.11,14.75
2025-01-08,Social Media,Brand Awareness,Linear,38537,2530,48702.5,214,446832,20234,3,19.25,227.58,9.17
2025-02-05,Meta Ads,Discount Offer,Linear,13295,479,15826.16,82,215414,12447,5,33.04,193.0,13.61
2025-06-16,Email,App Install,Linear,37492,1730,98973.3,291,647184,24413,2,57.21,340.11,6.54
2025-06-25,Direct Traffic,Winter Sale,Last Touch,11743,646,30917.56,49,218148,7557,4,47.86,630.97,7.06
2025-04-21,Display Ads,Festive Offer,Linear,22804,1572,63493.08,190,562020,14674,5,40.39,334.17,8.85
2025-04-01,Email,Discount Offer,Last Touch,15960,1170,67649.4,79,227362,10384,5,57.82,856.32,3.36
2025-06-15,Social Media,Summer Sale,Last Touch,6962,187,9363.09,17,33337,4946,2,50.07,550.77,3.56
2025-01-19,Meta Ads,Summer Sale,Last Touch,14505,968,13900.48,75,93300,13124,3,14.36,185.34,6.71
2025-02-24,Display Ads,Loyalty,Last Touch,20246,1087,30490.35,130,436670,13685,1,28.05,234.54,14.32
2025-05-24,Email,Loyalty,Linear,9903,539,22427.79,71,211722,7554,3,41.61,315.88,9.44
2025-02-20,Meta Ads,Brand Awareness,Last Touch,37679,859,19129.93,41,125214,24446,5,22.27,466.58,6.55
2025-03-25,Social Media,Festive Offer,First Touch,42775,910,8126.3,134,476772,21539,4,8.93,60.64,58.67
2025-03-14,Meta Ads,Festive Offer,First Touch,39961,3000,30090.0,380,563920,35377,1,10.03,79.18,18.74
2025-04-17,Direct Traffic,Winter Sale,Last Touch,25787,1681,48446.42,190,471580,20983,5,28.82,254.98,9.73
2025-01-13,Display Ads,Winter Sale,Linear,34791,1725,71311.5,287,783797,20761,1,41.34,248.47,10.99
2025-02-27,Google Ads,Brand Awareness,First Touch,11890,946,49939.34,131,278637,7339,1,52.79,381.22,5.58
2025-02-18,Direct Traffic,Summer Sale,Linear,5323,404,21468.56,27,119205,2837,1,53.14,795.13,5.55
2025-01-13,Email,Discount Offer,Last Touch,26582,1628,80032.48,141,572601,16081,2,49.16,567.61,7.15
2025-05-30,Display Ads,Discount Offer,First Touch,25927,1859,87670.44,303,876276,23398,4,47.16,289.34,10.0
2025-06-21,Google Ads,Lead Gen,Linear,20762,1135,48112.65,200,503600,18289,2,42.39,240.56,10.47
2025-01-24,Email,Winter Sale,Linear,10426,429,22072.05,28,107800,6899,1,51.45,788.29,4.88
2025-01-20,Display Ads,Brand Awareness,First Touch,5860,352,11383.68,30,95910,3358,3,32.34,379.46,8.43
2025-02-23,Social Media,Lead Gen,Linear,25536,1675,40551.75,164,300120,21033,1,24.21,247.27,7.4
2025-02-03,Meta Ads,Summer Sale,Last Touch,34650,2497,86645.9,367,722623,19574,3,34.7,236.09,8.34
2025-04-19,Meta Ads,Winter Sale,Linear,47492,1240,39642.8,57,94107,31628,1,31.97,695.49,2.37
2025-04-28,Meta Ads,Winter Sale,First Touch,36210,2162,68189.48,150,518100,20859,3,31.54,454.6,7.6
2025-04-21,Meta Ads,Retargeting,Last Touch,37911,1738,44058.3,167,453238,22160,1,25.35,263.82,10.29
2025-06-16,Display Ads,Festive Offer,First Touch,24267,761,13081.59,54,199152,20220,5,17.19,242.25,15.22
2025-04-21,Google Ads,Brand Awareness,Linear,21314,1652,32081.84,62,83452,20081,3,19.42,517.45,2.6
2025-03-03,Google Ads,Lead Gen,First Touch,23052,774,31153.5,106,297330,17963,1,40.25,293.9,9.54
2025-02-26,Direct Traffic,Winter Sale,Last Touch,18481,559,10391.81,70,286370,13958,1,18.59,148.45,27.56
2025-01-25,Meta Ads,Lead Gen,Linear,45771,2224,53109.12,369,803313,28463,3,23.88,143.93,15.13
2025-06-24,Google Ads,Retargeting,First Touch,26768,1980,30452.4,63,198009,20395,3,15.38,483.37,6.5
2025-01-06,Meta Ads,Winter Sale,First Touch,16188,983,51469.88,117,367380,12871,1,52.36,439.91,7.14
2025-05-06,Meta Ads,App Install,First Touch,7960,550,20625.0,98,209230,6131,5,37.5,210.46,10.14
2025-02-12,Meta Ads,Discount Offer,First Touch,24962,1703,43358.38,176,463936,21421,3,25.46,246.35,10.7
2025-06-19,Display Ads,Winter Sale,Last Touch,35064,729,19201.86,99,328779,33403,1,26.34,193.96,17.12
2025-03-11,Direct Traffic,Lead Gen,Linear,46929,996,58654.44,157,612300,28105,3,58.89,373.6,10.44
2025-05-08,Google Ads,New Product Launch,Linear,33227,1381,64506.51,81,222507,20149,3,46.71,796.38,3.45
2025-06-10,Direct Traffic,Lead Gen,Last Touch,39531,1205,66684.7,99,253044,32578,5,55.34,673.58,3.79
2025-04-17,Email,Winter Sale,First Touch,7693,421,18734.5,65,110695,5621,4,44.5,288.22,5.91
2025-05-26,Email,Winter Sale,First Touch,5546,276,12047.4,27,49005,4915,3,43.65,446.2,4.07
2025-06-09,Social Media,Retargeting,Last Touch,36904,1376,68235.84,44,60148,25573,3,49.59,1550.81,0.88
2025-06-01,Google Ads,Brand Awareness,Last Touch,25042,508,13370.56,78,109512,16640,2,26.32,171.42,8.19
2025-03-31,Email,Lead Gen,Linear,41749,1223,15250.81,86,361372,27320,4,12.47,177.34,23.7
2025-05-30,Google Ads,Winter Sale,First Touch,7106,343,9068.92,52,198068,5135,4,26.44,174.4,21.84
2025-04-13,Google Ads,Winter Sale,Last Touch,44127,1705,63630.6,224,564480,41008,2,37.32,284.07,8.87
2025-06-24,Meta Ads,Winter Sale,First Touch,32283,1719,40671.54,73,257033,31330,4,23.66,557.14,6.32
2025-05-20,Meta Ads,Festive Offer,Last Touch,11294,319,9882.62,24,96144,8576,4,30.98,411.78,9.73
2025-04-01,Display Ads,App Install,Last Touch,31886,1520,84284.0,51,221340,22839,1,55.45,1652.63,2.63
2025-02-05,Social Media,Winter Sale,First Touch,43032,2183,31915.46,243,854388,31128,1,14.62,131.34,26.77
2025-04-11,Meta Ads,Festive Offer,Linear,5390,257,12253.76,27,38394,3041,1,47.68,453.84,3.13
2025-03-11,Direct Traffic,Discount Offer,Last Touch,43950,1135,26229.85,116,296612,23969,1,23.11,226.12,11.31
2025-05-30,Direct Traffic,Lead Gen,Linear,8474,526,18331.1,60,193680,5354,2,34.85,305.52,10.57
2025-06-22,Direct Traffic,Retargeting,Last Touch,46172,1784,106040.96,55,175230,43522,2,59.44,1928.02,1.65
2025-01-30,Google Ads,Brand Awareness,First Touch,44570,3244,113637.32,217,352408,37808,1,35.03,523.67,3.1
2025-05-10,Display Ads,Festive Offer,First Touch,12983,493,16342.95,28,60536,10969,3,33.15,583.68,3.7
2025-06-06,Direct Traffic,App Install,Linear,45446,1244,19406.4,41,72980,44266,2,15.6,473.33,3.76
2025-02-13,Social Media,Lead Gen,First Touch,36205,1767,40729.35,79,285269,34255,3,23.05,515.56,7.0
2025-06-20,Email,Festive Offer,Last Touch,12034,575,28922.5,30,70800,9761,1,50.3,964.08,2.45
2025-05-25,Display Ads,Brand Awareness,Linear,24841,547,22875.54,70,211400,13118,3,41.82,326.79,9.24
2025-02-05,Display Ads,App Install,Last Touch,5597,441,11730.6,69,225009,3661,3,26.6,170.01,19.18
2025-06-30,Social Media,Festive Offer,Linear,9113,277,4395.99,35,122710,7335,4,15.87,125.6,27.91
2025-02-05,Email,Winter Sale,Last Touch,9470,709,29458.95,61,191052,6212,5,41.55,482.93,6.49
2025-05-10,Direct Traffic,Lead Gen,Last Touch,13481,834,32209.08,97,348618,11798,4,38.62,332.05,10.82
2025-01-18,Google Ads,Brand Awareness,Linear,15431,523,22274.57,54,215028,11617,3,42.59,412.49,9.65
2025-03-01,Direct Traffic,New Product Launch,First Touch,16403,1044,29200.68,183,267729,9215,5,27.97,159.57,9.17
2025-03-06,Google Ads,Brand Awareness,Linear,9776,454,12466.84,56,73920,6313,3,27.46,222.62,5.93
2025-01-28,Direct Traffic,App Install,Last Touch,13730,1089,41207.76,65,145210,10888,4,37.84,633.97,3.52
2025-06-23,Email,New Product Launch,First Touch,15622,719,25510.12,106,164512,12579,1,35.48,240.66,6.45
2025-06-11,Direct Traffic,Discount Offer,First Touch,7178,492,26789.4,41,117711,5916,5,54.45,653.4,4.39
2025-01-19,Email,Retargeting,Linear,47089,2433,43526.37,148,464720,39955,3,17.89,294.1,10.68
2025-04-02,Social Media,Lead Gen,First Touch,9401,435,17626.2,70,247170,5340,2,40.52,251.8,14.02
2025-05-13,Email,Discount Offer,First Touch,37683,1274,50042.72,101,213817,28340,3,39.28,495.47,4.27
2025-04-10,Direct Traffic,Summer Sale,First Touch,15345,1198,14244.22,139,461480,15305,5,11.89,102.48,32.4
2025-05-09,Email,Festive Offer,Linear,8712,459,24955.83,53,120681,4601,1,54.37,470.86,4.84
2025-03-28,Display Ads,Winter Sale,First Touch,26924,1973,21880.57,119,500395,18862,1,11.09,183.87,22.87
2025-03-02,Display Ads,Discount Offer,Linear,44977,2796,133676.76,98,145922,36127,5,47.81,1364.05,1.09
2025-06-06,Google Ads,Lead Gen,Last Touch,13484,488,4962.96,17,55743,8587,3,10.17,291.94,11.23
2025-04-21,Display Ads,Winter Sale,First Touch,6405,485,4544.45,71,142213,5390,5,9.37,64.01,31.29
2025-04-08,Direct Traffic,Brand Awareness,Linear,36599,846,40455.72,113,334480,32285,5,47.82,358.02,8.27
2025-02-05,Google Ads,App Install,First Touch,45347,3580,97089.6,211,630468,24571,2,27.12,460.14,6.49
2025-03-01,Google Ads,Loyalty,First Touch,19884,890,41945.7,134,455064,19248,1,47.13,313.03,10.85
2025-01-04,Direct Traffic,New Product Launch,First Touch,10020,234,7207.2,16,39776,7874,5,30.8,450.45,5.52
2025-06-17,Meta Ads,Winter Sale,First Touch,44722,1961,82734.59,251,379512,30559,5,42.19,329.62,4.59
2025-02-22,Display Ads,Summer Sale,First Touch,34067,2138,121759.1,314,752972,25035,5,56.95,387.77,6.18
2025-03-10,Email,Lead Gen,Linear,11840,275,15075.5,37,138639,9903,3,54.82,407.45,9.2
2025-01-21,Meta Ads,Retargeting,Linear,20108,770,28297.5,37,154253,12379,1,36.75,764.8,5.45
2025-03-02,Direct Traffic,App Install,Linear,34737,2681,24423.91,416,959712,26476,5,9.11,58.71,39.29
2025-04-09,Email,Discount Offer,First Touch,23290,1659,46385.64,54,149418,17947,4,27.96,858.99,3.22
2025-01-12,Meta Ads,New Product Launch,Last Touch,17086,1018,36332.42,131,173968,14241,1,35.69,277.35,4.79
2025-06-05,Email,Winter Sale,Linear,19191,1255,32291.15,193,574561,16599,1,25.73,167.31,17.79
2025-01-28,Social Media,Festive Offer,Linear,49431,1841,109594.73,202,593072,43478,5,59.53,542.55,5.41
2025-05-13,Email,Retargeting,Last Touch,35627,2306,129320.48,114,143868,27010,3,56.08,1134.39,1.11
2025-01-22,Meta Ads,Lead Gen,Last Touch,27120,1471,14724.71,104,239200,24360,3,10.01,141.58,16.24
2025-06-17,Social Media,Brand Awareness,First Touch,25112,1358,33529.02,94,181608,19827,4,24.69,356.69,5.42
2025-01-05,Display Ads,Brand Awareness,Last Touch,7425,578,19056.66,90,188280,5385,1,32.97,211.74,9.88
2025-05-29,Google Ads,Winter Sale,Linear,41139,1597,18094.01,90,390330,29617,3,11.33,201.04,21.57
2025-05-07,Meta Ads,New Product Launch,Linear,16435,473,18981.49,17,28356,8847,2,40.13,1116.56,1.49
2025-06-25,Social Media,App Install,Linear,25796,580,26274.0,22,90772,17142,3,45.3,1194.27,3.45
2025-01-05,Direct Traffic,Summer Sale,Linear,7931,444,11628.36,18,54306,4428,5,26.19,646.02,4.67
2025-01-20,Meta Ads,New Product Launch,Last Touch,42379,1791,90946.98,165,631785,35163,3,50.78,551.19,6.95
2025-02-06,Google Ads,Summer Sale,Linear,28611,1147,33515.34,146,456542,19122,5,29.22,229.56,13.62
2025-01-08,Meta Ads,Summer Sale,First Touch,24062,1824,101086.08,61,225334,15495,3,55.42,1657.15,2.23
2025-05-11,Direct Traffic,Lead Gen,Linear,27547,2104,58280.8,247,961077,25672,2,27.7,235.95,16.49
2025-04-08,Direct Traffic,Discount Offer,First Touch,19718,1063,63663.07,132,555192,16708,5,59.89,482.3,8.72
2025-02-01,Social Media,Brand Awareness,Linear,35954,2141,75063.46,166,331668,27580,2,35.06,452.19,4.42
2025-03-26,Meta Ads,Summer Sale,First Touch,34872,1356,79407.36,181,546982,30868,3,58.56,438.71,6.89
2025-01-21,Email,Lead Gen,Linear,10009,749,31435.53,90,273420,8435,2,41.97,349.28,8.7
2025-05-26,Meta Ads,Lead Gen,First Touch,31713,1916,81679.08,231,1030029,20556,3,42.63,353.59,12.61
2025-03-22,Google Ads,Discount Offer,Last Touch,32592,1639,25765.08,170,741880,19541,2,15.72,151.56,28.79
2025-04-27,Google Ads,Retargeting,First Touch,32435,1161,42771.24,196,831432,17871,2,36.84,218.22,19.44
2025-01-09,Display Ads,Brand Awareness,Linear,15940,1265,18823.2,202,563378,15377,4,14.88,93.18,29.93
2025-04-01,Meta Ads,Festive Offer,Linear,41499,1431,33285.06,115,296470,40130,5,23.26,289.44,8.91
2025-06-07,Google Ads,Brand Awareness,First Touch,28262,2176,120463.36,271,1147143,27808,4,55.36,444.51,9.52
2025-03-16,Display Ads,Retargeting,Linear,17022,1079,41714.14,165,542190,9883,2,38.66,252.81,13.0
2025-01-02,Social Media,Loyalty,Last Touch,49165,2898,80361.54,277,909391,48257,5,27.73,290.11,11.32
2025-03-13,Google Ads,New Product Launch,Last Touch,37328,1510,56368.3,248,886352,35317,4,37.33,227.29,15.72
2025-03-15,Email,Festive Offer,Last Touch,16692,1288,13111.84,221,926874,11797,4,10.18,59.33,70.69
2025-05-13,Email,Loyalty,Linear,25602,664,15145.84,31,71951,20774,4,22.81,488.58,4.75
2025-02-27,Meta Ads,Winter Sale,Last Touch,44725,2916,163500.12,378,671706,25506,2,56.07,432.54,4.11
2025-05-22,Social Media,Retargeting,First Touch,44216,3278,189828.98,363,1623336,28502,1,57.91,522.94,8.55
2025-05-06,Google Ads,Summer Sale,First Touch,23470,1795,67671.5,250,833250,13802,4,37.7,270.69,12.31
2025-03-17,Google Ads,Discount Offer,Last Touch,33328,1652,20683.04,83,194220,20480,3,12.52,249.19,9.39
2025-01-21,Direct Traffic,New Product Launch,Linear,9872,391,13438.67,27,102141,9137,1,34.37,497.73,7.6
2025-06-30,Direct Traffic,Summer Sale,First Touch,33401,869,38818.23,94,186026,17867,1,44.67,412.96,4.79
2025-03-04,Meta Ads,Loyalty,Last Touch,19431,1173,25559.67,61,119926,17853,3,21.79,419.01,4.69
2025-02-03,Meta Ads,Discount Offer,Linear,19037,384,4416.0,43,88322,12436,1,11.5,102.7,20.0
2025-04-18,Direct Traffic,Winter Sale,Linear,29922,1731,34983.51,142,478824,25724,2,20.21,246.36,13.69
2025-03-18,Meta Ads,Winter Sale,Linear,36788,1817,74060.92,217,743225,34154,3,40.76,341.29,10.04
2025-01-25,Meta Ads,Discount Offer,Last Touch,32498,2540,63296.8,328,549072,19135,4,24.92,192.98,8.67
2025-03-23,Direct Traffic,Discount Offer,Last Touch,31089,1936,93373.28,198,890208,29699,4,48.23,471.58,9.53
2025-06-03,Display Ads,New Product Launch,First Touch,24066,868,16656.92,136,391000,13029,5,19.19,122.48,23.47
2025-03-24,Email,Summer Sale,Last Touch,30649,2100,63231.0,145,206335,19720,4,30.11,436.08,3.26
2025-02-26,Email,Brand Awareness,Last Touch,34336,1530,57788.1,84,171696,20782,5,37.77,687.95,2.97
2025-06-06,Email,Retargeting,Linear,40374,855,38953.8,128,200832,31108,3,45.56,304.33,5.16
2025-05-22,Google Ads,Brand Awareness,Linear,18792,784,14362.88,41,139154,15876,2,18.32,350.31,9.69
2025-03-16,Meta Ads,Summer Sale,Last Touch,32092,1057,48759.41,180,242460,29898,1,46.13,270.89,4.97
2025-05-15,Google Ads,Lead Gen,Last Touch,36778,828,18812.16,27,102222,26492,1,22.72,696.75,5.43
2025-03-11,Direct Traffic,Discount Offer,Last Touch,47944,2111,106711.05,340,525980,26479,1,50.55,313.86,4.93
2025-05-10,Direct Traffic,Festive Offer,First Touch,5966,385,13925.45,64,101824,5392,4,36.17,217.59,7.31
2025-02-19,Social Media,Winter Sale,Last Touch,32862,1667,15369.74,118,239540,19697,3,9.22,130.25,15.59
2025-06-17,Social Media,App Install,Last Touch,24086,1102,21555.12,100,234000,19962,3,19.56,215.55,10.86
2025-06-29,Social Media,Lead Gen,First Touch,30061,632,21393.2,56,152656,27526,5,33.85,382.02,7.14
2025-01-28,Display Ads,New Product Launch,Linear,6631,290,5820.3,24,84144,3761,3,20.07,242.51,14.46
2025-03-27,Meta Ads,Discount Offer,First Touch,41758,1259,66689.23,130,288990,23627,2,52.97,512.99,4.33
2025-04-14,Social Media,App Install,Linear,42135,2765,30580.9,287,828282,31272,3,11.06,106.55,27.08
2025-02-08,Google Ads,Summer Sale,Linear,42048,2351,125331.81,165,339240,39453,4,53.31,759.59,2.71
2025-05-20,Display Ads,Summer Sale,Linear,20449,803,36022.58,86,363694,11558,1,44.86,418.87,10.1
2025-04-19,Direct Traffic,Discount Offer,Last Touch,13341,872,14326.96,124,233120,8286,4,16.43,115.54,16.27
2025-01-30,Google Ads,Festive Offer,Last Touch,16188,931,32845.68,47,161680,11519,4,35.28,698.84,4.92
2025-01-03,Email,Discount Offer,Last Touch,24282,1534,82483.18,108,272160,22218,3,53.77,763.73,3.3
2025-05-25,Direct Traffic,Retargeting,First Touch,24018,1234,22989.42,150,618900,18091,5,18.63,153.26,26.92
2025-06-04,Email,App Install,Last Touch,18803,1432,80492.72,197,345538,12091,5,56.21,408.59,4.29
2025-05-02,Google Ads,Summer Sale,Last Touch,16745,485,5572.65,85,210545,11446,2,11.49,65.56,37.78
2025-06-27,Google Ads,Lead Gen,Last Touch,26694,685,27742.5,81,119313,19088,5,40.5,342.5,4.3
2025-02-27,Email,Brand Awareness,First Touch,22994,851,47145.4,79,330773,16506,3,55.4,596.78,7.02
2025-06-09,Display Ads,Winter Sale,Linear,40456,2366,43841.98,281,455501,27320,3,18.53,156.02,10.39
2025-02-15,Email,Loyalty,First Touch,13303,902,34763.08,130,331760,11366,5,38.54,267.41,9.54
2025-06-04,Email,Loyalty,Linear,36025,1172,9540.08,75,156450,21004,5,8.14,127.2,16.4
2025-02-07,Meta Ads,Retargeting,Last Touch,5016,197,10754.23,7,23065,4308,4,54.59,1536.32,2.14
2025-06-20,Display Ads,Summer Sale,Last Touch,37792,2479,50869.08,220,961180,31529,4,20.52,231.22,18.9
2025-04-01,Email,Lead Gen,Last Touch,39779,982,38769.36,60,112800,28989,2,39.48,646.16,2.91
2025-04-22,Social Media,App Install,Last Touch,21419,1309,48446.09,124,325624,13625,1,37.01,390.69,6.72
2025-04-04,Display Ads,Summer Sale,Linear,32792,1076,39930.36,193,382526,28928,3,37.11,206.89,9.58
2025-02-15,Direct Traffic,Brand Awareness,First Touch,33972,1415,25653.95,166,422470,20069,3,18.13,154.54,16.47
2025-03-06,Social Media,Brand Awareness,Linear,22893,503,11216.9,51,70329,22841,3,22.3,219.94,6.27
2025-03-12,Direct Traffic,Brand Awareness,Linear,6994,502,28227.46,90,341010,5358,4,56.23,313.64,12.08
2025-02-14,Display Ads,Lead Gen,First Touch,7503,316,12598.92,43,175870,6766,2,39.87,293.0,13.96
2025-02-03,Google Ads,Festive Offer,First Touch,8673,404,18159.8,31,106268,6609,2,44.95,585.8,5.85
2025-06-17,Social Media,Brand Awareness,Last Touch,49039,3476,85022.96,474,1707822,48181,3,24.46,179.37,20.09
2025-05-13,Google Ads,Festive Offer,Last Touch,48759,2934,33388.92,451,1467554,29212,3,11.38,74.03,43.95
2025-01-22,Meta Ads,App Install,First Touch,23056,1302,57040.62,118,448636,11580,3,43.81,483.4,7.87
2025-03-12,Social Media,Summer Sale,First Touch,27377,1313,67593.24,56,173376,15132,1,51.48,1207.02,2.56
2025-01-24,Meta Ads,Discount Offer,First Touch,25807,1431,83312.82,207,917010,13074,2,58.22,402.48,11.01
2025-06-13,Email,App Install,First Touch,21169,814,35335.74,139,275498,12758,3,43.41,254.21,7.8
2025-01-14,Display Ads,Winter Sale,First Touch,23282,661,16135.01,42,82782,16110,2,24.41,384.17,5.13
2025-02-15,Email,Winter Sale,Linear,33809,1212,40565.64,141,370548,31638,2,33.47,287.7,9.13
2025-01-10,Social Media,Festive Offer,First Touch,40255,2178,129983.04,207,796122,29586,2,59.68,627.94,6.12
2025-03-29,Direct Traffic,Lead Gen,Linear,22625,575,27726.5,39,121485,15585,1,48.22,710.94,4.38
2025-01-30,Social Media,Retargeting,Last Touch,14162,680,16864.0,77,299992,11901,1,24.8,219.01,17.79
2025-03-24,Direct Traffic,Discount Offer,Linear,28519,2057,17299.37,191,490870,19775,1,8.41,90.57,28.38
2025-02-17,Email,Winter Sale,First Touch,35594,1879,88519.69,180,670500,32753,5,47.11,491.78,7.57
2025-05-28,Direct Traffic,Festive Offer,Linear,31170,1509,31191.03,209,765149,21120,4,20.67,149.24,24.53
2025-06-23,Display Ads,Winter Sale,First Touch,20355,1339,73444.15,141,412284,17154,3,54.85,520.88,5.61
2025-05-28,Display Ads,Loyalty,First Touch,15749,798,44656.08,130,527410,15597,5,55.96,343.51,11.81
2025-02-20,Social Media,Retargeting,First Touch,48477,1938,112248.96,340,838440,28873,3,57.92,330.14,7.47
2025-04-28,Display Ads,Retargeting,Last Touch,5055,300,5526.0,16,39344,2856,2,18.42,345.38,7.12
2025-03-02,Meta Ads,Festive Offer,First Touch,21038,615,22681.2,89,108580,18339,2,36.88,254.84,4.79
2025-03-30,Google Ads,App Install,Linear,30824,1908,105836.76,248,768304,26982,2,55.47,426.76,7.26
2025-01-25,Display Ads,Retargeting,Last Touch,13750,604,15106.04,43,170409,12858,4,25.01,351.3,11.28
2025-06-02,Display Ads,Lead Gen,First Touch,27732,1367,63565.5,161,339388,23836,2,46.5,394.82,5.34
2025-03-02,Email,Summer Sale,Last Touch,37863,2627,104423.25,375,568500,26470,2,39.75,278.46,5.44
2025-05-08,Meta Ads,Brand Awareness,First Touch,24787,1143,29329.38,146,429678,14862,3,25.66,200.89,14.65
2025-03-21,Display Ads,App Install,First Touch,22106,1713,51270.09,93,371442,19529,1,29.93,551.29,7.24
2025-04-30,Google Ads,Summer Sale,Linear,11645,691,20059.73,104,193232,8435,2,29.03,192.88,9.63
2025-05-28,Social Media,Festive Offer,Linear,34798,720,30240.0,93,272490,19185,3,42.0,325.16,9.01
2025-04-19,Email,Discount Offer,Linear,34508,1729,84046.69,236,800276,29209,1,48.61,356.13,9.52
2025-02-15,Display Ads,Lead Gen,Last Touch,49218,1220,10199.2,210,860580,43947,3,8.36,48.57,84.38
2025-02-20,Social Media,Loyalty,Linear,34818,1604,51600.68,57,182685,32490,3,32.17,905.28,3.54
2025-01-13,Social Media,Summer Sale,Last Touch,32898,1324,30981.6,202,691446,25205,2,23.4,153.37,22.32
2025-03-17,Email,Festive Offer,First Touch,34279,1353,55567.71,161,428743,18338,5,41.07,345.14,7.72
2025-04-12,Meta Ads,Retargeting,First Touch,40060,1028,47072.12,128,379520,29031,3,45.79,367.75,8.06
2025-04-28,Direct Traffic,Loyalty,First Touch,39311,2128,21514.08,168,227808,24463,5,10.11,128.06,10.59
2025-06-13,Google Ads,Festive Offer,Linear,10161,409,16813.99,30,85230,5263,2,41.11,560.47,5.07
2025-03-07,Direct Traffic,Discount Offer,Last Touch,12630,854,32187.26,153,569313,10526,5,37.69,210.37,17.69
2025-03-04,Direct Traffic,Brand Awareness,Last Touch,42574,2059,97926.04,196,834764,27372,3,47.56,499.62,8.52
2025-05-09,Direct Traffic,Brand Awareness,Linear,31127,2321,100429.67,164,470188,18956,1,43.27,612.38,4.68
2025-04-17,Direct Traffic,Retargeting,Last Touch,22501,1074,52722.66,134,213998,14876,2,49.09,393.45,4.06
2025-01-05,Direct Traffic,Summer Sale,First Touch,9176,520,23847.2,63,194418,8034,5,45.86,378.53,8.15
2025-03-26,Social Media,Festive Offer,Last Touch,41546,862,22162.02,70,211400,25746,4,25.71,316.6,9.54
2025-05-08,Meta Ads,Lead Gen,Linear,16141,974,20746.2,33,116820,15997,1,21.3,628.67,5.63
2025-06-11,Display Ads,Lead Gen,Last Touch,10445,338,20012.98,28,67060,7805,4,59.21,714.75,3.35
2025-06-22,Display Ads,Brand Awareness,First Touch,45951,2531,102404.26,290,841290,23742,3,40.46,353.12,8.22
2025-05-23,Direct Traffic,App Install,First Touch,29594,2227,33070.95,269,458645,16385,4,14.85,122.94,13.87
2025-02-25,Meta Ads,Discount Offer,Linear,23962,736,11974.72,107,450256,18552,5,16.27,111.91,37.6
2025-04-15,Email,New Product Launch,Last Touch,44272,1626,78161.82,202,791840,42882,3,48.07,386.94,10.13
2025-05-09,Social Media,Lead Gen,Last Touch,19752,1413,47660.49,140,425600,12447,2,33.73,340.43,8.93
2025-04-13,Email,Brand Awareness,Linear,26892,1768,74468.16,234,374868,19726,5,42.12,318.24,5.03
2025-06-17,Display Ads,Festive Offer,Last Touch,17378,1011,40621.98,51,190689,16936,1,40.18,796.51,4.69
2025-06-03,Social Media,Festive Offer,First Touch,26300,1488,24790.08,184,736552,14640,3,16.66,134.73,29.71
2025-01-06,Direct Traffic,Loyalty,Linear,30515,1621,85750.9,255,474555,22757,3,52.9,336.28,5.53
2025-03-03,Meta Ads,App Install,Linear,18093,712,16546.88,116,237452,16601,4,23.24,142.65,14.35
2025-03-04,Direct Traffic,Loyalty,Last Touch,20852,1413,82787.67,148,244940,20322,3,58.59,559.38,2.96
2025-02-10,Meta Ads,App Install,Linear,9577,195,1887.6,25,83200,8639,4,9.68,75.5,44.08
2025-01-19,Display Ads,Winter Sale,Linear,40215,1096,53024.48,139,470793,20884,4,48.38,381.47,8.88
2025-05-04,Direct Traffic,Brand Awareness,Last Touch,31109,2168,99099.28,78,221208,27295,5,45.71,1270.5,2.23
2025-06-11,Direct Traffic,App Install,Last Touch,13130,344,17905.2,49,175126,12738,1,52.05,365.41,9.78
2025-02-13,Email,Festive Offer,Linear,27271,777,16037.28,79,180357,15226,3,20.64,203.0,11.25
2025-06-14,Direct Traffic,Discount Offer,Last Touch,37215,2424,114800.64,197,792334,33178,3,47.36,582.74,6.9
2025-04-26,Direct Traffic,Winter Sale,Linear,23041,1282,61010.38,66,157146,11945,2,47.59,924.4,2.58
2025-04-05,Social Media,Summer Sale,Linear,24085,924,41783.28,106,259488,19829,4,45.22,394.18,6.21
2025-06-22,Email,Retargeting,Linear,13424,386,8955.2,33,125664,8579,1,23.2,271.37,14.03
2025-02-24,Social Media,Winter Sale,First Touch,43288,897,24165.18,95,315020,34942,4,26.94,254.37,13.04
2025-06-08,Meta Ads,Summer Sale,Linear,15215,840,28610.4,91,250068,14696,4,34.06,314.4,8.74
2025-06-15,Meta Ads,Lead Gen,Last Touch,16494,808,22422.0,105,153825,13856,2,27.75,213.54,6.86
2025-03-21,Meta Ads,New Product Launch,First Touch,23239,1313,60266.7,62,124372,17459,4,45.9,972.04,2.06
2025-04-28,Social Media,Brand Awareness,Linear,39348,2907,135320.85,245,326830,32731,1,46.55,552.33,2.42
2025-03-26,Social Media,Discount Offer,Last Touch,41260,3205,166724.1,354,539850,22464,4,52.02,470.97,3.24
2025-05-26,Social Media,New Product Launch,First Touch,21781,1477,25847.5,251,552953,14631,4,17.5,102.98,21.39
2025-02-15,Google Ads,Loyalty,Last Touch,41174,1508,70333.12,211,308060,24930,5,46.64,333.33,4.38
2025-03-19,Google Ads,New Product Launch,First Touch,20986,1157,44232.11,115,390885,11329,3,38.23,384.63,8.84
2025-06-12,Google Ads,New Product Launch,Last Touch,12628,587,19224.25,26,93964,8075,5,32.75,739.39,4.89
2025-05-05,Email,Loyalty,First Touch,43123,1974,108688.44,272,819536,42618,2,55.06,399.59,7.54
2025-05-31,Direct Traffic,Loyalty,Last Touch,5032,176,5133.92,12,45420,3239,3,29.17,427.83,8.85
2025-05-10,Display Ads,Lead Gen,Last Touch,47289,1795,95314.5,120,279240,45855,5,53.1,794.29,2.93
2025-05-09,Email,App Install,First Touch,16939,834,20516.4,146,456542,16591,2,24.6,140.52,22.25
2025-02-15,Google Ads,Festive Offer,Linear,24964,640,33811.2,52,208676,21306,2,52.83,650.22,6.17
2025-02-19,Google Ads,New Product Launch,First Touch,25132,1259,31021.76,137,222077,23784,3,24.64,226.44,7.16
2025-06-06,Meta Ads,Loyalty,Linear,15131,596,10716.08,53,100859,14547,2,17.98,202.19,9.41
2025-06-06,Direct Traffic,Retargeting,Last Touch,38847,3063,128584.74,454,1994422,28250,2,41.98,283.23,15.51
2025-03-09,Display Ads,Winter Sale,Last Touch,14501,556,25459.24,85,211735,10934,3,45.79,299.52,8.32
2025-04-19,Social Media,Festive Offer,Last Touch,5371,353,10240.53,61,161528,5330,2,29.01,167.88,15.77
2025-04-27,Email,Brand Awareness,Linear,18252,593,26845.11,44,120076,9513,3,45.27,610.12,4.47
2025-04-20,Display Ads,Summer Sale,Linear,41698,2682,132678.54,328,984656,29826,1,49.47,404.51,7.42
2025-01-20,Meta Ads,Retargeting,Last Touch,36436,2786,108180.38,481,667628,30999,4,38.83,224.91,6.17
2025-03-05,Email,Loyalty,Linear,29577,696,7600.32,56,190568,20841,4,10.92,135.72,25.07
2025-03-14,Google Ads,App Install,First Touch,9848,388,18744.28,35,63735,6156,5,48.31,535.55,3.4
2025-03-18,Social Media,New Product Launch,Linear,10767,498,12474.9,55,214830,7518,5,25.05,226.82,17.22
2025-05-16,Email,Brand Awareness,First Touch,9456,683,30297.88,96,257184,8380,2,44.36,315.6,8.49
2025-02-17,Email,App Install,First Touch,35199,1468,26937.8,257,580820,25966,5,18.35,104.82,21.56
2025-01-06,Meta Ads,Discount Offer,Linear,31920,1456,72683.52,217,729988,16947,5,49.92,334.95,10.04
2025-04-06,Google Ads,Loyalty,Last Touch,7102,551,29423.4,43,146458,5566,3,53.4,684.27,4.98
2025-05-28,Email,Discount Offer,Linear,9951,536,31441.76,78,263484,6271,5,58.66,403.1,8.38
2025-01-23,Social Media,App Install,Linear,47609,3788,178414.8,549,1627785,32876,4,47.1,324.98,9.12
2025-04-26,Direct Traffic,Retargeting,Linear,26655,649,27056.81,52,174772,26124,4,41.69,520.32,6.46
2025-01-06,Display Ads,Loyalty,Last Touch,5416,310,8766.8,9,22680,4457,2,28.28,974.09,2.59
2025-03-08,Meta Ads,Loyalty,Linear,26405,1371,57568.29,82,291264,19012,5,41.99,702.05,5.06
2025-02-09,Meta Ads,Retargeting,First Touch,25216,779,7291.44,93,126573,14694,5,9.36,78.4,17.36
2025-03-31,Google Ads,Summer Sale,Last Touch,20080,1194,22077.06,65,150150,13857,2,18.49,339.65,6.8
2025-04-01,Google Ads,Retargeting,Last Touch,13068,915,25171.65,88,373736,12595,2,27.51,286.04,14.85
2025-04-08,Google Ads,App Install,Last Touch,31160,994,47801.46,117,200070,17101,2,48.09,408.56,4.19
2025-05-10,Social Media,Lead Gen,First Touch,15674,1025,14616.5,105,386085,10772,3,14.26,139.2,26.41
2025-04-17,Meta Ads,New Product Launch,First Touch,38220,1589,33798.03,74,227254,19639,1,21.27,456.73,6.72
2025-04-08,Display Ads,Festive Offer,First Touch,28244,1175,28341.0,46,178020,19048,2,24.12,616.11,6.28
2025-06-29,Google Ads,Festive Offer,Last Touch,6038,465,10364.85,59,148916,3204,2,22.29,175.68,14.37
2025-03-05,Meta Ads,Loyalty,First Touch,13385,684,10458.36,68,92412,7193,5,15.29,153.8,8.84
2025-02-23,Direct Traffic,Winter Sale,Last Touch,45472,2041,33043.79,114,378936,27696,2,16.19,289.86,11.47
2025-04-04,Google Ads,Retargeting,First Touch,37607,1212,35135.88,104,237744,29323,1,28.99,337.84,6.77
2025-01-07,Email,Brand Awareness,Last Touch,7242,464,7196.64,42,143178,5165,5,15.51,171.35,19.9
2025-05-15,Meta Ads,Retargeting,First Touch,5979,244,4777.52,22,32362,3449,4,19.58,217.16,6.77
2025-04-29,Display Ads,Lead Gen,Last Touch,13808,986,49388.74,29,91350,10750,3,50.09,1703.06,1.85
2025-02-02,Email,Lead Gen,Last Touch,45213,2717,35348.17,282,997998,29037,2,13.01,125.35,28.23
2025-02-26,Social Media,Retargeting,First Touch,19781,1178,54953.7,162,381672,11614,2,46.65,339.22,6.95
2025-02-27,Email,Retargeting,Linear,48212,1835,82464.9,182,658658,41142,5,44.94,453.1,7.99
2025-05-28,Email,Retargeting,Last Touch,32657,1387,21567.85,194,259960,28582,4,15.55,111.17,12.05
2025-06-11,Google Ads,New Product Launch,First Touch,5938,169,1651.13,25,46575,4594,3,9.77,66.05,28.21
2025-01-03,Social Media,App Install,Last Touch,27537,860,45769.2,151,432011,21175,2,53.22,303.11,9.44
2025-04-27,Social Media,Winter Sale,Linear,33826,915,20605.8,132,340692,27964,2,22.52,156.1,16.53
2025-03-07,Email,App Install,Linear,34905,2087,89198.38,169,562094,26065,1,42.74,527.8,6.3
2025-04-04,Display Ads,Brand Awareness,Linear,13272,340,19958.0,52,87984,11145,3,58.7,383.81,4.41
2025-02-02,Email,Winter Sale,Last Touch,33584,1786,101551.96,312,1019304,22775,4,56.86,325.49,10.04
2025-05-11,Meta Ads,Retargeting,Linear,19539,1300,23829.0,184,616768,12255,5,18.33,129.51,25.88
2025-05-16,Social Media,Brand Awareness,Linear,28767,1506,66369.42,270,508410,20518,2,44.07,245.81,7.66
2025-01-26,Direct Traffic,Retargeting,Linear,46570,3331,65853.87,564,2331012,28267,5,19.77,116.76,35.4
2025-06-06,Display Ads,New Product Launch,Last Touch,8205,636,36468.24,47,156839,7552,4,57.34,775.92,4.3
2025-04-30,Email,Retargeting,Linear,24660,493,10387.51,55,136180,15750,5,21.07,188.86,13.11
2025-06-02,Google Ads,Brand Awareness,Last Touch,14194,406,20612.62,58,127194,10302,2,50.77,355.39,6.17
2025-06-15,Display Ads,Festive Offer,Linear,17672,617,16177.74,39,90909,11136,4,26.22,414.81,5.62
2025-02-01,Direct Traffic,Loyalty,Linear,14951,483,7443.03,34,86394,7563,1,15.41,218.91,11.61
2025-05-14,Email,Lead Gen,First Touch,46192,2582,51820.74,247,422617,40831,5,20.07,209.8,8.16
2025-04-27,Meta Ads,Discount Offer,Linear,27372,1984,113822.08,71,159466,15534,4,57.37,1603.13,1.4
2025-04-20,Social Media,Retargeting,Linear,36935,2419,47605.92,109,457473,30347,2,19.68,436.75,9.61
2025-06-20,Display Ads,Festive Offer,Last Touch,8712,507,26865.93,36,149940,6615,3,52.99,746.28,5.58
2025-06-13,Social Media,Summer Sale,Last Touch,48711,3418,202072.16,145,234030,47721,4,59.12,1393.6,1.16
2025-03-04,Social Media,App Install,First Touch,43737,2013,43923.66,361,1480822,37854,5,21.82,121.67,33.71
2025-06-05,Social Media,Festive Offer,Linear,39011,2817,120314.07,102,167382,38849,1,42.71,1179.55,1.39
2025-05-28,Google Ads,Discount Offer,First Touch,28638,1569,70416.72,189,531468,26087,1,44.88,372.58,7.55
2025-03-30,Direct Traffic,App Install,Last Touch,42574,3057,30386.58,274,1232452,41869,4,9.94,110.9,40.56
2025-06-21,Google Ads,New Product Launch,Linear,16844,361,20645.59,16,46208,8886,4,57.19,1290.35,2.24
2025-03-06,Email,Summer Sale,Last Touch,21298,779,37976.25,61,247843,21049,3,48.75,622.56,6.53
2025-02-11,Meta Ads,Lead Gen,Linear,47486,1866,53871.42,153,291312,40121,1,28.87,352.1,5.41
2025-03-27,Email,Loyalty,Linear,19914,776,18546.4,129,202530,16609,3,23.9,143.77,10.92
2025-06-09,Display Ads,Retargeting,Last Touch,18248,654,29286.12,54,243000,16296,3,44.78,542.34,8.3
2025-02-10,Meta Ads,Summer Sale,First Touch,12305,386,9321.9,40,153200,10743,3,24.15,233.05,16.43
2025-05-24,Social Media,Retargeting,Last Touch,45532,2811,51525.63,122,445178,44497,4,18.33,422.34,8.64
2025-03-09,Meta Ads,Summer Sale,Linear,28186,1234,68992.94,56,236040,27438,3,55.91,1232.02,3.42
2025-06-07,Social Media,Discount Offer,Last Touch,19734,918,9290.16,102,401268,14352,1,10.12,91.08,43.19
2025-05-07,Meta Ads,New Product Launch,First Touch,19800,919,46133.8,47,113505,13892,1,50.2,981.57,2.46
2025-06-06,Display Ads,App Install,Last Touch,41459,2200,82588.0,202,671448,39763,4,37.54,408.85,8.13
2025-06-10,Social Media,Festive Offer,Linear,22137,1381,81561.86,207,471753,18134,3,59.06,394.02,5.78
2025-04-04,Meta Ads,Summer Sale,Linear,28401,699,30790.95,54,220158,18245,5,44.05,570.2,7.15
2025-05-29,Meta Ads,Discount Offer,Linear,36177,1885,25353.25,290,618570,29502,5,13.45,87.42,24.4
2025-02-27,Display Ads,Winter Sale,Linear,8486,404,12431.08,47,68808,5646,1,30.77,264.49,5.54
2025-05-24,Display Ads,Lead Gen,Linear,8771,646,21175.88,87,127107,7288,1,32.78,243.4,6.0
2025-03-12,Social Media,Winter Sale,Linear,6807,427,14313.04,57,99522,5026,2,33.52,251.11,6.95
2025-06-19,Display Ads,Winter Sale,Linear,49215,1883,37829.47,282,924960,37948,2,20.09,134.15,24.45
2025-05-19,Direct Traffic,Loyalty,Last Touch,5444,426,4579.5,60,216360,3212,1,10.75,76.33,47.25
2025-06-07,Google Ads,Lead Gen,Last Touch,15564,995,20835.3,119,512652,9251,2,20.94,175.09,24.6
2025-01-08,Direct Traffic,App Install,Linear,12831,512,6604.8,46,187266,12029,4,12.9,143.58,28.35
2025-04-15,Display Ads,App Install,First Touch,27498,851,20577.18,48,142176,17877,4,24.18,428.69,6.91
2025-01-24,Meta Ads,Winter Sale,Last Touch,18146,609,36083.25,76,196916,16474,1,59.25,474.78,5.46
2025-05-15,Email,Brand Awareness,Linear,8991,709,7855.72,60,113400,4509,5,11.08,130.93,14.44
2025-01-04,Google Ads,Summer Sale,Last Touch,25071,543,29903.01,62,92008,15359,2,55.07,482.31,3.08
2025-06-12,Social Media,App Install,First Touch,40075,1326,34409.7,213,390429,39688,3,25.95,161.55,11.35
2025-05-27,Meta Ads,App Install,Linear,16632,838,42193.3,81,303588,8951,5,50.35,520.9,7.2
2025-01-31,Email,Winter Sale,First Touch,27875,1699,65734.31,93,149544,22090,2,38.69,706.82,2.27
2025-06-04,Meta Ads,Loyalty,Last Touch,34797,2634,96114.66,232,703888,21211,5,36.49,414.29,7.32
2025-01-17,Email,New Product Launch,Last Touch,14265,490,24749.9,28,79940,7472,3,50.51,883.93,3.23
2025-01-16,Display Ads,Loyalty,First Touch,39068,994,41797.7,165,578490,38378,5,42.05,253.32,13.84
2025-05-14,Display Ads,Lead Gen,Linear,18168,671,10091.84,96,230304,16068,4,15.04,105.12,22.82
2025-04-22,Display Ads,Discount Offer,Last Touch,6561,324,8009.28,33,92136,4532,4,24.72,242.71,11.5
2025-03-15,Direct Traffic,Brand Awareness,Linear,7728,241,3046.24,39,166257,7551,5,12.64,78.11,54.58
2025-05-19,Meta Ads,Summer Sale,Linear,8142,423,4420.35,31,61101,5511,5,10.45,142.59,13.82
2025-01-14,Direct Traffic,Festive Offer,Linear,38316,1970,34021.9,168,682584,20623,2,17.27,202.51,20.06
2025-01-26,Display Ads,Retargeting,First Touch,25991,633,11767.47,38,145274,23038,1,18.59,309.67,12.35
2025-01-12,Display Ads,New Product Launch,Linear,12623,952,7854.0,62,158348,7761,4,8.25,126.68,20.16
2025-02-28,Email,Festive Offer,First Touch,15218,433,9006.4,56,164136,13182,5,20.8,160.83,18.22
2025-06-10,Email,New Product Launch,Linear,22866,1018,8683.54,156,428064,15989,2,8.53,55.66,49.3
2025-05-05,Email,Loyalty,First Touch,46060,2835,28831.95,411,709797,44753,2,10.17,70.15,24.62
2025-01-19,Direct Traffic,Discount Offer,First Touch,15415,1142,38142.8,65,165100,9078,3,33.4,586.81,4.33
2025-06-24,Direct Traffic,Festive Offer,Last Touch,40144,1492,78315.08,103,444651,23984,4,52.49,760.34,5.68
2025-02-21,Google Ads,Lead Gen,Last Touch,18158,501,29944.77,50,82350,10904,2,59.77,598.9,2.75
2025-01-10,Display Ads,Retargeting,First Touch,9417,324,12960.0,31,55304,8329,5,40.0,418.06,4.27
2025-01-11,Direct Traffic,Lead Gen,First Touch,18790,1193,12264.04,38,69350,14987,3,10.28,322.74,5.65
2025-02-14,Email,App Install,First Touch,47214,1104,30647.04,189,618030,25692,2,27.76,162.15,20.17
2025-02-17,Direct Traffic,New Product Launch,Last Touch,48123,3044,28370.08,292,644152,43776,5,9.32,97.16,22.71
2025-03-15,Social Media,Retargeting,First Touch,40856,3180,34821.0,422,1214938,37403,5,10.95,82.51,34.89
2025-01-05,Social Media,Retargeting,Linear,26080,1101,17021.46,50,107850,13136,4,15.46,340.43,6.34
2025-01-01,Social Media,Brand Awareness,Last Touch,42155,1145,22522.15,142,498136,38954,1,19.67,158.61,22.12
2025-01-06,Direct Traffic,App Install,Linear,47256,2039,89002.35,179,763256,31415,4,43.65,497.22,8.58
2025-06-06,Email,Summer Sale,Linear,34817,1697,92876.81,166,444050,24742,2,54.73,559.5,4.78
2025-03-15,Direct Traffic,Retargeting,Last Touch,21856,1593,43234.02,52,233948,15840,2,27.14,831.42,5.41
2025-01-11,Display Ads,Festive Offer,Linear,40487,2878,170809.3,140,527240,31808,2,59.35,1220.07,3.09
2025-04-14,Display Ads,Festive Offer,Last Touch,34642,1615,45543.0,136,344760,30391,2,28.2,334.88,7.57
2025-05-16,Meta Ads,New Product Launch,First Touch,17515,947,54263.1,132,582252,14711,4,57.3,411.08,10.73
2025-05-21,Display Ads,Summer Sale,Linear,25112,823,12633.05,38,147098,19966,3,15.35,332.45,11.64
2025-06-09,Display Ads,Brand Awareness,First Touch,19232,774,42012.72,99,328581,16690,2,54.28,424.37,7.82
2025-04-24,Google Ads,New Product Launch,Last Touch,42184,2531,56213.51,359,1259013,26199,4,22.21,156.58,22.4
2025-05-28,Meta Ads,Retargeting,Last Touch,25741,1238,65787.32,61,194773,18050,5,53.14,1078.48,2.96
2025-06-06,Social Media,Brand Awareness,Linear,11361,763,9506.98,23,32568,8395,1,12.46,413.35,3.43
2025-03-22,Email,New Product Launch,Linear,14869,1152,27636.48,45,168840,10018,5,23.99,614.14,6.11
2025-04-25,Display Ads,Summer Sale,Linear,16483,616,8180.48,70,127540,10915,4,13.28,116.86,15.59
2025-01-31,Social Media,Loyalty,Last Touch,15373,825,33569.25,111,260961,13338,2,40.69,302.43,7.77
2025-01-30,Direct Traffic,Retargeting,Last Touch,11361,742,11167.1,64,176192,9586,2,15.05,174.49,15.78
2025-01-06,Social Media,Summer Sale,Last Touch,43331,2353,73554.78,77,247478,40237,3,31.26,955.26,3.36
2025-03-28,Google Ads,Summer Sale,First Touch,16615,466,11002.26,41,74292,10125,2,23.61,268.35,6.75
2025-06-12,Email,Winter Sale,Linear,10444,431,25493.65,44,164868,10057,4,59.15,579.4,6.47
2025-02-13,Email,Winter Sale,First Touch,38647,1422,49855.32,238,762790,29761,2,35.06,209.48,15.3
2025-01-14,Direct Traffic,New Product Launch,Linear,25095,898,53700.4,72,166824,24834,4,59.8,745.84,3.11
2025-06-18,Google Ads,Summer Sale,Linear,7056,196,11538.52,24,101016,5877,1,58.87,480.77,8.75
2025-03-19,Display Ads,New Product Launch,Last Touch,29904,1294,57130.1,91,248976,20451,3,44.15,627.8,4.36
2025-05-12,Display Ads,Festive Offer,Linear,27421,766,19916.0,53,105470,21718,3,26.0,375.77,5.3
2025-03-10,Google Ads,App Install,Linear,10557,721,40008.29,114,189696,5466,2,55.49,350.95,4.74
2025-01-28,Meta Ads,Discount Offer,First Touch,29470,704,26568.96,46,71622,28885,1,37.74,577.59,2.7
2025-01-03,Direct Traffic,Brand Awareness,Linear,27356,1975,79217.25,105,395220,21227,3,40.11,754.45,4.99
2025-06-20,Google Ads,Loyalty,First Touch,8680,540,9925.2,76,116432,5860,1,18.38,130.59,11.73
2025-01-24,Google Ads,Festive Offer,Linear,20274,661,29930.08,58,218138,18809,2,45.28,516.04,7.29
2025-05-02,Meta Ads,App Install,Linear,17193,827,38075.08,98,142100,15846,2,46.04,388.52,3.73
2025-05-10,Google Ads,Discount Offer,First Touch,17957,642,34456.14,74,146150,11009,1,53.67,465.62,4.24
2025-02-18,Meta Ads,Summer Sale,First Touch,15644,683,35154.01,50,144400,11972,3,51.47,703.08,4.11
2025-02-25,Display Ads,Winter Sale,Last Touch,20779,1077,45287.85,188,419240,15000,2,42.05,240.89,9.26
2025-01-17,Google Ads,Discount Offer,Last Touch,27559,2043,22759.02,292,864612,15088,4,11.14,77.94,37.99
2025-01-04,Direct Traffic,Discount Offer,Last Touch,43544,2886,160317.3,388,1427840,23930,5,55.55,413.19,8.91
2025-03-09,Direct Traffic,Summer Sale,Last Touch,28469,1837,60584.26,192,830592,22247,3,32.98,315.54,13.71
2025-05-20,Direct Traffic,New Product Launch,First Touch,43484,1314,57710.88,120,370800,32370,4,43.92,480.92,6.43
2025-04-29,Display Ads,App Install,First Touch,14311,919,25777.95,158,279818,13612,3,28.05,163.15,10.85
2025-04-08,Direct Traffic,Retargeting,Last Touch,28967,603,29637.45,77,146839,16957,5,49.15,384.9,4.95
2025-02-17,Meta Ads,Discount Offer,First Touch,30643,1481,32715.29,88,284856,21747,2,22.09,371.76,8.71
2025-03-19,Social Media,Winter Sale,First Touch,17448,858,39150.54,81,150174,16708,1,45.63,483.34,3.84
2025-04-01,Google Ads,Discount Offer,Last Touch,36241,2046,31426.56,220,709280,25211,4,15.36,142.85,22.57
2025-05-06,Google Ads,Winter Sale,Linear,15394,620,14973.0,76,281580,8695,5,24.15,197.01,18.81
2025-02-03,Social Media,Winter Sale,Last Touch,29468,2016,106706.88,172,539908,15768,1,52.93,620.39,5.06
2025-04-25,Email,Festive Offer,First Touch,18726,1435,62838.65,238,590240,17164,3,43.79,264.03,9.39
2025-05-23,Email,Loyalty,Last Touch,17738,1314,76474.8,193,683992,12619,5,58.2,396.24,8.94
2025-06-06,Meta Ads,New Product Launch,Last Touch,41916,2019,18191.19,215,342065,33545,2,9.01,84.61,18.8
2025-06-09,Email,Discount Offer,Linear,37174,1775,97305.5,305,1275205,27303,1,54.82,319.03,13.11
2025-04-26,Display Ads,New Product Launch,Last Touch,14377,601,29112.44,60,126840,12374,1,48.44,485.21,4.36
2025-03-25,Email,Loyalty,Last Touch,41823,1203,26682.54,93,231198,40728,5,22.18,286.91,8.66
2025-02-21,Direct Traffic,New Product Launch,Linear,44654,1215,56060.1,170,339660,39481,5,46.14,329.77,6.06
2025-03-14,Meta Ads,Festive Offer,Last Touch,5715,216,4021.92,16,21088,5526,4,18.62,251.37,5.24
2025-01-21,Email,App Install,First Touch,34273,1972,72707.64,234,1007604,27428,1,36.87,310.72,13.86
2025-03-12,Display Ads,Winter Sale,First Touch,44750,2112,34784.64,104,131976,26435,1,16.47,334.47,3.79
2025-03-25,Social Media,App Install,Last Touch,14289,556,25281.32,62,234050,10701,3,45.47,407.76,9.26
2025-04-12,Meta Ads,Summer Sale,Linear,7263,425,10561.25,60,81660,7248,5,24.85,176.02,7.73
2025-01-15,Direct Traffic,Retargeting,Last Touch,9186,694,10604.32,31,57939,6518,1,15.28,342.07,5.46
2025-04-03,Email,Summer Sale,First Touch,32042,1301,15117.62,117,170118,24617,4,11.62,129.21,11.25
2025-06-14,Display Ads,Retargeting,Linear,10863,748,23427.36,35,79380,7293,2,31.32,669.35,3.39
2025-01-15,Direct Traffic,Lead Gen,First Touch,8439,494,21864.44,50,68600,6013,2,44.26,437.29,3.14
2025-02-09,Meta Ads,Lead Gen,Last Touch,26164,1131,46359.69,101,332189,25624,3,40.99,459.01,7.17
2025-05-07,Google Ads,Festive Offer,Linear,9453,211,8157.26,12,43032,8752,1,38.66,679.77,5.28
2025-03-31,Direct Traffic,Discount Offer,Linear,29124,1472,75233.92,131,238813,23347,1,51.11,574.3,3.17
2025-06-10,Direct Traffic,Loyalty,Last Touch,22409,1196,41345.72,64,129600,21159,3,34.57,646.03,3.13
2025-03-27,Meta Ads,Summer Sale,Last Touch,30731,834,19048.56,28,102788,26037,5,22.84,680.31,5.4
2025-04-14,Meta Ads,Retargeting,First Touch,7730,334,4525.7,56,114352,4684,5,13.55,80.82,25.27
2025-03-18,Direct Traffic,New Product Launch,Linear,24881,1036,11219.88,128,450688,16574,2,10.83,87.66,40.17
2025-05-11,Google Ads,Winter Sale,First Touch,19183,1338,70566.12,81,335988,15957,3,52.74,871.19,4.76
2025-04-28,Display Ads,Loyalty,First Touch,37222,1816,70878.48,271,1065572,26754,1,39.03,261.54,15.03
2025-06-07,Google Ads,Brand Awareness,First Touch,45584,1048,8991.84,74,88800,32735,4,8.58,121.51,9.88
2025-04-08,Direct Traffic,Loyalty,First Touch,11372,263,5049.6,15,43995,8740,1,19.2,336.64,8.71
2025-03-13,Display Ads,Brand Awareness,Last Touch,7293,539,12779.69,37,165723,4484,1,23.71,345.4,12.97
2025-06-12,Direct Traffic,Brand Awareness,Last Touch,16441,342,4268.16,22,78628,12695,3,12.48,194.01,18.42
2025-01-06,Direct Traffic,Loyalty,Last Touch,9147,584,9326.48,23,91471,7664,1,15.97,405.5,9.81
2025-01-10,Display Ads,Festive Offer,Last Touch,32028,976,8481.44,160,622240,17046,3,8.69,53.01,73.36
2025-03-14,Direct Traffic,App Install,First Touch,22516,483,10693.62,77,166397,18597,1,22.14,138.88,15.56
2025-06-16,Google Ads,Loyalty,Last Touch,41630,3210,107214.0,207,877887,22364,3,33.4,517.94,8.19
2025-04-04,Google Ads,Loyalty,Last Touch,34901,2416,87749.12,207,563040,22224,3,36.32,423.91,6.42
2025-06-13,Email,Festive Offer,First Touch,43024,1897,61292.07,155,371535,26349,4,32.31,395.43,6.06
2025-06-22,Social Media,Festive Offer,Last Touch,33292,838,17740.46,42,112098,31934,4,21.17,422.39,6.32
2025-05-19,Direct Traffic,Retargeting,First Touch,27508,1385,73003.35,171,624492,19351,5,52.71,426.92,8.55
2025-06-11,Direct Traffic,Retargeting,Linear,14143,1112,54710.4,170,479910,7740,4,49.2,321.83,8.77
2025-01-29,Social Media,Lead Gen,First Touch,39050,1024,8407.04,174,682428,24921,2,8.21,48.32,81.17
2025-06-25,Direct Traffic,Summer Sale,Last Touch,12662,500,25750.0,42,118314,10616,4,51.5,613.1,4.59
2025-02-26,Social Media,Summer Sale,Linear,31738,1944,115415.28,124,475788,23301,2,59.37,930.77,4.12
2025-06-27,Meta Ads,Brand Awareness,Linear,12064,599,33316.38,80,196400,8013,4,55.62,416.45,5.89
2025-03-19,Meta Ads,Lead Gen,Linear,11329,873,15652.89,28,67508,6655,2,17.93,559.03,4.31
2025-02-17,Direct Traffic,Discount Offer,First Touch,21609,1018,14445.42,174,680166,17406,1,14.19,83.02,47.09
2025-06-28,Social Media,Winter Sale,Last Touch,30411,1292,30749.6,158,499122,25612,5,23.8,194.62,16.23
2025-06-01,Google Ads,App Install,First Touch,37767,1479,14213.19,199,888933,31457,5,9.61,71.42,62.54
2025-01-26,Display Ads,Loyalty,Linear,28006,2154,93935.94,385,1061060,14636,4,43.61,243.99,11.3
2025-01-23,Display Ads,Winter Sale,Linear,11032,275,12556.5,37,58645,9240,4,45.66,339.36,4.67
2025-03-28,Meta Ads,Loyalty,Last Touch,7250,285,10470.9,38,115824,4512,5,36.74,275.55,11.06
2025-04-16,Google Ads,Brand Awareness,Linear,13413,745,32116.95,25,81825,10346,1,43.11,1284.68,2.55
2025-05-09,Meta Ads,App Install,Last Touch,42031,1819,102045.9,232,324568,29311,5,56.1,439.85,3.18
2025-01-31,Direct Traffic,Lead Gen,Last Touch,16397,1215,28260.9,66,157674,13627,4,23.26,428.2,5.58
2025-01-29,Direct Traffic,Retargeting,First Touch,18049,883,18498.85,77,327173,11917,4,20.95,240.24,17.69
2025-01-12,Email,Retargeting,First Touch,27286,1962,75242.7,204,841092,20928,1,38.35,368.84,11.18
2025-01-26,Meta Ads,Retargeting,First Touch,44662,2401,73902.78,204,828648,36420,1,30.78,362.27,11.21
2025-05-15,Direct Traffic,Summer Sale,Linear,40617,1071,34946.73,76,264632,34144,1,32.63,459.83,7.57
2025-01-17,Google Ads,Winter Sale,Linear,28438,1378,47361.86,91,160433,16201,1,34.37,520.46,3.39
2025-02-11,Google Ads,Loyalty,First Touch,48557,1543,65284.33,172,598904,32896,4,42.31,379.56,9.17
2025-01-18,Direct Traffic,Retargeting,Linear,32083,864,8700.48,52,126360,18223,4,10.07,167.32,14.52
2025-01-03,Email,Brand Awareness,Linear,5797,155,6607.65,18,22248,4140,2,42.63,367.09,3.37
2025-03-23,Meta Ads,App Install,First Touch,17364,1039,34151.93,64,121984,15036,5,32.87,533.62,3.57
2025-06-12,Direct Traffic,Lead Gen,First Touch,14575,874,45981.14,45,194175,7844,4,52.61,1021.8,4.22
2025-05-12,Google Ads,Loyalty,First Touch,21191,1220,35990.0,151,320573,14895,4,29.5,238.34,8.91
2025-01-16,Display Ads,Brand Awareness,Last Touch,30862,668,28677.24,113,316400,22800,5,42.93,253.78,11.03
2025-02-27,Direct Traffic,Retargeting,Last Touch,45297,3486,120267.0,317,1361198,43466,2,34.5,379.39,11.32
2025-03-03,Social Media,Lead Gen,Last Touch,37580,2494,76067.0,86,126506,37195,1,30.5,884.5,1.66
2025-06-30,Meta Ads,Brand Awareness,Last Touch,23178,1010,32471.5,152,394896,16561,5,32.15,213.63,12.16
2025-06-04,Email,Winter Sale,Last Touch,38517,1897,89898.83,295,1066130,37614,5,47.39,304.74,11.86
2025-06-03,Direct Traffic,Loyalty,First Touch,35757,1438,63200.1,253,855646,34818,5,43.95,249.8,13.54
2025-06-11,Google Ads,Winter Sale,Linear,22577,1716,91788.84,204,435132,16417,3,53.49,449.95,4.74
2025-03-03,Social Media,New Product Launch,Last Touch,25076,790,20081.8,103,241020,16861,5,25.42,194.97,12.0
2025-04-19,Direct Traffic,New Product Launch,Linear,14127,962,42125.98,56,224504,10024,5,43.79,752.25,5.33
2025-05-22,Email,New Product Launch,Last Touch,43125,2208,31110.72,305,729865,42487,2,14.09,102.0,23.46
2025-02-22,Social Media,Summer Sale,First Touch,47433,3252,89430.0,288,1191456,32587,5,27.5,310.52,13.32
2025-04-28,Social Media,Summer Sale,First Touch,21693,1222,25820.86,213,735915,17286,1,21.13,121.22,28.5
2025-01-18,Meta Ads,Winter Sale,Last Touch,34803,2647,96959.61,405,1333665,31179,2,36.63,239.41,13.75
2025-03-10,Google Ads,Festive Offer,Linear,37083,2066,67702.82,181,305709,23119,2,32.77,374.05,4.52
2025-02-01,Email,Brand Awareness,First Touch,9605,351,12818.52,24,105840,5587,4,36.52,534.11,8.26
2025-02-22,Google Ads,Loyalty,First Touch,5645,150,8820.0,20,47280,4582,2,58.8,441.0,5.36
2025-03-01,Meta Ads,Loyalty,Linear,42395,2760,155250.0,229,496472,26168,1,56.25,677.95,3.2
2025-05-22,Social Media,Summer Sale,First Touch,16261,1111,56561.01,67,249508,8272,2,50.91,844.19,4.41
2025-01-24,Social Media,Loyalty,Last Touch,36867,1012,21049.6,92,201572,33490,5,20.8,228.8,9.58
2025-02-12,Meta Ads,New Product Launch,Last Touch,12037,243,10424.7,23,84088,9185,4,42.9,453.25,8.07
2025-02-24,Meta Ads,Discount Offer,First Touch,31773,1993,61802.93,280,776720,29822,5,31.01,220.72,12.57
2025-04-08,Google Ads,Lead Gen,Last Touch,18443,1344,45104.64,199,665854,14829,3,33.56,226.66,14.76
2025-01-06,Display Ads,Lead Gen,Linear,30421,2138,84536.52,183,746823,16477,5,39.54,461.95,8.83
2025-06-28,Direct Traffic,Festive Offer,First Touch,31476,1020,24826.8,92,204056,27451,3,24.34,269.86,8.22
2025-03-01,Display Ads,Loyalty,Last Touch,6590,403,15027.87,51,74664,5147,1,37.29,294.66,4.97
2025-04-10,Social Media,Summer Sale,Last Touch,29967,636,19518.84,61,179157,16448,4,30.69,319.98,9.18
2025-03-07,Email,New Product Launch,Last Touch,29025,2168,46633.68,116,243252,28498,5,21.51,402.01,5.22
2025-06-15,Social Media,Loyalty,Linear,17826,1261,74298.12,106,457390,12658,1,58.92,700.93,6.16
2025-02-10,Google Ads,Loyalty,Linear,41229,948,11489.76,160,488800,25497,3,12.12,71.81,42.54
2025-02-06,Display Ads,Winter Sale,First Touch,20013,891,14844.06,35,55195,10860,5,16.66,424.12,3.72
2025-06-17,Direct Traffic,Retargeting,Last Touch,40909,1972,59179.72,108,137160,26856,5,30.01,547.96,2.32
2025-01-20,Google Ads,Discount Offer,Last Touch,16713,869,42155.19,98,265678,11287,2,48.51,430.16,6.3
2025-05-17,Meta Ads,New Product Launch,First Touch,26330,1877,89814.45,200,256800,21371,5,47.85,449.07,2.86
2025-01-15,Display Ads,Retargeting,First Touch,8168,393,20443.86,26,96044,7501,3,52.02,786.3,4.7
2025-05-27,Email,App Install,First Touch,34815,1062,14560.02,71,271291,18792,1,13.71,205.07,18.63
2025-04-07,Meta Ads,Brand Awareness,Last Touch,35197,1820,60933.6,260,898040,30832,5,33.48,234.36,14.74
2025-04-30,Direct Traffic,Lead Gen,Last Touch,44683,2441,125857.96,221,492609,39494,4,51.56,569.49,3.91
2025-02-12,Social Media,App Install,First Touch,7386,239,9366.41,20,48440,4166,5,39.19,468.32,5.17
2025-04-16,Display Ads,Festive Offer,Last Touch,29485,631,21037.54,89,185298,21877,2,33.34,236.38,8.81
2025-04-26,Social Media,Retargeting,Linear,24790,1085,16709.0,179,536642,16538,4,15.4,93.35,32.12
2025-04-13,Display Ads,App Install,Last Touch,18414,880,26065.6,33,59268,10866,3,29.62,789.87,2.27
2025-04-06,Google Ads,Summer Sale,Last Touch,30333,2221,118490.35,92,221168,20978,5,53.35,1287.94,1.87
2025-05-22,Display Ads,Brand Awareness,Last Touch,9440,388,7007.28,65,122135,4810,1,18.06,107.8,17.43
2025-02-07,Direct Traffic,Lead Gen,Last Touch,8924,191,3699.67,20,25960,8134,4,19.37,184.98,7.02
2025-03-27,Social Media,App Install,Last Touch,45748,1811,49132.43,271,975058,26914,4,27.13,181.3,19.85
2025-05-05,Display Ads,Lead Gen,First Touch,48667,3248,149050.72,373,550175,29357,4,45.89,399.6,3.69
2025-03-26,Direct Traffic,App Install,Linear,46628,1679,25839.81,280,442680,43527,4,15.39,92.29,17.13
2025-03-12,Display Ads,New Product Launch,First Touch,7884,300,17277.0,17,60027,4735,4,57.59,1016.29,3.47
2025-02-08,Display Ads,Lead Gen,Linear,21721,1725,32688.75,308,575652,11473,3,18.95,106.13,17.61
2025-05-04,Google Ads,New Product Launch,Last Touch,15853,1196,40257.36,50,154100,14575,3,33.66,805.15,3.83
2025-06-07,Direct Traffic,Summer Sale,Last Touch,21913,1196,43642.04,197,835083,16372,3,36.49,221.53,19.13
2025-05-15,Meta Ads,Loyalty,Linear,49734,1827,71033.76,300,637800,25595,4,38.88,236.78,8.98
2025-05-04,Email,Summer Sale,Linear,24698,1233,56298.78,111,402153,17269,3,45.66,507.2,7.14
2025-01-28,Meta Ads,Lead Gen,First Touch,19349,1409,29490.37,233,373499,18557,5,20.93,126.57,12.67
2025-04-03,Display Ads,Festive Offer,Last Touch,42130,1679,20517.38,91,288470,23238,3,12.22,225.47,14.06
2025-01-15,Display Ads,Festive Offer,Last Touch,15095,677,39854.99,54,146718,8515,3,58.87,738.06,3.68
2025-03-02,Display Ads,App Install,Last Touch,43562,1430,43429.1,93,204228,41788,2,30.37,466.98,4.7
2025-03-28,Meta Ads,Loyalty,Last Touch,43892,1870,23019.7,79,352419,22224,2,12.31,291.39,15.31
2025-05-19,Display Ads,App Install,First Touch,47465,1381,14735.27,139,185287,28105,3,10.67,106.01,12.57
2025-04-04,Direct Traffic,Summer Sale,Linear,42486,1072,17784.48,81,130329,22519,5,16.59,219.56,7.33
2025-01-22,Google Ads,Loyalty,First Touch,17599,1185,64760.25,182,583856,10560,3,54.65,355.83,9.02
2025-06-01,Email,Loyalty,Linear,9697,677,15428.83,26,95732,6977,2,22.79,593.42,6.2
2025-06-14,Direct Traffic,Lead Gen,First Touch,37533,2116,92744.28,73,188851,24100,4,43.83,1270.47,2.04
2025-04-26,Email,Lead Gen,Last Touch,24244,1435,72266.6,133,287679,17189,3,50.36,543.36,3.98
2025-02-23,Meta Ads,App Install,First Touch,15172,336,3712.8,54,97416,8468,4,11.05,68.76,26.24
2025-02-02,Meta Ads,Discount Offer,Last Touch,26805,1642,62593.04,226,674158,20117,1,38.12,276.96,10.77
2025-06-14,Direct Traffic,Lead Gen,Linear,43513,1660,74484.2,272,1057264,22864,3,44.87,273.84,14.19
2025-02-10,Display Ads,New Product Launch,Last Touch,9329,213,11020.62,32,89440,6192,4,51.74,344.39,8.12
2025-04-29,Direct Traffic,Festive Offer,Linear,26206,1231,62067.02,174,712878,20022,3,50.42,356.71,11.49
2025-05-26,Direct Traffic,Retargeting,First Touch,15759,1217,36047.54,125,321250,9092,1,29.62,288.38,8.91
2025-02-05,Meta Ads,Lead Gen,Linear,37463,2900,160022.0,400,1164400,19990,1,55.18,400.06,7.28
2025-06-11,Email,Summer Sale,Linear,29446,1184,15912.96,172,559344,18027,2,13.44,92.52,35.15
2025-02-07,Email,Lead Gen,Last Touch,39791,1728,61326.72,204,756228,26339,4,35.49,300.62,12.33
2025-01-11,Display Ads,Loyalty,Linear,24018,1256,59408.8,46,117852,12302,4,47.3,1291.5,1.98
2025-05-31,Direct Traffic,Discount Offer,Last Touch,32344,2449,135992.97,297,637065,31295,3,55.53,457.89,4.68
2025-06-01,Meta Ads,App Install,Last Touch,24679,1813,94838.03,276,1086612,21834,3,52.31,343.62,11.46
2025-04-12,Email,Brand Awareness,Linear,20022,449,25817.5,43,121518,10047,4,57.5,600.41,4.71
2025-01-13,Google Ads,Winter Sale,Linear,40818,3118,27594.3,499,2096299,30442,5,8.85,55.3,75.97
2025-06-19,Google Ads,App Install,Linear,18986,988,36279.36,145,313345,15866,5,36.72,250.2,8.64
2025-03-26,Meta Ads,Lead Gen,Linear,18124,377,11434.41,29,63945,16924,1,30.33,394.29,5.59
2025-01-26,Meta Ads,Winter Sale,First Touch,48087,1805,38572.85,97,285762,30730,2,21.37,397.66,7.41
2025-04-03,Google Ads,Winter Sale,Last Touch,40541,2493,102786.39,103,189211,24249,1,41.23,997.93,1.84
2025-03-03,Google Ads,Winter Sale,First Touch,12429,818,20899.9,85,373320,10593,4,25.55,245.88,17.86
2025-05-11,Google Ads,App Install,Linear,45263,1661,20480.13,246,650916,28411,4,12.33,83.25,31.78
2025-02-18,Social Media,Winter Sale,Linear,6194,462,18600.12,81,351459,3450,1,40.26,229.63,18.9
2025-02-11,Meta Ads,Summer Sale,First Touch,39215,2702,96758.62,275,1182775,31121,1,35.81,351.85,12.22
2025-03-29,Display Ads,Festive Offer,First Touch,38581,2567,74263.31,141,527763,35130,5,28.93,526.69,7.11
2025-06-28,Google Ads,New Product Launch,Linear,37399,1998,63556.38,156,422760,25223,1,31.81,407.41,6.65
2025-01-10,Display Ads,New Product Launch,First Touch,42417,1752,103998.72,297,1145529,32307,4,59.36,350.16,11.01
2025-01-02,Email,App Install,First Touch,13787,973,37869.16,111,186147,11749,2,38.92,341.16,4.92
2025-05-02,Display Ads,Lead Gen,Linear,27328,742,37218.72,109,415617,18858,2,50.16,341.46,11.17
2025-03-21,Social Media,Festive Offer,Last Touch,7551,540,5864.4,40,70400,6625,3,10.86,146.61,12.0
2025-04-08,Meta Ads,Winter Sale,Last Touch,32002,2524,148184.04,213,690120,21053,3,58.71,695.7,4.66
2025-04-15,Google Ads,Brand Awareness,Last Touch,26479,823,10567.32,41,137350,23117,5,12.84,257.74,13.0
2025-01-26,Email,Discount Offer,First Touch,22314,1474,36186.7,71,252760,14635,5,24.55,509.67,6.98
2025-01-21,Meta Ads,Brand Awareness,Last Touch,25413,1791,65568.51,199,303674,24384,5,36.61,329.49,4.63
2025-05-28,Direct Traffic,Lead Gen,Last Touch,41199,2450,32389.0,221,301886,30819,4,13.22,146.56,9.32
2025-01-24,Direct Traffic,Summer Sale,Last Touch,8411,237,3057.3,40,48640,5080,4,12.9,76.43,15.91
2025-01-11,Display Ads,Summer Sale,Last Touch,40518,1070,17398.2,182,810264,28371,1,16.26,95.59,46.57
2025-03-27,Meta Ads,Retargeting,Linear,42290,2623,35148.2,398,1244148,28302,2,13.4,88.31,35.4
2025-02-13,Direct Traffic,Lead Gen,First Touch,31732,644,22662.36,45,200430,27823,2,35.19,503.61,8.84
2025-05-07,Social Media,New Product Launch,First Touch,33162,1083,46222.44,63,211743,26172,3,42.68,733.69,4.58
2025-02-04,Display Ads,Loyalty,Last Touch,42901,1598,33478.1,253,432630,35219,3,20.95,132.32,12.92
2025-06-15,Social Media,App Install,First Touch,12511,554,9938.76,37,63825,10978,2,17.94,268.62,6.42
2025-06-14,Social Media,Discount Offer,Linear,21304,595,6003.55,106,450606,11414,1,10.09,56.64,75.06
2025-06-25,Display Ads,Retargeting,First Touch,23123,1793,67918.84,229,947373,13375,1,37.88,296.59,13.95
2025-04-16,Google Ads,Summer Sale,First Touch,34299,983,44883.78,145,392950,27802,4,45.66,309.54,8.75
2025-04-07,Direct Traffic,Lead Gen,Linear,23026,1073,19829.04,134,274164,17889,3,18.48,147.98,13.83
2025-02-18,Direct Traffic,New Product Launch,Last Touch,37041,2850,87637.5,193,573982,33710,2,30.75,454.08,6.55
2025-01-16,Google Ads,App Install,Linear,23944,771,10593.54,56,132160,16548,2,13.74,189.17,12.48
2025-04-20,Google Ads,App Install,Linear,9279,512,13358.08,64,194560,6284,3,26.09,208.72,14.56
2025-05-03,Display Ads,Winter Sale,First Touch,36480,1212,66720.6,39,84240,34162,4,55.05,1710.78,1.26
2025-02-26,Social Media,Lead Gen,Linear,14482,385,17517.5,41,165025,8050,3,45.5,427.26,9.42
2025-06-18,Social Media,Winter Sale,Linear,31457,667,25005.83,108,236304,30453,3,37.49,231.54,9.45
2025-03-06,Meta Ads,Lead Gen,Linear,42644,2897,103017.32,166,537010,38634,1,35.56,620.59,5.21
2025-02-08,Google Ads,Summer Sale,Linear,41298,1865,48023.75,190,373730,24203,3,25.75,252.76,7.78
2025-04-19,Email,Winter Sale,Linear,18072,1043,44671.69,181,636215,14883,1,42.83,246.8,14.24
2025-04-08,Display Ads,Loyalty,First Touch,21048,831,43718.91,69,297252,14475,5,52.61,633.61,6.8
2025-03-27,Display Ads,New Product Launch,Last Touch,41859,878,10509.66,100,176100,28508,4,11.97,105.1,16.76
2025-01-12,Meta Ads,App Install,Last Touch,40060,3195,37637.1,422,1454212,34489,2,11.78,89.19,38.64
2025-02-26,Direct Traffic,New Product Launch,First Touch,29305,756,16133.04,126,362250,16622,3,21.34,128.04,22.45
2025-06-14,Social Media,App Install,First Touch,11126,450,9139.5,21,94458,7613,5,20.31,435.21,10.34
2025-05-18,Direct Traffic,New Product Launch,First Touch,36195,2220,80230.8,285,1154250,18305,4,36.14,281.51,14.39
2025-02-25,Display Ads,Summer Sale,First Touch,10813,543,10821.99,63,75600,8904,3,19.93,171.78,6.99
2025-04-02,Display Ads,Lead Gen,Linear,15767,340,4443.8,42,54054,13349,3,13.07,105.8,12.16
2025-02-19,Meta Ads,Retargeting,First Touch,7962,509,9253.62,31,54033,5189,4,18.18,298.5,5.84
2025-01-16,Direct Traffic,App Install,First Touch,45543,1278,18058.14,213,433668,34785,3,14.13,84.78,24.02
2025-06-25,Display Ads,Retargeting,Linear,9146,640,10412.8,55,104555,7641,1,16.27,189.32,10.04
2025-05-17,Meta Ads,Festive Offer,First Touch,10559,695,13211.95,36,59184,8839,2,19.01,367.0,4.48
2025-06-29,Meta Ads,Winter Sale,Linear,39095,2456,132525.76,269,974587,38736,3,53.96,492.66,7.35
2025-04-26,Meta Ads,Loyalty,Linear,48287,2609,150252.31,244,903288,38727,3,57.59,615.79,6.01
2025-03-22,Email,Loyalty,First Touch,6312,200,4674.0,29,90016,3528,5,23.37,161.17,19.26
2025-01-30,Direct Traffic,Retargeting,First Touch,20056,1288,46033.12,204,712776,17881,4,35.74,225.65,15.48
2025-06-16,Social Media,Retargeting,First Touch,38944,1198,64140.92,179,391115,21135,5,53.54,358.33,6.1
2025-06-05,Social Media,Discount Offer,First Touch,40324,2142,54899.46,236,534068,28719,3,25.63,232.62,9.73
2025-05-21,Meta Ads,Retargeting,First Touch,33031,1632,84162.24,83,368105,23740,1,51.57,1014.0,4.37
2025-05-13,Meta Ads,Loyalty,Last Touch,9681,438,17940.48,18,77634,7476,4,40.96,996.69,4.33
2025-02-12,Direct Traffic,Winter Sale,Last Touch,6963,153,1315.8,5,19615,6310,1,8.6,263.16,14.91
2025-01-08,Google Ads,Summer Sale,First Touch,46749,2578,31709.4,150,674700,26593,4,12.3,211.4,21.28
2025-05-18,Direct Traffic,Summer Sale,First Touch,46343,3008,118665.6,414,1095858,33422,4,39.45,286.63,9.23
2025-06-22,Google Ads,Lead Gen,Linear,23996,1563,33698.28,66,119130,21834,5,21.56,510.58,3.54
2025-05-19,Display Ads,Winter Sale,Last Touch,39224,2926,35053.48,164,709464,29081,5,11.98,213.74,20.24
2025-06-09,Google Ads,Summer Sale,Last Touch,35728,801,24510.6,27,98658,19464,1,30.6,907.8,4.03
2025-06-19,Email,New Product Launch,Last Touch,27632,1608,20276.88,222,516372,22500,2,12.61,91.34,25.47
2025-04-14,Display Ads,Loyalty,First Touch,20453,915,45274.2,97,244149,16280,1,49.48,466.74,5.39
2025-04-04,Email,Retargeting,Linear,29597,1887,69309.51,67,209308,15666,4,36.73,1034.47,3.02
2025-02-23,Meta Ads,Festive Offer,Linear,45252,2420,97138.8,358,454302,43086,5,40.14,271.34,4.68
2025-02-17,Meta Ads,Discount Offer,First Touch,22551,1536,86415.36,245,547575,19935,1,56.26,352.72,6.34
2025-05-23,Social Media,Brand Awareness,Last Touch,45997,2943,170782.29,372,1280424,38518,4,58.03,459.09,7.5
2025-03-05,Social Media,New Product Launch,Last Touch,17300,894,10137.96,62,113708,9723,2,11.34,163.52,11.22
2025-06-28,Display Ads,Loyalty,Linear,24343,1547,54346.11,196,770476,24140,3,35.13,277.28,14.18
2025-04-15,Email,Retargeting,First Touch,20906,1521,72004.14,75,311850,19109,4,47.34,960.06,4.33
2025-02-24,Google Ads,Winter Sale,Last Touch,10384,495,5009.4,43,162841,8385,2,10.12,116.5,32.51
2025-04-01,Email,Winter Sale,First Touch,17228,761,15151.51,99,256608,11677,3,19.91,153.05,16.94
2025-02-19,Direct Traffic,Brand Awareness,Linear,10544,508,12192.0,75,179250,9474,5,24.0,162.56,14.7
2025-05-16,Social Media,Brand Awareness,First Touch,12141,511,18866.12,53,102290,8326,3,36.92,355.96,5.42
2025-02-04,Display Ads,Loyalty,Linear,9032,545,13995.6,40,152680,4987,3,25.68,349.89,10.91
2025-03-03,Meta Ads,New Product Launch,First Touch,28269,894,31611.84,105,430815,16135,4,35.36,301.07,13.63
2025-02-26,Meta Ads,Discount Offer,First Touch,11198,701,22186.65,70,309750,6612,5,31.65,316.95,13.96
2025-01-13,Social Media,New Product Launch,First Touch,43883,1118,48409.4,116,203116,35211,3,43.3,417.32,4.2
2025-02-27,Google Ads,Festive Offer,First Touch,10035,776,43254.24,94,307192,9085,3,55.74,460.15,7.1
2025-04-10,Google Ads,App Install,Linear,31686,2114,96081.3,229,282586,16017,2,45.45,419.57,2.94
2025-02-23,Google Ads,Brand Awareness,Linear,11995,480,14198.4,53,193238,10288,1,29.58,267.89,13.61
2025-03-04,Direct Traffic,Festive Offer,Last Touch,35950,2092,70835.12,291,1059531,21897,4,33.86,243.42,14.96
2025-01-01,Social Media,New Product Launch,Last Touch,29111,1647,42789.06,268,405216,19654,5,25.98,159.66,9.47
2025-01-19,Google Ads,Lead Gen,Linear,42685,1588,57231.52,101,285426,38705,4,36.04,566.65,4.99
2025-03-29,Google Ads,Loyalty,First Touch,31691,1004,50581.52,53,110399,25783,5,50.38,954.37,2.18
2025-05-10,Meta Ads,Discount Offer,First Touch,34575,1262,32256.72,52,116740,18482,3,25.56,620.32,3.62
2025-02-03,Social Media,Lead Gen,Last Touch,7808,544,22184.32,79,203978,4877,4,40.78,280.81,9.19
2025-04-12,Display Ads,Festive Offer,Linear,8038,411,5338.89,58,170926,7215,1,12.99,92.05,32.02
2025-01-11,Meta Ads,Brand Awareness,Linear,18315,763,21890.47,92,397808,9603,4,28.69,237.94,18.17
2025-02-09,Direct Traffic,App Install,First Touch,25996,1986,37873.02,343,1489992,16579,3,19.07,110.42,39.34
2025-03-29,Email,Brand Awareness,Last Touch,38362,2033,62372.44,94,353910,35082,4,30.68,663.54,5.67
2025-05-24,Direct Traffic,Retargeting,Linear,18818,1487,76179.01,109,148785,11306,2,51.23,698.89,1.95
2025-03-19,Social Media,Brand Awareness,Linear,34322,2293,59205.26,150,589800,21633,4,25.82,394.7,9.96
2025-01-12,Meta Ads,New Product Launch,Linear,29530,1679,24278.34,76,206492,22162,1,14.46,319.45,8.51
2025-06-05,Google Ads,Lead Gen,Last Touch,41992,2303,26185.11,169,600119,26952,1,11.37,154.94,22.92
2025-04-26,Email,Loyalty,First Touch,31401,2052,91765.44,253,952039,22593,5,44.72,362.71,10.37
2025-05-27,Display Ads,Winter Sale,Linear,47057,2648,103854.56,369,1467882,38476,1,39.22,281.45,14.13
2025-05-14,Email,Retargeting,Linear,28998,1587,65241.57,183,329583,19911,5,41.11,356.51,5.05
2025-01-27,Email,Brand Awareness,Linear,25289,1369,67354.8,217,415989,15763,1,49.2,310.39,6.18
2025-02-17,Meta Ads,Winter Sale,First Touch,33172,1467,54440.37,250,717500,17338,5,37.11,217.76,13.18
2025-05-02,Meta Ads,Festive Offer,Linear,12714,603,17921.16,98,375242,9977,2,29.72,182.87,20.94
2025-02-25,Email,Lead Gen,Linear,19949,1021,19868.66,133,487711,15901,2,19.46,149.39,24.55
2025-05-14,Meta Ads,Lead Gen,First Touch,23658,1648,90079.68,286,1120548,13759,2,54.66,314.96,12.44
2025-06-27,Social Media,Loyalty,Last Touch,27370,596,29704.64,87,249081,23359,3,49.84,341.43,8.39
2025-05-20,Direct Traffic,Retargeting,Last Touch,48313,1737,84678.75,151,415099,35451,4,48.75,560.79,4.9
2025-06-11,Google Ads,New Product Launch,First Touch,41817,2045,61656.75,267,1070136,25682,2,30.15,230.92,17.36
2025-05-16,Email,Loyalty,Last Touch,12876,452,8131.48,31,105927,7658,2,17.99,262.31,13.03
2025-05-31,Email,Lead Gen,Last Touch,46028,3403,178453.32,527,986544,38690,2,52.44,338.62,5.53
2025-01-01,Google Ads,Lead Gen,Last Touch,44347,1926,104061.78,75,106875,25999,4,54.03,1387.49,1.03
2025-05-09,Meta Ads,Discount Offer,First Touch,48798,1542,61402.44,236,307744,25969,1,39.82,260.18,5.01
2025-04-07,Social Media,Brand Awareness,Linear,47486,1745,40553.8,211,890631,34274,1,23.24,192.2,21.96
2025-04-27,Display Ads,Retargeting,Linear,39197,1244,47632.76,120,346080,24305,1,38.29,396.94,7.27
2025-04-05,Meta Ads,Winter Sale,Last Touch,6102,449,13878.59,53,148400,3715,1,30.91,261.86,10.69
2025-04-25,Meta Ads,Festive Offer,Last Touch,49000,1362,20607.06,44,196724,27516,4,15.13,468.34,9.55
2025-06-10,Display Ads,Festive Offer,First Touch,15549,838,47338.62,33,144705,9932,1,56.49,1434.5,3.06
2025-04-12,Social Media,Lead Gen,Last Touch,9401,735,13465.2,72,112680,5786,3,18.32,187.02,8.37
2025-04-02,Direct Traffic,Retargeting,First Touch,27592,2067,59674.29,206,313944,21402,1,28.87,289.68,5.26
2025-02-22,Meta Ads,Discount Offer,First Touch,44513,1326,36796.5,83,243024,30053,5,27.75,443.33,6.6
2025-06-21,Email,Retargeting,Last Touch,37489,1978,116247.06,170,336430,25895,4,58.77,683.81,2.89
2025-01-20,Direct Traffic,Lead Gen,Last Touch,25125,901,9514.56,156,556920,17854,1,10.56,60.99,58.53
2025-02-06,Display Ads,Winter Sale,Linear,7818,612,7900.92,43,60888,4877,4,12.91,183.74,7.71
2025-02-22,Direct Traffic,Winter Sale,First Touch,31106,1500,20445.0,76,235372,27692,4,13.63,269.01,11.51
2025-06-20,Social Media,Retargeting,First Touch,9926,206,3378.4,9,28917,9788,5,16.4,375.38,8.56
2025-02-16,Google Ads,New Product Launch,Last Touch,39041,2960,88296.8,342,886806,35619,5,29.83,258.18,10.04
2025-04-23,Meta Ads,Festive Offer,First Touch,40347,1395,19502.1,149,510474,30607,4,13.98,130.89,26.18
2025-01-08,Email,New Product Launch,Linear,34467,2674,24574.06,395,1425950,31280,4,9.19,62.21,58.03
2025-06-24,Google Ads,App Install,Last Touch,9003,397,22545.63,25,71475,8746,2,56.79,901.83,3.17
2025-01-04,Email,Brand Awareness,Last Touch,40430,1157,48894.82,64,135488,31660,3,42.26,763.98,2.77
2025-06-22,Meta Ads,Discount Offer,Last Touch,49482,3582,96821.46,525,1789200,39397,1,27.03,184.42,18.48
2025-06-25,Email,Festive Offer,Linear,14852,949,33395.31,138,263994,8021,5,35.19,241.99,7.91
2025-02-05,Email,Loyalty,Last Touch,34931,2280,131442.0,259,877492,26263,2,57.65,507.5,6.68
2025-04-21,Social Media,Loyalty,Linear,23927,1603,85183.42,277,476163,12582,3,53.14,307.52,5.59
2025-01-09,Social Media,New Product Launch,Linear,40539,1864,84625.6,256,570112,36894,3,45.4,330.57,6.74
2025-06-15,Meta Ads,Winter Sale,Linear,27132,1920,76243.2,217,318990,24170,1,39.71,351.35,4.18
2025-03-14,Email,App Install,Linear,40762,2056,119350.8,293,394378,34844,1,58.05,407.34,3.3
2025-04-02,Meta Ads,New Product Launch,Linear,31322,1467,48176.28,162,630018,18720,1,32.84,297.38,13.08
2025-06-07,Display Ads,Winter Sale,Last Touch,10111,786,8881.8,97,299633,9109,5,11.3,91.56,33.74
2025-05-17,Display Ads,Festive Offer,Linear,14824,1058,40077.04,101,326836,13298,2,37.88,396.8,8.16
2025-02-03,Email,Lead Gen,Linear,17855,886,41633.14,131,442649,14141,5,46.99,317.81,10.63
2025-01-01,Display Ads,Retargeting,Linear,45973,3105,84362.85,417,551274,44729,3,27.17,202.31,6.53
2025-04-10,Display Ads,Loyalty,Last Touch,49932,2366,23636.34,309,583083,34127,5,9.99,76.49,24.67
2025-02-15,Direct Traffic,Summer Sale,Last Touch,22584,792,44811.36,70,254170,17748,2,56.58,640.16,5.67
2025-02-05,Email,Loyalty,Last Touch,17169,1000,40970.0,49,165669,12995,4,40.97,836.12,4.04
2025-02-26,Meta Ads,Lead Gen,Linear,11756,475,7861.25,19,75753,8563,2,16.55,413.75,9.64
2025-05-17,Email,App Install,First Touch,27501,1192,69577.04,66,238458,17381,2,58.37,1054.2,3.43
2025-03-29,Social Media,Loyalty,Linear,29251,764,40293.36,130,212550,23798,4,52.74,309.95,5.28
2025-04-05,Email,Brand Awareness,Linear,37088,1896,109456.08,326,1137088,29173,1,57.73,335.75,10.39
2025-06-06,Email,App Install,Linear,23828,1655,32537.3,97,365884,22124,1,19.66,335.44,11.25
2025-06-22,Social Media,Loyalty,First Touch,12418,929,36370.35,50,100750,10481,3,39.15,727.41,2.77
2025-05-29,Meta Ads,Winter Sale,First Touch,10636,747,14140.71,56,141792,7723,4,18.93,252.51,10.03
2025-01-28,Email,Summer Sale,First Touch,12026,396,6739.92,48,99744,9449,4,17.02,140.41,14.8
2025-05-15,Google Ads,New Product Launch,Last Touch,34316,2439,25316.82,424,970112,22062,1,10.38,59.71,38.32
2025-03-14,Google Ads,Brand Awareness,Last Touch,16621,787,31495.74,135,229365,16057,5,40.02,233.3,7.28
2025-01-16,Social Media,Retargeting,Last Touch,5440,197,2905.75,30,100710,5004,3,14.75,96.86,34.66
2025-04-13,Meta Ads,Retargeting,Last Touch,41530,2846,142556.14,268,385652,31396,5,50.09,531.93,2.71
2025-05-10,Display Ads,App Install,Linear,33980,1249,66009.65,63,257796,28061,5,52.85,1047.77,3.91
2025-03-28,Direct Traffic,Winter Sale,Linear,46430,1874,72317.66,327,1459074,33613,5,38.59,221.15,20.18
2025-03-15,Meta Ads,Lead Gen,First Touch,24958,1933,106991.55,338,1365182,19493,3,55.35,316.54,12.76
2025-01-07,Meta Ads,Brand Awareness,First Touch,7809,229,5486.84,28,100828,6555,2,23.96,195.96,18.38
2025-01-19,Meta Ads,Retargeting,Linear,12584,855,45451.8,34,41548,8946,3,53.16,1336.82,0.91
2025-05-04,Google Ads,Lead Gen,First Touch,46511,2696,99455.44,154,248094,32558,3,36.89,645.81,2.49
2025-03-14,Social Media,Lead Gen,Linear,30104,1298,52231.52,178,318620,23237,2,40.24,293.44,6.1
2025-04-19,Display Ads,App Install,Linear,24180,1416,22344.48,43,116100,20532,2,15.78,519.64,5.2
2025-04-05,Email,New Product Launch,First Touch,39460,1306,65704.86,177,289041,24111,2,50.31,371.21,4.4
2025-01-17,Meta Ads,New Product Launch,Linear,14385,1046,43461.3,129,484524,7950,1,41.55,336.91,11.15
2025-04-07,Direct Traffic,Brand Awareness,First Touch,39051,1354,29300.56,73,302147,37637,4,21.64,401.38,10.31
2025-03-30,Google Ads,Lead Gen,First Touch,35910,1588,71015.36,206,396344,23875,3,44.72,344.73,5.58
2025-05-03,Display Ads,Summer Sale,Last Touch,28801,1547,33740.07,77,141141,28535,5,21.81,438.18,4.18
2025-01-09,Email,Retargeting,Linear,10913,552,26678.16,72,220104,8588,5,48.33,370.53,8.25
2025-03-03,Direct Traffic,Discount Offer,Last Touch,8479,449,7835.05,43,72885,8079,2,17.45,182.21,9.3
2025-01-17,Display Ads,New Product Launch,First Touch,34025,2287,104904.69,386,1499224,23111,1,45.87,271.77,14.29
2025-03-25,Meta Ads,Retargeting,First Touch,42791,3308,182932.4,205,591835,27004,1,55.3,892.35,3.24
2025-04-20,Email,Loyalty,First Touch,46966,1793,65910.68,92,173144,34135,3,36.76,716.42,2.63
2025-06-29,Meta Ads,Loyalty,Linear,18316,718,40825.48,50,85000,17171,4,56.86,816.51,2.08
2025-05-07,Meta Ads,Retargeting,Last Touch,23995,835,7531.7,66,147774,21460,4,9.02,114.12,19.62
2025-06-06,Direct Traffic,Discount Offer,First Touch,34283,1927,100377.43,226,273686,23261,5,52.09,444.15,2.73
2025-02-14,Display Ads,Discount Offer,First Touch,8633,344,14678.48,41,176751,8633,4,42.67,358.01,12.04
2025-01-29,Meta Ads,App Install,Linear,26422,747,42922.62,128,425600,17192,2,57.46,335.33,9.92
2025-02-08,Google Ads,Discount Offer,First Touch,28875,1265,62124.15,201,692244,17524,2,49.11,309.08,11.14
2025-01-10,Google Ads,Winter Sale,Linear,37043,2089,118801.43,339,1126836,35018,5,56.87,350.45,9.49
2025-05-26,Display Ads,Summer Sale,Linear,18800,1158,52746.9,187,735471,17826,3,45.55,282.07,13.94
2025-02-17,Meta Ads,Lead Gen,Last Touch,8989,610,34141.7,90,391320,4825,2,55.97,379.35,11.46
2025-01-05,Email,Winter Sale,First Touch,30418,1786,89942.96,282,1001100,20463,1,50.36,318.95,11.13
2025-04-28,Google Ads,Summer Sale,First Touch,18765,1357,51118.19,229,362507,9756,2,37.67,223.22,7.09
2025-06-14,Social Media,Retargeting,Linear,43461,2823,120062.19,123,247722,37392,3,42.53,976.12,2.06
2025-06-17,Direct Traffic,Lead Gen,First Touch,8715,494,8995.74,15,43530,8208,1,18.21,599.72,4.84
2025-02-23,Direct Traffic,Loyalty,Last Touch,11090,626,8757.74,56,212408,6781,2,13.99,156.39,24.25
2025-01-30,Meta Ads,Retargeting,First Touch,35169,1568,73915.52,79,132009,20508,1,47.14,935.64,1.79
2025-01-29,Display Ads,Festive Offer,First Touch,13487,1008,10261.44,123,163590,10400,2,10.18,83.43,15.94
2025-03-29,Direct Traffic,Lead Gen,Last Touch,21297,678,27384.42,94,126994,15458,5,40.39,291.32,4.64
2025-02-19,Display Ads,Festive Offer,Last Touch,18657,973,41196.82,95,372780,14267,5,42.34,433.65,9.05
2025-01-27,Meta Ads,Winter Sale,First Touch,11583,294,2698.92,33,92961,10913,5,9.18,81.79,34.44
2025-02-05,Email,Brand Awareness,Linear,48576,1923,28845.0,229,627002,28508,1,15.0,125.96,21.74
2025-06-01,Meta Ads,Summer Sale,Last Touch,29936,2106,24071.58,297,1153251,14988,2,11.43,81.05,47.91
2025-06-20,Social Media,Loyalty,Last Touch,13401,894,34275.96,137,599923,7496,2,38.34,250.19,17.5
2025-04-27,Google Ads,Retargeting,Last Touch,17501,795,21202.65,62,167462,15096,3,26.67,341.98,7.9
2025-02-03,Meta Ads,Brand Awareness,Last Touch,9911,726,35196.48,24,76152,5395,4,48.48,1466.52,2.16
2025-02-01,Email,Loyalty,First Touch,36412,1232,41555.36,48,175344,20221,4,33.73,865.74,4.22
2025-01-22,Display Ads,Festive Offer,Linear,6466,289,4265.64,45,151875,5895,1,14.76,94.79,35.6
2025-03-29,Email,Winter Sale,First Touch,49856,2886,24213.54,390,923910,25989,2,8.39,62.09,38.16
2025-01-16,Google Ads,Brand Awareness,Linear,28801,2145,62398.05,224,973728,24883,4,29.09,278.56,15.61
2025-04-05,Display Ads,Winter Sale,Linear,9252,390,15089.1,57,149625,7673,3,38.69,264.72,9.92
2025-04-19,Meta Ads,New Product Launch,Last Touch,36429,2568,38828.16,389,1202399,32441,1,15.12,99.82,30.97
2025-01-29,Google Ads,Lead Gen,First Touch,12766,865,30050.1,30,39270,12417,4,34.74,1001.67,1.31
2025-05-22,Meta Ads,Discount Offer,Last Touch,31125,1138,64922.9,117,343395,24020,1,57.05,554.9,5.29
2025-05-20,Google Ads,Lead Gen,First Touch,48921,2053,27879.74,244,1012112,28004,3,13.58,114.26,36.3
2025-06-30,Google Ads,App Install,First Touch,17811,899,26295.75,40,56800,16473,2,29.25,657.39,2.16
2025-03-27,Google Ads,Brand Awareness,Last Touch,28666,2241,129081.6,232,467944,27457,4,57.6,556.39,3.63
2025-02-14,Google Ads,New Product Launch,First Touch,6142,331,5775.95,36,121068,5841,3,17.45,160.44,20.96
2025-04-25,Display Ads,Festive Offer,Linear,21630,1076,20056.64,122,313174,14074,2,18.64,164.4,15.61
2025-06-05,Display Ads,Retargeting,Last Touch,21660,1522,82583.72,145,262305,12123,3,54.26,569.54,3.18
2025-05-30,Google Ads,Lead Gen,First Touch,14058,871,28481.7,30,68670,10330,4,32.7,949.39,2.41
2025-04-19,Google Ads,Winter Sale,Last Touch,46080,2550,120513.0,380,534660,37685,5,47.26,317.14,4.44
2025-05-05,Direct Traffic,App Install,First Touch,21535,478,22442.1,33,71478,19677,5,46.95,680.06,3.18
2025-01-18,Direct Traffic,Loyalty,Linear,46358,2864,108431.04,221,869414,25334,3,37.86,490.64,8.02
2025-02-14,Google Ads,Winter Sale,Linear,44901,2249,112472.49,167,609383,38732,4,50.01,673.49,5.42
2025-06-05,Social Media,App Install,Linear,19659,1157,21207.81,137,548822,11799,4,18.33,154.8,25.88
2025-04-08,Social Media,Lead Gen,Linear,24176,631,34843.82,109,197072,15631,4,55.22,319.67,5.66
2025-03-15,Google Ads,App Install,Last Touch,42422,1525,30698.25,85,214200,35527,2,20.13,361.16,6.98
2025-02-23,Direct Traffic,Lead Gen,Linear,43730,2436,93323.16,406,1502200,36481,1,38.31,229.86,16.1
2025-01-18,Direct Traffic,Winter Sale,First Touch,33232,2355,135883.5,119,247163,31927,1,57.7,1141.88,1.82
2025-05-12,Display Ads,Lead Gen,First Touch,11926,302,3279.72,16,62800,11363,1,10.86,204.98,19.15
2025-06-11,Direct Traffic,Winter Sale,First Touch,40766,3123,154775.88,203,812609,40542,5,49.56,762.44,5.25
2025-05-12,Social Media,Lead Gen,Linear,34398,2547,139244.49,108,326160,17933,5,54.67,1289.3,2.34
2025-05-09,Direct Traffic,Loyalty,Last Touch,48351,2441,123026.4,384,1320192,37249,3,50.4,320.38,10.73
2025-03-19,Social Media,Retargeting,First Touch,12880,606,32584.62,50,165050,12481,2,53.77,651.69,5.07
2025-05-27,Display Ads,Lead Gen,Last Touch,33682,2558,92164.74,100,130500,25344,5,36.03,921.65,1.42
2025-01-12,Display Ads,App Install,Last Touch,36016,2160,110376.0,123,242679,30468,5,51.1,897.37,2.2
2025-01-22,Email,Loyalty,Last Touch,10996,724,30943.76,123,404916,9591,5,42.74,251.58,13.09
2025-03-11,Meta Ads,Loyalty,Linear,32752,1754,60056.96,174,744720,22800,5,34.24,345.15,12.4
2025-06-21,Display Ads,Brand Awareness,Last Touch,7826,433,8629.69,20,88740,4275,5,19.93,431.48,10.28
2025-04-19,Google Ads,Summer Sale,Last Touch,7884,391,14349.7,26,83096,5105,5,36.7,551.91,5.79
2025-05-23,Meta Ads,Summer Sale,Linear,29732,1226,59473.26,121,540628,28939,4,48.51,491.51,9.09
2025-02-16,Email,Brand Awareness,Linear,32632,2027,46053.44,246,681666,25274,2,22.72,187.21,14.8
2025-03-09,Social Media,Festive Offer,First Touch,22409,1057,25621.68,41,51127,13709,5,24.24,624.92,2.0
2025-03-28,Google Ads,Festive Offer,First Touch,15473,1220,32317.8,175,661675,11067,3,26.49,184.67,20.47
2025-05-19,Social Media,Retargeting,First Touch,37933,2961,171530.73,434,993426,36484,4,57.93,395.23,5.79
2025-05-17,Direct Traffic,Lead Gen,First Touch,45244,1016,31160.72,180,507240,38335,2,30.67,173.12,16.28
2025-05-15,Display Ads,Loyalty,Linear,9466,430,17376.3,16,38848,5338,2,40.41,1086.02,2.24
2025-01-29,Social Media,New Product Launch,Last Touch,48331,3157,123691.26,480,977760,47585,4,39.18,257.69,7.9
2025-01-28,Meta Ads,New Product Launch,Last Touch,31714,2336,60198.72,413,569527,30903,3,25.77,145.76,9.46
2025-03-24,Social Media,Lead Gen,First Touch,31254,1248,63847.68,41,76998,21530,3,51.16,1557.26,1.21
2025-03-19,Display Ads,Retargeting,Last Touch,13163,749,22694.7,95,189145,12290,3,30.3,238.89,8.33
2025-03-12,Google Ads,Loyalty,Last Touch,31349,2216,71887.04,312,1329432,16744,5,32.44,230.41,18.49
2025-02-02,Direct Traffic,Winter Sale,Linear,40274,2190,79759.8,79,269864,20230,4,36.42,1009.62,3.38
2025-04-29,Social Media,Retargeting,First Touch,22792,564,12458.76,60,97680,15106,3,22.09,207.65,7.84
2025-06-09,Meta Ads,Festive Offer,Linear,29676,2280,82969.2,279,949995,24953,2,36.39,297.38,11.45
2025-06-28,Social Media,Festive Offer,Linear,45536,2412,58370.4,255,898365,33003,1,24.2,228.9,15.39
2025-03-25,Email,Loyalty,Last Touch,25549,1742,18395.52,84,147168,24609,5,10.56,218.99,8.0
2025-06-23,Meta Ads,Brand Awareness,Linear,36310,2893,60203.33,489,1978005,19612,3,20.81,123.12,32.86
2025-01-30,Google Ads,App Install,First Touch,32687,1992,22350.24,308,1047816,28675,5,11.22,72.57,46.88
2025-04-12,Meta Ads,Festive Offer,Last Touch,21289,950,42645.5,46,152168,20134,3,44.89,927.08,3.57
2025-03-25,Email,Loyalty,First Touch,29837,1465,15470.4,174,672858,24296,3,10.56,88.91,43.49
2025-02-04,Email,Lead Gen,Linear,21398,657,15275.25,56,153216,15187,5,23.25,272.77,10.03
2025-06-07,Display Ads,Festive Offer,Last Touch,31899,733,35946.32,50,62900,29387,3,49.04,718.93,1.75
2025-03-22,Display Ads,Summer Sale,Last Touch,34038,1374,74759.34,158,695990,27128,3,54.41,473.16,9.31
2025-02-26,Meta Ads,Lead Gen,Linear,6893,313,6450.93,46,103822,6718,4,20.61,140.24,16.09
2025-04-08,Meta Ads,Retargeting,Last Touch,27053,1678,18155.96,150,385200,23416,5,10.82,121.04,21.22
2025-03-30,Meta Ads,Brand Awareness,First Touch,49254,2242,117682.58,107,195061,34264,2,52.49,1099.84,1.66
2025-04-26,Display Ads,App Install,Linear,48033,2326,67128.36,336,1246896,26222,4,28.86,199.79,18.57
2025-01-08,Google Ads,Discount Offer,First Touch,23411,1464,19324.8,125,407625,15820,5,13.2,154.6,21.09
2025-05-13,Direct Traffic,Festive Offer,First Touch,5401,354,20861.22,11,34573,5111,5,58.93,1896.47,1.66
2025-04-12,Display Ads,App Install,Linear,13378,424,5134.64,49,130683,10326,1,12.11,104.79,25.45
2025-03-11,Display Ads,Retargeting,Linear,31774,2146,112321.64,269,790860,17134,2,52.34,417.55,7.04
2025-01-29,Meta Ads,Brand Awareness,First Touch,39652,1390,64273.6,226,587826,27296,4,46.24,284.4,9.15
2025-03-30,Direct Traffic,Loyalty,Linear,30288,2180,77782.4,216,569160,28562,2,35.68,360.1,7.32
2025-04-05,Email,Lead Gen,First Touch,25300,700,30051.0,93,200136,20898,3,42.93,323.13,6.66
2025-03-06,Email,Winter Sale,First Touch,7060,427,12946.64,32,86528,4698,4,30.32,404.58,6.68
2025-03-28,Direct Traffic,Retargeting,First Touch,10026,267,15248.37,14,57680,8678,3,57.11,1089.17,3.78
2025-05-18,Social Media,App Install,Linear,45684,2924,172896.12,285,1244880,35888,2,59.13,606.65,7.2
2025-03-04,Direct Traffic,Winter Sale,Linear,47042,2855,47535.75,158,313472,41710,5,16.65,300.86,6.59
2025-04-08,Direct Traffic,Retargeting,First Touch,36112,1488,12886.08,165,739365,20260,5,8.66,78.1,57.38
2025-04-10,Meta Ads,Brand Awareness,Last Touch,26558,1670,30243.7,146,649262,17039,3,18.11,207.15,21.47
2025-05-20,Social Media,Retargeting,Last Touch,45902,3379,85184.59,217,531867,23338,1,25.21,392.56,6.24
2025-06-29,Direct Traffic,Discount Offer,Linear,9530,599,17137.39,60,142380,8977,1,28.61,285.62,8.31
2025-04-19,Email,Retargeting,Last Touch,21652,763,32686.92,64,145408,17830,1,42.84,510.73,4.45
2025-05-17,Meta Ads,Lead Gen,Last Touch,9322,452,18179.44,44,194128,9186,1,40.22,413.17,10.68
2025-01-04,Direct Traffic,Summer Sale,First Touch,47182,2630,41159.5,258,840306,40384,3,15.65,159.53,20.42
2025-05-18,Direct Traffic,Festive Offer,Linear,42217,2311,137227.18,252,1103760,26187,5,59.38,544.55,8.04
2025-01-16,Email,Summer Sale,Last Touch,42930,2669,137586.95,121,367840,25971,3,51.55,1137.08,2.67
2025-04-07,Meta Ads,Brand Awareness,First Touch,44204,2317,134617.7,316,605456,30877,2,58.1,426.01,4.5
2025-02-22,Social Media,New Product Launch,Linear,34460,1025,20746.0,118,191396,22176,1,20.24,175.81,9.23
2025-06-15,Direct Traffic,Lead Gen,Last Touch,6971,303,15295.44,51,179520,4345,2,50.48,299.91,11.74
2025-05-13,Social Media,Brand Awareness,Linear,42884,2290,43578.7,118,163194,25274,1,19.03,369.31,3.74
2025-02-17,Meta Ads,Retargeting,First Touch,6066,144,5061.6,14,38556,3502,1,35.15,361.54,7.62
2025-01-08,Social Media,Loyalty,Linear,41576,3125,134968.75,428,726744,21155,5,43.19,315.35,5.38
2025-01-22,Email,New Product Launch,Last Touch,30147,2044,47052.88,342,739746,29781,5,23.02,137.58,15.72
2025-03-16,Email,New Product Launch,Linear,10573,585,27652.95,86,200466,8735,5,47.27,321.55,7.25
2025-06-14,Meta Ads,New Product Launch,Last Touch,25272,1125,66476.25,87,345390,14236,1,59.09,764.09,5.2
2025-01-01,Meta Ads,Brand Awareness,Last Touch,31494,2360,19304.8,360,843120,31204,3,8.18,53.62,43.67
2025-05-31,Display Ads,App Install,First Touch,26719,565,24763.95,53,208661,19747,4,43.83,467.24,8.43
2025-03-10,Google Ads,Discount Offer,First Touch,47421,2066,56381.14,330,1353990,26668,2,27.29,170.85,24.01
2025-03-14,Google Ads,App Install,Linear,26229,682,27232.26,114,412908,17519,5,39.93,238.88,15.16
2025-05-01,Google Ads,Lead Gen,Linear,5985,251,9339.71,14,40866,5237,2,37.21,667.12,4.38
2025-03-17,Social Media,Retargeting,Last Touch,40015,2542,94969.12,230,641700,39894,4,37.36,412.91,6.76
2025-01-04,Social Media,New Product Launch,Linear,33406,1786,62581.44,223,375532,32185,5,35.04,280.63,6.0
2025-06-24,Direct Traffic,App Install,Linear,9761,408,11134.32,48,93072,7853,4,27.29,231.97,8.36
2025-01-20,Social Media,App Install,Last Touch,6531,402,8164.62,13,20228,3808,4,20.31,628.05,2.48
2025-06-29,Email,App Install,Linear,39208,2142,109691.82,124,156240,29523,1,51.21,884.61,1.42
2025-05-22,Google Ads,Loyalty,Last Touch,14122,1079,52622.83,90,296100,9636,1,48.77,584.7,5.63
2025-04-28,Display Ads,App Install,Last Touch,10912,657,9966.69,48,175968,6970,1,15.17,207.64,17.66
2025-01-25,Social Media,Lead Gen,First Touch,23371,596,26855.76,53,93492,18824,3,45.06,506.71,3.48
2025-02-15,Meta Ads,Retargeting,Linear,36295,1453,56027.68,141,577536,26808,3,38.56,397.36,10.31
2025-03-10,Meta Ads,Discount Offer,Linear,27715,1686,46179.54,261,361485,19082,4,27.39,176.93,7.83
2025-05-10,Meta Ads,Brand Awareness,Linear,14275,393,20915.46,41,49200,12955,5,53.22,510.13,2.35
2025-01-05,Direct Traffic,Brand Awareness,First Touch,46426,2040,114484.8,336,967344,32227,1,56.12,340.73,8.45
2025-04-28,Meta Ads,New Product Launch,First Touch,23248,1647,53428.68,93,173631,20798,5,32.44,574.5,3.25
2025-03-25,Direct Traffic,Winter Sale,First Touch,8828,223,7816.15,38,126008,5911,2,35.05,205.69,16.12
2025-06-26,Email,App Install,First Touch,10904,307,9154.74,27,92367,8508,1,29.82,339.06,10.09
2025-05-04,Google Ads,Brand Awareness,Last Touch,41861,2448,115447.68,95,159125,39750,3,47.16,1215.24,1.38
2025-01-01,Social Media,Retargeting,Last Touch,12157,958,40389.28,74,218300,6740,1,42.16,545.8,5.4
2025-04-03,Meta Ads,App Install,First Touch,42323,1192,12253.76,118,349516,40613,3,10.28,103.85,28.52
2025-06-24,Google Ads,Brand Awareness,Last Touch,21805,1621,82930.36,207,675855,20306,3,51.16,400.63,8.15
2025-05-24,Direct Traffic,Summer Sale,Linear,24204,813,33804.54,121,403777,19775,4,41.58,279.38,11.94
2025-06-01,Social Media,Loyalty,First Touch,32009,1302,50712.9,93,291462,28553,1,38.95,545.3,5.75
2025-04-16,Direct Traffic,Discount Offer,Linear,38729,2925,172077.75,176,435248,37006,1,58.83,977.71,2.53
2025-02-24,Direct Traffic,Discount Offer,First Touch,21896,874,13975.26,127,497713,20954,4,15.99,110.04,35.61
2025-02-26,Direct Traffic,Retargeting,First Touch,35688,2624,50092.16,425,1886150,29638,4,19.09,117.86,37.65
2025-03-07,Social Media,New Product Launch,Last Touch,14921,675,7519.5,107,367545,11026,1,11.14,70.28,48.88
2025-04-20,Display Ads,New Product Launch,Linear,40910,1355,61408.6,91,220857,38213,5,45.32,674.82,3.6
2025-02-19,Social Media,Winter Sale,First Touch,25835,1757,49020.3,311,1176513,17798,4,27.9,157.62,24.0
2025-02-05,Social Media,Brand Awareness,Last Touch,26888,623,31430.35,105,429030,14265,4,50.45,299.34,13.65
2025-04-03,Display Ads,Loyalty,Last Touch,28097,696,40347.12,37,129944,17042,1,57.97,1090.46,3.22
2025-06-02,Google Ads,Lead Gen,Last Touch,26269,694,23360.04,93,389856,13585,5,33.66,251.18,16.69
2025-01-27,Meta Ads,Discount Offer,First Touch,11561,552,18983.28,48,175728,11405,1,34.39,395.48,9.26
2025-02-06,Email,Winter Sale,Linear,34175,2081,22495.61,281,530528,17866,4,10.81,80.06,23.58
2025-06-08,Email,New Product Launch,Last Touch,22566,1397,17211.04,79,94958,12637,2,12.32,217.86,5.52
2025-02-16,Display Ads,Summer Sale,Linear,28418,2055,22810.5,110,320100,26653,1,11.1,207.37,14.03
2025-01-21,Email,Discount Offer,Last Touch,19063,1368,77141.52,227,594967,13784,4,56.39,339.83,7.71
2025-06-12,Social Media,Summer Sale,First Touch,33708,1245,71836.5,129,558957,31368,2,57.7,556.87,7.78
2025-02-03,Display Ads,Loyalty,Linear,8245,625,28018.75,74,199726,4351,2,44.83,378.63,7.13
2025-06-20,Google Ads,Brand Awareness,First Touch,30734,1145,49498.35,71,173595,28029,1,43.23,697.16,3.51
2025-02-22,Direct Traffic,Loyalty,First Touch,5196,190,2764.5,6,12468,4352,1,14.55,460.75,4.51
2025-05-10,Social Media,Winter Sale,First Touch,9719,510,20706.0,84,176904,7618,5,40.6,246.5,8.54
2025-06-07,Meta Ads,Lead Gen,Last Touch,27682,1815,37516.05,156,549432,19419,2,20.67,240.49,14.65
2025-01-12,Email,Festive Offer,First Touch,7179,169,9822.28,19,67735,3642,1,58.12,516.96,6.9
2025-04-12,Social Media,Festive Offer,Linear,8852,216,6073.92,20,45520,4787,2,28.12,303.7,7.49
2025-05-03,Social Media,Winter Sale,Linear,49578,1364,74024.28,85,169405,43475,3,54.27,870.87,2.29
2025-03-20,Social Media,Summer Sale,First Touch,6344,127,4257.04,10,18430,4540,3,33.52,425.7,4.33
2025-01-03,Meta Ads,Retargeting,Linear,27802,1937,22837.23,119,327726,19030,3,11.79,191.91,14.35
2025-02-03,Display Ads,Retargeting,Last Touch,11931,567,12048.75,66,248886,7495,5,21.25,182.56,20.66
2025-06-29,Meta Ads,New Product Launch,First Touch,25166,1003,12988.85,32,141600,13106,5,12.95,405.9,10.9
2025-01-11,Direct Traffic,Festive Offer,Linear,8040,332,2752.28,48,163920,6296,4,8.29,57.34,59.56
2025-05-11,Email,New Product Launch,First Touch,14926,1092,15364.44,95,286710,9264,2,14.07,161.73,18.66
2025-06-07,Google Ads,Winter Sale,Linear,26922,2085,116801.7,205,879245,22678,5,56.02,569.76,7.53
2025-05-20,Display Ads,Summer Sale,Linear,17194,434,16865.24,51,149634,13703,2,38.86,330.69,8.87
2025-04-12,Google Ads,New Product Launch,First Touch,32464,1956,105389.28,292,1180556,18549,4,53.88,360.92,11.2
2025-04-05,Email,Lead Gen,First Touch,10094,356,21050.28,58,234668,9928,2,59.13,362.94,11.15
2025-01-01,Display Ads,Discount Offer,First Touch,27560,1943,38335.39,277,339325,16744,2,19.73,138.39,8.85
2025-04-21,Direct Traffic,Retargeting,First Touch,47404,3209,146747.57,178,470632,40886,1,45.73,824.42,3.21
2025-05-14,Social Media,App Install,Linear,5280,323,12083.43,30,130950,3099,5,37.41,402.78,10.84
2025-04-22,Meta Ads,Lead Gen,Last Touch,26778,1419,17368.56,167,414327,22711,4,12.24,104.0,23.86
2025-06-26,Display Ads,Retargeting,Linear,11173,479,16702.73,65,277745,8368,2,34.87,256.97,16.63
2025-05-03,Social Media,Loyalty,First Touch,9401,496,13649.92,85,278970,8628,2,27.52,160.59,20.44
2025-05-11,Email,Summer Sale,Last Touch,8500,505,30178.8,25,103950,8155,2,59.76,1207.15,3.44
2025-01-01,Google Ads,Retargeting,Linear,19008,1081,38818.71,133,284088,11720,2,35.91,291.87,7.32
2025-01-16,Email,Discount Offer,Last Touch,23267,1145,25762.5,70,121730,20232,1,22.5,368.04,4.73
2025-01-17,Display Ads,Summer Sale,Linear,44481,2785,123821.1,364,1533532,42795,1,44.46,340.17,12.39
2025-02-02,Google Ads,New Product Launch,First Touch,23153,1764,77951.16,110,191070,13715,4,44.19,708.65,2.45
2025-05-08,Email,Retargeting,Linear,11765,407,18449.31,14,61334,6952,5,45.33,1317.81,3.32
2025-01-24,Display Ads,Summer Sale,First Touch,31683,1115,20348.75,147,210945,21484,5,18.25,138.43,10.37
2025-03-01,Display Ads,App Install,Last Touch,28321,1242,47692.8,151,319818,16323,1,38.4,315.85,6.71
2025-06-25,Google Ads,Retargeting,Linear,10875,488,26322.72,64,271360,6043,4,53.94,411.29,10.31
2025-03-18,Display Ads,Loyalty,First Touch,15428,847,48871.9,53,234048,7952,3,57.7,922.11,4.79
2025-03-05,Direct Traffic,Lead Gen,Last Touch,9383,536,15211.68,28,42896,6354,1,28.38,543.27,2.82
2025-04-18,Display Ads,Brand Awareness,Linear,8661,363,13420.11,30,87300,7551,4,36.97,447.34,6.51
2025-01-11,Display Ads,New Product Launch,Linear,30821,2335,28883.95,249,700188,21341,3,12.37,116.0,24.24
2025-01-16,Email,Loyalty,Last Touch,21694,825,8151.0,144,403632,14063,3,9.88,56.6,49.52
2025-06-04,Meta Ads,New Product Launch,Linear,32317,1312,31120.64,158,297830,23590,2,23.72,196.97,9.57
2025-02-03,Meta Ads,Festive Offer,First Touch,33432,2437,34386.07,181,325981,25095,2,14.11,189.98,9.48
2025-04-16,Direct Traffic,Retargeting,Linear,27513,2103,77495.55,164,649112,16234,1,36.85,472.53,8.38
2025-06-23,Social Media,Lead Gen,Linear,7574,394,13254.16,70,280980,6317,1,33.64,189.35,21.2
2025-06-09,Display Ads,Retargeting,Linear,20735,1315,72574.85,179,697205,20210,5,55.19,405.45,9.61
2025-06-24,Display Ads,Winter Sale,First Touch,18173,973,48513.78,158,655542,13701,4,49.86,307.05,13.51
2025-02-17,Email,Brand Awareness,Last Touch,39840,1360,28247.2,234,314028,27813,1,20.77,120.71,11.12
2025-01-21,Direct Traffic,Summer Sale,Linear,39668,1982,18749.72,350,802550,31951,4,9.46,53.57,42.8
2025-04-10,Direct Traffic,Loyalty,Linear,22600,1129,55772.6,101,415716,15695,3,49.4,552.2,7.45
2025-02-21,Email,New Product Launch,Last Touch,29295,1577,93894.58,111,308913,26576,5,59.54,845.9,3.29
2025-05-09,Display Ads,Discount Offer,Last Touch,18672,1388,20237.04,78,184782,15397,1,14.58,259.45,9.13
2025-05-18,Direct Traffic,Brand Awareness,Linear,26760,2020,114574.4,338,829452,21703,1,56.72,338.98,7.24
2025-03-29,Meta Ads,Festive Offer,Linear,14345,564,32080.32,65,183690,9646,4,56.88,493.54,5.73
2025-02-16,Google Ads,New Product Launch,First Touch,34700,2505,56011.8,165,723030,21238,3,22.36,339.47,12.91
2025-02-16,Display Ads,Discount Offer,Last Touch,8449,674,38815.66,86,308740,5824,2,57.59,451.34,7.95
2025-02-10,Display Ads,Discount Offer,Last Touch,25757,1884,35984.4,285,870390,22160,4,19.1,126.26,24.19
2025-02-26,Direct Traffic,App Install,First Touch,11832,918,39832.02,30,101610,11204,1,43.39,1327.73,2.55
2025-05-07,Social Media,Summer Sale,First Touch,14311,1086,13173.18,151,457379,7911,5,12.13,87.24,34.72
2025-03-13,Email,Retargeting,First Touch,28773,1983,83702.43,279,535959,21479,5,42.21,300.01,6.4
2025-04-28,Email,Winter Sale,Linear,47630,3496,118514.4,163,325022,44878,2,33.9,727.08,2.74
2025-06-15,Direct Traffic,Brand Awareness,Linear,39670,1771,45603.25,250,451000,27127,4,25.75,182.41,9.89
2025-04-29,Display Ads,Retargeting,Linear,33178,1460,36266.4,85,264945,16700,1,24.84,426.66,7.31
2025-03-13,Google Ads,Brand Awareness,Linear,28403,1957,98456.67,332,483724,14603,3,50.31,296.56,4.91
2025-03-25,Direct Traffic,Lead Gen,Linear,7990,177,9890.76,18,71910,4724,2,55.88,549.49,7.27
2025-01-17,Email,Retargeting,Last Touch,35350,2112,120721.92,101,132108,27542,2,57.16,1195.27,1.09
2025-05-27,Direct Traffic,Discount Offer,First Touch,31083,1608,65333.04,69,129237,30424,1,40.63,946.86,1.98
2025-02-20,Google Ads,New Product Launch,Last Touch,45791,1866,83746.08,200,560000,28662,1,44.88,418.73,6.69
2025-06-03,Direct Traffic,Retargeting,Linear,46364,3308,161331.16,269,1115005,35421,5,48.77,599.74,6.91
2025-04-01,Direct Traffic,New Product Launch,First Touch,14722,443,18287.04,64,192832,9219,5,41.28,285.74,10.54
2025-02-18,Social Media,Loyalty,Linear,16423,329,8853.39,33,133320,11849,3,26.91,268.28,15.06
2025-02-27,Meta Ads,New Product Launch,Last Touch,32972,831,21772.2,29,81954,19488,1,26.2,750.77,3.76
2025-05-22,Display Ads,Brand Awareness,Linear,17283,749,25383.61,130,563030,16925,2,33.89,195.26,22.18
2025-02-21,Display Ads,Brand Awareness,First Touch,5927,293,4720.23,13,49933,5230,2,16.11,363.09,10.58
2025-05-23,Direct Traffic,Lead Gen,Linear,16985,1059,61538.49,110,489610,15614,3,58.11,559.44,7.96
2025-05-17,Email,Festive Offer,Last Touch,18127,715,33748.0,35,72065,12613,2,47.2,964.23,2.14
2025-02-06,Meta Ads,Lead Gen,First Touch,46598,1228,48616.52,83,151890,34640,5,39.59,585.74,3.12
2025-06-21,Direct Traffic,Loyalty,First Touch,48581,3859,157562.97,222,933954,35881,4,40.83,709.74,5.93
2025-01-15,Display Ads,Retargeting,Linear,27120,885,37276.2,146,320032,23970,4,42.12,255.32,8.59
2025-03-04,Google Ads,Discount Offer,Linear,8632,313,13631.15,32,52096,6251,1,43.55,425.97,3.82
2025-05-05,Direct Traffic,Summer Sale,First Touch,41627,3204,154272.6,410,1035660,25678,1,48.15,376.27,6.71
2025-06-18,Google Ads,New Product Launch,Last Touch,16437,724,7949.52,106,415414,14760,2,10.98,75.0,52.26
2025-05-27,Direct Traffic,App Install,Linear,28945,1249,30375.68,89,280350,15209,3,24.32,341.3,9.23
2025-03-23,Email,Loyalty,First Touch,16421,1251,52917.3,106,313018,12595,1,42.3,499.22,5.92
2025-01-20,Social Media,Summer Sale,Last Touch,33066,1200,45144.0,156,555360,28852,5,37.62,289.38,12.3
2025-02-24,Social Media,Summer Sale,Last Touch,40856,2034,101394.9,79,354710,20445,2,49.85,1283.48,3.5
2025-01-05,Email,Retargeting,Last Touch,15374,922,10787.4,147,475104,8474,2,11.7,73.38,44.04
2025-06-19,Google Ads,Retargeting,Last Touch,9803,749,28252.28,106,313866,8206,4,37.72,266.53,11.11
2025-05-17,Social Media,App Install,Last Touch,7381,398,14013.58,24,45000,5436,4,35.21,583.9,3.21
2025-05-04,Meta Ads,Discount Offer,Linear,17148,478,20032.98,62,81530,16116,3,41.91,323.11,4.07
2025-06-28,Social Media,Lead Gen,Linear,45739,2218,80557.76,183,697230,29684,5,36.32,440.21,8.66
2025-06-28,Direct Traffic,Winter Sale,First Touch,12555,705,28735.8,61,150304,7820,1,40.76,471.08,5.23
2025-05-12,Direct Traffic,Loyalty,Linear,26946,832,12047.36,30,50850,23075,1,14.48,401.58,4.22
2025-04-01,Google Ads,Summer Sale,Last Touch,29781,1082,24561.4,136,608464,19544,4,22.7,180.6,24.77
2025-01-02,Direct Traffic,Brand Awareness,First Touch,14193,642,23875.98,57,140562,11558,4,37.19,418.88,5.89
2025-05-08,Display Ads,Winter Sale,Linear,34348,1909,106923.09,310,484840,30929,2,56.01,344.91,4.53
2025-04-09,Email,Festive Offer,Linear,7213,255,6423.45,8,17600,5051,3,25.19,802.93,2.74
2025-06-28,Meta Ads,App Install,First Touch,7466,413,11597.04,29,85463,6258,2,28.08,399.9,7.37
2025-04-29,Display Ads,Discount Offer,First Touch,46614,2513,66896.06,289,796773,30605,3,26.62,231.47,11.91
2025-02-22,Google Ads,Summer Sale,Linear,35536,2243,38848.76,184,342424,35102,2,17.32,211.13,8.81
2025-04-29,Display Ads,New Product Launch,Last Touch,24641,839,10126.73,64,152768,20913,5,12.07,158.23,15.09
2025-05-24,Social Media,Summer Sale,Linear,30786,1259,28516.35,161,356615,20284,3,22.65,177.12,12.51
2025-03-09,Email,New Product Launch,Last Touch,21868,1468,72181.56,111,188256,17414,5,49.17,650.28,2.61
2025-06-04,Social Media,New Product Launch,Linear,20889,1462,83524.06,100,356800,17831,3,57.13,835.24,4.27
2025-02-27,Social Media,Winter Sale,Last Touch,22288,468,22215.96,72,292680,20341,2,47.47,308.56,13.17
2025-02-07,Meta Ads,Brand Awareness,Linear,26508,1326,19452.42,183,761829,16834,5,14.67,106.3,39.16
2025-06-21,Social Media,Lead Gen,Linear,22669,589,9541.8,103,444239,20689,4,16.2,92.64,46.56
2025-02-03,Google Ads,Retargeting,First Touch,36374,2389,78598.1,179,594996,29581,2,32.9,439.1,7.57
2025-03-15,Direct Traffic,Festive Offer,Last Touch,27064,1308,50292.6,207,354798,14142,2,38.45,242.96,7.05
2025-01-03,Google Ads,Winter Sale,Last Touch,42138,1937,46158.71,328,592696,41088,2,23.83,140.73,12.84
2025-05-26,Google Ads,Brand Awareness,First Touch,28315,747,36229.5,45,139050,19618,4,48.5,805.1,3.84
2025-04-02,Social Media,Loyalty,Last Touch,17472,696,17775.84,91,284830,8773,5,25.54,195.34,16.02
2025-04-21,Google Ads,Loyalty,Linear,19313,1480,31938.4,124,300328,12755,3,21.58,257.57,9.4
2025-06-28,Email,Festive Offer,Last Touch,19502,489,9579.51,54,146826,10538,2,19.59,177.4,15.33
2025-03-17,Meta Ads,New Product Launch,Last Touch,15326,1164,54149.28,40,88720,9259,3,46.52,1353.73,1.64
2025-04-28,Email,Retargeting,Last Touch,31645,1027,13967.2,77,301532,23207,5,13.6,181.39,21.59
2025-04-17,Social Media,Festive Offer,Linear,6836,150,7374.0,26,100542,4703,2,49.16,283.62,13.63
2025-05-26,Email,Festive Offer,Linear,8284,241,12013.85,10,39140,8133,4,49.85,1201.38,3.26
2025-03-15,Google Ads,App Install,Last Touch,17341,1380,32719.8,215,309385,11212,2,23.71,152.19,9.46
2025-05-18,Email,Brand Awareness,First Touch,15615,1075,42666.75,77,215600,10578,2,39.69,554.11,5.05
2025-04-25,Email,Retargeting,First Touch,18175,509,30382.21,62,133734,9239,2,59.69,490.04,4.4
2025-01-05,Meta Ads,Summer Sale,Last Touch,42592,3385,65025.85,547,1170580,22015,2,19.21,118.88,18.0
2025-02-20,Email,Festive Offer,Last Touch,33899,815,35860.0,106,312912,31900,3,44.0,338.3,8.73
2025-01-03,Display Ads,Festive Offer,First Touch,36351,2056,53579.36,312,692640,20031,2,26.06,171.73,12.93
2025-03-13,Direct Traffic,Summer Sale,First Touch,8673,214,11765.72,35,147315,6452,4,54.98,336.16,12.52
2025-02-13,Meta Ads,Brand Awareness,First Touch,22750,1433,82311.52,71,122120,20225,3,57.44,1159.32,1.48
2025-04-28,Google Ads,Loyalty,Linear,6073,154,6979.28,26,101686,3578,3,45.32,268.43,14.57
2025-01-14,Email,Brand Awareness,Last Touch,32104,2407,51678.29,391,1209754,28006,1,21.47,132.17,23.41
2025-05-02,Direct Traffic,App Install,Last Touch,22068,989,39916.04,153,298197,15354,1,40.36,260.89,7.47
2025-04-09,Email,Lead Gen,First Touch,40181,2906,89853.52,430,1342030,24950,3,30.92,208.96,14.94
2025-05-10,Google Ads,Retargeting,First Touch,25752,1440,71625.6,169,679042,18499,4,49.74,423.82,9.48
2025-04-11,Social Media,Winter Sale,Linear,21693,1624,74184.32,84,185892,18799,2,45.68,883.15,2.51
2025-06-10,Meta Ads,App Install,Linear,10000,676,8916.44,28,39004,5976,5,13.19,318.44,4.37
2025-04-28,Social Media,Brand Awareness,First Touch,27718,2188,80409.0,330,1399860,23921,1,36.75,243.66,17.41
2025-06-21,Google Ads,App Install,First Touch,36767,1378,13600.86,171,363033,23332,3,9.87,79.54,26.69
2025-01-27,Social Media,Loyalty,Linear,21503,1326,22900.02,103,445990,12543,4,17.27,222.33,19.48
2025-01-27,Meta Ads,Retargeting,First Touch,37258,2858,134097.36,192,668736,33518,2,46.92,698.42,4.99
2025-02-11,Google Ads,Summer Sale,Last Touch,14807,424,11676.96,36,90432,13015,3,27.54,324.36,7.74
2025-06-01,Direct Traffic,Festive Offer,First Touch,17799,1146,9259.68,127,254000,12214,3,8.08,72.91,27.43
2025-03-17,Email,App Install,First Touch,24970,1251,43747.47,132,472032,17901,1,34.97,331.42,10.79
2025-03-11,Display Ads,Brand Awareness,First Touch,5676,406,16207.52,35,114730,5641,3,39.92,463.07,7.08
2025-01-19,Social Media,Summer Sale,First Touch,49687,2329,49794.02,315,612360,37860,4,21.38,158.08,12.3
2025-06-12,Direct Traffic,New Product Launch,First Touch,44173,2847,84071.91,199,607348,38404,4,29.53,422.47,7.22
2025-03-23,Meta Ads,Retargeting,Last Touch,42174,1232,36652.0,200,526000,38871,1,29.75,183.26,14.35
2025-02-06,Social Media,Retargeting,First Touch,47868,2016,92151.36,108,391608,33300,1,45.71,853.25,4.25
2025-01-19,Email,Festive Offer,First Touch,7755,225,5517.0,32,130272,6259,4,24.52,172.41,23.61
2025-03-01,Display Ads,New Product Launch,Last Touch,48802,3084,49405.68,281,1053469,48083,3,16.02,175.82,21.32
2025-06-20,Meta Ads,Brand Awareness,Last Touch,29705,729,30975.21,90,117900,25441,5,42.49,344.17,3.81
2025-03-28,Google Ads,New Product Launch,First Touch,12010,400,14396.0,63,86814,8238,5,35.99,228.51,6.03
2025-05-17,Meta Ads,Retargeting,First Touch,47098,1178,61526.94,52,99216,26048,3,52.23,1183.21,1.61
2025-03-17,Social Media,Discount Offer,Linear,29411,1538,81867.74,171,580374,22888,4,53.23,478.76,7.09
2025-03-18,Google Ads,Discount Offer,Linear,12191,632,13670.16,69,192855,8628,3,21.63,198.12,14.11
2025-02-04,Direct Traffic,Brand Awareness,First Touch,30445,933,52490.58,156,505284,22467,5,56.26,336.48,9.63
2025-05-03,Meta Ads,Summer Sale,Linear,26449,1760,101921.6,221,520234,19766,3,57.91,461.18,5.1
2025-01-31,Social Media,Festive Offer,Linear,13473,445,18796.8,20,35540,12592,4,42.24,939.84,1.89
2025-02-07,Meta Ads,Discount Offer,First Touch,16994,357,15668.73,13,24284,12641,5,43.89,1205.29,1.55
2025-02-25,Google Ads,Winter Sale,Linear,36824,2808,156377.52,323,1313641,22079,1,55.69,484.14,8.4
2025-05-01,Social Media,App Install,First Touch,31624,1748,67979.72,213,757428,27127,5,38.89,319.15,11.14
2025-01-25,Direct Traffic,Retargeting,Linear,18052,481,17594.98,18,53442,15944,4,36.58,977.5,3.04
2025-01-06,Direct Traffic,Retargeting,Linear,5139,122,3182.98,7,13020,4777,3,26.09,454.71,4.09
2025-02-19,Social Media,Festive Offer,First Touch,11315,228,9313.8,18,34830,7870,2,40.85,517.43,3.74
2025-05-16,Meta Ads,Lead Gen,Linear,5125,390,14336.4,21,61131,5084,2,36.76,682.69,4.26
2025-06-18,Social Media,Loyalty,First Touch,8908,419,14987.63,39,119847,8026,2,35.77,384.3,8.0
2025-02-28,Meta Ads,Lead Gen,First Touch,37872,2142,60061.68,317,644778,25964,4,28.04,189.47,10.74
2025-04-15,Direct Traffic,Discount Offer,Linear,27034,1570,84670.1,273,1166256,26099,4,53.93,310.15,13.77
2025-02-15,Display Ads,App Install,First Touch,21241,978,23315.52,143,172029,11838,2,23.84,163.05,7.38
2025-02-09,Direct Traffic,Lead Gen,First Touch,18180,1345,60901.6,71,280876,17946,5,45.28,857.77,4.61
2025-02-27,Email,Retargeting,Last Touch,44327,2823,31871.67,286,1172600,22811,4,11.29,111.44,36.79
2025-05-04,Display Ads,Festive Offer,First Touch,47640,1076,50884.04,149,533867,29293,1,47.29,341.5,10.49
2025-06-12,Social Media,Lead Gen,First Touch,47872,3293,68691.98,135,232335,39241,5,20.86,508.83,3.38
2025-04-24,Display Ads,Discount Offer,Last Touch,37975,2342,61641.44,278,993294,36460,2,26.32,221.73,16.11
2025-05-19,Direct Traffic,Winter Sale,Last Touch,48302,2407,111179.33,78,322374,48133,2,46.19,1425.38,2.9
2025-06-29,Display Ads,Festive Offer,Last Touch,31165,1621,77337.91,197,521853,24998,1,47.71,392.58,6.75
2025-02-05,Email,App Install,First Touch,25188,1435,55749.75,234,436410,18220,3,38.85,238.25,7.83
2025-02-27,Social Media,Winter Sale,Linear,33518,1933,16372.51,186,450120,21231,5,8.47,88.02,27.49
2025-06-05,Google Ads,App Install,Last Touch,46117,2237,106861.49,205,741485,33036,1,47.77,521.28,6.94
2025-04-23,Social Media,Loyalty,Last Touch,36747,782,6412.4,115,353395,28432,4,8.2,55.76,55.11
2025-03-07,Social Media,Summer Sale,Linear,45488,3231,73602.18,230,755550,29085,5,22.78,320.01,10.27
2025-05-10,Email,Discount Offer,Last Touch,35280,1218,62873.16,131,495180,28891,2,51.62,479.95,7.88
2025-04-13,Direct Traffic,Loyalty,Linear,39944,1054,29301.2,154,521444,20888,3,27.8,190.27,17.8
2025-03-16,Email,Brand Awareness,Linear,15922,951,33066.27,84,104160,10637,2,34.77,393.65,3.15
2025-01-31,Google Ads,Retargeting,Last Touch,14144,1098,11012.94,98,339472,12002,1,10.03,112.38,30.82
2025-01-05,Social Media,Retargeting,Last Touch,40038,2803,74699.95,127,267589,20036,5,26.65,588.19,3.58
2025-05-19,Social Media,Lead Gen,First Touch,48628,3319,83472.85,251,857165,42371,2,25.15,332.56,10.27
2025-06-08,Social Media,App Install,Last Touch,11945,635,18815.05,101,127159,7195,4,29.63,186.29,6.76
2025-04-05,Google Ads,Brand Awareness,First Touch,18949,431,11180.14,38,151240,16081,1,25.94,294.21,13.53
2025-06-01,Social Media,Summer Sale,Linear,18323,385,22464.75,32,76768,10751,5,58.35,702.02,3.42
2025-03-08,Social Media,New Product Launch,Last Touch,40478,2424,132471.6,179,543802,38899,1,54.65,740.06,4.11
2025-05-09,Display Ads,Brand Awareness,Linear,12753,661,10853.62,106,476046,6662,1,16.42,102.39,43.86
2025-01-29,Direct Traffic,New Product Launch,Last Touch,29403,2155,31010.45,139,334990,19665,3,14.39,223.1,10.8
2025-02-03,Social Media,Loyalty,First Touch,30781,1509,64268.31,261,910368,30174,4,42.59,246.24,14.17
2025-04-06,Meta Ads,Winter Sale,First Touch,29761,848,41094.08,40,104360,24895,5,48.46,1027.35,2.54
2025-04-22,Display Ads,Retargeting,Last Touch,32883,2173,38201.34,343,586873,16700,3,17.58,111.37,15.36
2025-03-02,Meta Ads,Winter Sale,Last Touch,6926,245,5875.1,40,97720,5679,3,23.98,146.88,16.63
2025-06-25,Email,Summer Sale,Linear,19603,1098,27417.06,48,103152,18556,2,24.97,571.19,3.76
2025-03-22,Google Ads,App Install,First Touch,13990,521,23908.69,32,60160,12741,5,45.89,747.15,2.52
2025-01-15,Google Ads,New Product Launch,Last Touch,13370,795,45489.9,134,198052,12559,4,57.22,339.48,4.35
2025-03-02,Direct Traffic,Retargeting,Linear,35363,1756,52908.28,123,471213,25754,5,30.13,430.15,8.91
2025-03-30,Social Media,Summer Sale,Linear,49243,1933,48112.37,110,433180,34624,2,24.89,437.39,9.0
2025-06-24,Email,Retargeting,Linear,25488,664,9302.64,69,221007,18777,5,14.01,134.82,23.76
2025-01-22,Display Ads,Discount Offer,First Touch,27019,2025,71907.75,254,682498,18563,5,35.51,283.1,9.49
2025-01-24,Email,App Install,Last Touch,25136,908,18141.84,77,160083,18410,2,19.98,235.61,8.82
2025-03-18,Display Ads,Lead Gen,Linear,24385,651,31931.55,64,170176,21704,3,49.05,498.93,5.33
2025-06-29,Social Media,App Install,First Touch,22036,823,45158.01,49,125685,14808,4,54.87,921.59,2.78
2025-05-11,Social Media,Brand Awareness,First Touch,17794,489,9447.48,20,88500,10021,2,19.32,472.37,9.37
2025-03-03,Direct Traffic,Lead Gen,Linear,16941,772,7681.4,78,264498,11338,5,9.95,98.48,34.43
2025-01-18,Email,Retargeting,Last Touch,40606,1969,16736.5,303,902940,26330,3,8.5,55.24,53.95
2025-06-25,Google Ads,Summer Sale,First Touch,13010,607,14507.3,47,183629,8247,3,23.9,308.67,12.66
2025-02-27,Display Ads,Lead Gen,First Touch,11653,590,31211.0,49,196392,9744,2,52.9,636.96,6.29
2025-03-16,Email,Festive Offer,Last Touch,10742,688,21341.76,59,110035,10224,4,31.02,361.72,5.16
2025-05-31,Google Ads,Winter Sale,First Touch,18756,1290,19479.0,155,349060,15539,4,15.1,125.67,17.92
2025-03-09,Email,Brand Awareness,Linear,43505,2371,116416.1,316,524244,23332,5,49.1,368.41,4.5
2025-06-02,Social Media,Summer Sale,Last Touch,19934,1089,38801.07,70,280000,15543,2,35.63,554.3,7.22
2025-01-25,Direct Traffic,Discount Offer,Linear,43957,1959,68858.85,324,614628,43295,3,35.15,212.53,8.93
2025-04-10,Email,Lead Gen,Linear,24499,1400,79576.0,218,810742,24114,4,56.84,365.03,10.19
2025-05-30,Email,App Install,First Touch,41768,3117,85062.93,455,1459640,31651,5,27.29,186.95,17.16
2025-03-31,Social Media,Retargeting,Linear,12285,866,9240.22,44,132264,12246,5,10.67,210.0,14.31
2025-04-29,Direct Traffic,Lead Gen,Linear,48275,3564,185256.72,555,978465,33942,5,51.98,333.8,5.28
2025-05-19,Meta Ads,Loyalty,Last Touch,10370,494,27743.04,70,235690,7636,3,56.16,396.33,8.5
2025-03-26,Google Ads,Winter Sale,First Touch,32882,1636,87427.84,177,495954,19875,1,53.44,493.94,5.67
2025-02-16,Direct Traffic,New Product Launch,Linear,6945,226,7715.64,32,108672,3939,1,34.14,241.11,14.08
2025-05-28,Meta Ads,Loyalty,Last Touch,40308,999,57092.85,80,99680,20896,5,57.15,713.66,1.75
2025-06-18,Direct Traffic,Loyalty,Linear,15939,1115,34743.4,129,350493,10554,2,31.16,269.33,10.09
2025-05-24,Display Ads,Festive Offer,Linear,18613,619,30355.76,26,101166,14435,5,49.04,1167.53,3.33
2025-05-18,Google Ads,App Install,Linear,5779,382,16341.96,22,87054,4505,1,42.78,742.82,5.33
2025-02-01,Google Ads,Loyalty,First Touch,43305,1073,22457.89,170,291380,40444,4,20.93,132.11,12.97
2025-03-20,Meta Ads,Summer Sale,Last Touch,12947,447,13490.46,51,205326,10823,3,30.18,264.52,15.22
2025-05-17,Google Ads,Lead Gen,Linear,13062,294,7361.76,47,114022,8269,4,25.04,156.63,15.49
2025-02-22,Display Ads,Discount Offer,Last Touch,39795,1980,54865.8,178,534178,22481,2,27.71,308.23,9.74
2025-06-26,Email,Lead Gen,Linear,44294,1951,40502.76,161,719670,42419,1,20.76,251.57,17.77
2025-06-30,Google Ads,Summer Sale,Linear,26086,2048,120381.44,319,944878,14523,3,58.78,377.37,7.85
2025-06-12,Email,App Install,Linear,21142,531,13476.78,46,125948,14493,5,25.38,292.97,9.35
2025-05-05,Social Media,Retargeting,Last Touch,27722,1868,26189.36,162,357696,20298,5,14.02,161.66,13.66
2025-01-11,Direct Traffic,Retargeting,Linear,20727,1000,17450.0,34,62832,19287,5,17.45,513.24,3.6
2025-04-18,Direct Traffic,Festive Offer,Last Touch,5307,215,4508.55,12,18432,4200,3,20.97,375.71,4.09
2025-03-07,Google Ads,Festive Offer,First Touch,7291,536,21665.12,72,181728,6244,2,40.42,300.9,8.39
2025-03-27,Social Media,Winter Sale,Last Touch,22406,505,13842.05,24,47352,22168,5,27.41,576.75,3.42
2025-05-20,Google Ads,Retargeting,Last Touch,19024,389,5998.38,36,105444,11712,5,15.42,166.62,17.58
2025-01-27,Email,Winter Sale,Linear,22733,1072,38056.0,125,453000,16559,2,35.5,304.45,11.9
2025-01-06,Social Media,Festive Offer,Linear,7942,358,10349.78,48,187200,7494,5,28.91,215.62,18.09
2025-06-10,Direct Traffic,Brand Awareness,Linear,16383,497,17842.3,78,289614,15634,3,35.9,228.75,16.23
2025-03-23,Email,Discount Offer,Linear,20540,1435,68707.8,158,483164,12494,4,47.88,434.86,7.03
2025-02-01,Display Ads,Winter Sale,First Touch,6394,374,11253.66,42,146706,3687,1,30.09,267.94,13.04
2025-04-09,Email,Brand Awareness,First Touch,24992,1920,74323.2,276,404616,20806,4,38.71,269.29,5.44
2025-02-22,Social Media,App Install,Last Touch,47722,3094,179482.94,196,422968,30888,4,58.01,915.73,2.36
2025-03-14,Display Ads,App Install,First Touch,21454,550,24920.5,66,247500,12573,3,45.31,377.58,9.93
2025-02-19,Social Media,Festive Offer,First Touch,17208,906,25902.54,74,327450,11337,1,28.59,350.03,12.64
2025-03-09,Google Ads,Retargeting,First Touch,10570,599,27350.34,49,151459,6382,1,45.66,558.17,5.54
2025-03-10,Email,Discount Offer,First Touch,8709,543,18315.39,64,261376,6583,1,33.73,286.18,14.27
2025-05-25,Meta Ads,Retargeting,Last Touch,29329,2342,47987.58,263,396604,15638,5,20.49,182.46,8.26
2025-05-04,Direct Traffic,Loyalty,Last Touch,11474,886,49642.58,45,105030,10193,4,56.03,1103.17,2.12
2025-01-08,Social Media,Lead Gen,Last Touch,14897,963,56922.93,153,543456,10781,2,59.11,372.05,9.55
2025-02-16,Meta Ads,Summer Sale,First Touch,37506,2644,130243.44,152,191064,27437,2,49.26,856.86,1.47
2025-02-14,Display Ads,Discount Offer,First Touch,39968,2786,29754.48,163,451021,37214,4,10.68,182.54,15.16
2025-01-26,Direct Traffic,Festive Offer,First Touch,8293,402,6335.52,36,145584,5537,1,15.76,175.99,22.98
2025-02-08,Google Ads,Brand Awareness,Linear,26969,1800,36540.0,295,854320,25304,2,20.3,123.86,23.38
2025-01-18,Social Media,Summer Sale,First Touch,31821,2466,94546.44,77,239008,23705,5,38.34,1227.88,2.53
2025-03-22,Google Ads,Brand Awareness,First Touch,37435,1295,32815.3,193,241250,19568,4,25.34,170.03,7.35
2025-02-25,Social Media,App Install,First Touch,17419,1134,11113.2,110,204160,10241,1,9.8,101.03,18.37
2025-02-22,Social Media,Festive Offer,Linear,7703,497,16192.26,20,55920,5881,2,32.58,809.61,3.45
2025-02-17,Google Ads,Brand Awareness,Last Touch,25723,1857,83416.44,133,381577,14693,4,44.92,627.19,4.57
2025-01-29,Social Media,Retargeting,Linear,9482,459,3823.47,31,68293,8075,1,8.33,123.34,17.86
2025-02-07,Meta Ads,Winter Sale,Last Touch,13634,422,6541.0,53,66939,7997,3,15.5,123.42,10.23
2025-02-16,Meta Ads,Loyalty,Last Touch,10392,296,13642.64,50,209550,5335,5,46.09,272.85,15.36
2025-03-11,Email,App Install,Last Touch,16815,715,6563.7,93,271839,14192,3,9.18,70.58,41.42
2025-01-25,Meta Ads,Retargeting,Last Touch,31802,786,25317.06,120,497880,25030,1,32.21,210.98,19.67
2025-06-23,Meta Ads,Winter Sale,Last Touch,28533,1571,41223.04,137,238106,15998,1,26.24,300.9,5.78
2025-05-28,Direct Traffic,Discount Offer,Last Touch,40194,2206,114182.56,122,361120,37807,4,51.76,935.92,3.16
2025-06-29,Email,Loyalty,Linear,32107,1133,41819.03,168,555072,27103,4,36.91,248.92,13.27
2025-02-02,Meta Ads,App Install,Last Touch,8852,659,22412.59,46,141128,6546,1,34.01,487.23,6.3
2025-05-11,Direct Traffic,New Product Launch,Last Touch,48080,2569,32395.09,294,1041348,25105,4,12.61,110.19,32.15
2025-03-16,Social Media,Loyalty,First Touch,10619,490,5032.3,44,185592,9643,2,10.27,114.37,36.88
2025-04-11,Social Media,Retargeting,First Touch,26367,2077,46711.73,146,436540,17613,4,22.49,319.94,9.35
2025-01-11,Social Media,Retargeting,First Touch,19680,1071,37956.24,83,246344,12911,2,35.44,457.3,6.49
2025-01-03,Meta Ads,Discount Offer,First Touch,18061,1166,39142.62,199,359593,9268,3,33.57,196.7,9.19
2025-03-26,Google Ads,New Product Launch,First Touch,5129,121,1082.95,13,28834,3758,4,8.95,83.3,26.63
2025-04-27,Meta Ads,Loyalty,First Touch,45120,915,31878.6,105,460635,41176,1,34.84,303.61,14.45
2025-02-01,Email,Discount Offer,Last Touch,5173,110,6342.6,17,47158,4911,2,57.66,373.09,7.44
2025-03-02,Meta Ads,App Install,First Touch,34933,2254,86238.04,247,1078649,32533,5,38.26,349.14,12.51
2025-01-12,Display Ads,Brand Awareness,Linear,27075,1029,61153.47,177,609411,20504,4,59.43,345.5,9.97
2025-03-08,Display Ads,New Product Launch,First Touch,8320,177,6908.31,27,97578,6431,2,39.03,255.86,14.12
2025-03-05,Display Ads,Discount Offer,First Touch,21011,1621,19922.09,72,111456,15720,1,12.29,276.7,5.59
2025-06-19,Social Media,Lead Gen,Linear,29207,1800,45270.0,92,326416,27789,3,25.15,492.07,7.21
2025-02-08,Google Ads,New Product Launch,Linear,22024,1504,64025.28,60,121980,16319,2,42.57,1067.09,1.91
2025-03-13,Display Ads,Festive Offer,First Touch,34260,1346,76802.76,162,360450,26415,5,57.06,474.09,4.69
2025-06-30,Email,Festive Offer,Last Touch,33941,980,10574.2,38,67070,25718,1,10.79,278.27,6.34
2025-02-05,Direct Traffic,Lead Gen,First Touch,38226,1113,16873.08,70,212030,28582,1,15.16,241.04,12.57
2025-02-08,Display Ads,Retargeting,First Touch,39791,1623,87869.22,169,679549,30536,2,54.14,519.94,7.73
2025-04-30,Meta Ads,Summer Sale,Linear,17625,787,12835.97,133,347130,16257,1,16.31,96.51,27.04
2025-01-03,Email,Discount Offer,First Touch,45616,1171,56348.52,202,698718,33687,1,48.12,278.95,12.4
2025-05-21,Google Ads,Festive Offer,First Touch,46179,1413,57706.92,111,389832,23675,3,40.84,519.88,6.76
2025-06-20,Display Ads,Discount Offer,First Touch,8986,430,7305.7,16,47136,7838,1,16.99,456.61,6.45
2025-01-14,Google Ads,Retargeting,Linear,20879,1071,34089.93,36,149868,13318,2,31.83,946.94,4.4
2025-02-02,Social Media,Festive Offer,First Touch,27993,710,6766.3,117,395460,25715,3,9.53,57.83,58.45
2025-01-03,Display Ads,Festive Offer,Last Touch,26305,880,44325.6,144,617472,17388,3,50.37,307.82,13.93
2025-04-08,Direct Traffic,Brand Awareness,Last Touch,47932,1469,22769.5,140,293440,44741,3,15.5,162.64,12.89
2025-04-09,Google Ads,Discount Offer,Linear,10774,430,3594.8,45,191025,10514,2,8.36,79.88,53.14
2025-03-21,Display Ads,Retargeting,Last Touch,20392,835,48413.3,35,100730,18957,2,57.98,1383.24,2.08
2025-02-11,Email,Discount Offer,Linear,49524,1365,43488.9,236,664104,39607,1,31.86,184.28,15.27
2025-05-11,Display Ads,Festive Offer,Linear,30390,2312,130535.52,340,620500,29218,2,56.46,383.93,4.75
2025-03-12,Google Ads,Loyalty,Last Touch,31789,2261,70045.78,358,824832,28839,5,30.98,195.66,11.78
2025-03-17,Display Ads,App Install,First Touch,48410,1431,15912.72,87,109707,25401,4,11.12,182.9,6.89
2025-01-28,Social Media,Winter Sale,Linear,42068,2061,48783.87,106,229278,31297,3,23.67,460.23,4.7
2025-02-23,Email,Brand Awareness,Last Touch,32477,2361,111439.2,264,436128,18708,1,47.2,422.12,3.91
2025-03-28,Direct Traffic,Festive Offer,Last Touch,44623,2869,76114.57,239,849406,27949,1,26.53,318.47,11.16
2025-04-13,Direct Traffic,Winter Sale,Last Touch,47127,3256,155799.6,147,604023,43632,4,47.85,1059.86,3.88
2025-02-20,Social Media,Lead Gen,First Touch,39812,1146,24008.7,181,535217,27557,3,20.95,132.64,22.29
2025-02-27,Email,Loyalty,Last Touch,37797,2738,93475.32,155,227075,36207,5,34.14,603.07,2.43
2025-03-12,Social Media,Festive Offer,Linear,6520,518,15058.26,82,104468,4682,1,29.07,183.64,6.94
2025-01-26,Google Ads,Retargeting,First Touch,15551,1071,29238.3,63,269010,10060,1,27.3,464.1,9.2
2025-02-17,Meta Ads,Brand Awareness,First Touch,31309,721,28688.59,124,364064,15722,2,39.79,231.36,12.69
2025-05-08,Meta Ads,Discount Offer,Linear,47064,3404,95380.08,606,1229574,28878,1,28.02,157.39,12.89
2025-06-28,Meta Ads,Discount Offer,Linear,34276,1818,70538.4,219,307038,19765,1,38.8,322.09,4.35
2025-03-12,Google Ads,Brand Awareness,First Touch,24517,1842,60214.98,87,142506,23560,4,32.69,692.13,2.37
2025-01-26,Social Media,App Install,Linear,41357,1856,90201.6,84,317604,33390,2,48.6,1073.83,3.52
2025-04-01,Direct Traffic,Loyalty,First Touch,38248,1357,51918.82,98,372890,34415,5,38.26,529.78,7.18
2025-03-26,Email,Brand Awareness,Linear,12895,317,18332.11,25,64575,10789,2,57.83,733.28,3.52
2025-06-30,Google Ads,Brand Awareness,Last Touch,15909,850,36677.5,132,440880,14054,1,43.15,277.86,12.02
2025-05-01,Meta Ads,App Install,Linear,8685,546,17652.18,93,151869,7837,1,32.33,189.81,8.6
2025-05-22,Direct Traffic,Lead Gen,First Touch,45341,2185,112330.85,108,219240,44848,5,51.41,1040.1,1.95
2025-05-31,Direct Traffic,Festive Offer,Last Touch,36530,1805,25757.35,107,276809,25693,1,14.27,240.72,10.75
2025-04-25,Display Ads,Lead Gen,First Touch,5457,168,3848.88,5,20800,4976,3,22.91,769.78,5.4
2025-04-01,Display Ads,Lead Gen,First Touch,5965,180,3844.8,28,55860,3534,2,21.36,137.31,14.53
2025-04-12,Meta Ads,Retargeting,First Touch,30605,1686,82698.3,147,579033,27809,4,49.05,562.57,7.0
2025-05-22,Email,App Install,Last Touch,31110,1866,16868.64,280,1118320,26739,3,9.04,60.25,66.3
2025-01-17,Display Ads,Loyalty,Linear,12759,443,23115.74,74,199282,12088,2,52.18,312.37,8.62
2025-01-23,Email,Brand Awareness,Linear,12565,883,48141.16,135,376650,6877,1,54.52,356.6,7.82
2025-05-03,Google Ads,New Product Launch,First Touch,28853,657,37403.01,99,330660,26989,3,56.93,377.81,8.84
2025-02-10,Email,New Product Launch,Linear,12373,707,37485.14,82,195242,10624,3,53.02,457.14,5.21
2025-05-09,Google Ads,New Product Launch,First Touch,5669,215,2917.55,20,30100,2897,3,13.57,145.88,10.32
2025-02-28,Google Ads,Retargeting,First Touch,29136,2176,60079.36,300,1298100,27798,5,27.61,200.26,21.61
2025-04-10,Direct Traffic,Winter Sale,Last Touch,21060,713,37874.56,87,221937,14342,3,53.12,435.34,5.86
2025-05-21,Google Ads,Discount Offer,First Touch,26355,554,7844.64,79,256118,20068,3,14.16,99.3,32.65
2025-02-09,Display Ads,Lead Gen,Linear,32819,2341,33616.76,236,816560,27450,3,14.36,142.44,24.29
2025-01-29,Meta Ads,Lead Gen,First Touch,34428,2563,64408.19,114,246126,29407,5,25.13,564.98,3.82
2025-05-08,Social Media,Discount Offer,Last Touch,28742,1022,28176.54,174,241164,26862,5,27.57,161.93,8.56
2025-04-29,Meta Ads,New Product Launch,Linear,30123,636,14863.32,47,202382,27154,3,23.37,316.24,13.62
2025-03-13,Display Ads,App Install,Last Touch,14263,316,3589.76,14,43204,8798,1,11.36,256.41,12.04
2025-05-09,Display Ads,Discount Offer,Last Touch,30183,2062,97408.88,210,803460,27422,2,47.24,463.85,8.25
2025-05-04,Direct Traffic,Brand Awareness,First Touch,11403,561,13441.56,36,45540,7222,4,23.96,373.38,3.39
2025-03-17,Google Ads,Winter Sale,Linear,26254,1636,70233.48,143,266409,22345,2,42.93,491.14,3.79
2025-03-27,Email,Festive Offer,Linear,39608,1749,27406.83,170,590410,36718,3,15.67,161.22,21.54
2025-01-12,Display Ads,Festive Offer,Last Touch,21428,603,18789.48,98,391804,14103,2,31.16,191.73,20.85
2025-05-03,Google Ads,New Product Launch,Last Touch,18647,1185,69061.8,106,308460,11589,3,58.28,651.53,4.47
2025-06-04,Meta Ads,New Product Launch,Linear,33261,2106,108395.82,255,730320,17619,3,51.47,425.08,6.74
2025-05-13,Social Media,Festive Offer,Linear,49526,1685,18518.15,135,366795,32473,3,10.99,137.17,19.81
2025-01-02,Email,Brand Awareness,Linear,39395,3018,118939.38,156,314964,38627,4,39.41,762.43,2.65
2025-01-22,Email,Loyalty,Last Touch,33119,2553,123514.14,196,782432,27099,4,48.38,630.17,6.33
2025-04-26,Google Ads,App Install,Linear,44018,3209,109073.91,259,580937,27212,4,33.99,421.13,5.33
2025-01-20,Social Media,Brand Awareness,First Touch,39535,1406,73027.64,142,404416,24034,4,51.94,514.28,5.54
2025-02-22,Meta Ads,Brand Awareness,Linear,16538,504,20895.84,51,83385,9497,4,41.46,409.72,3.99
2025-04-05,Direct Traffic,App Install,Last Touch,44763,1219,40921.83,113,162042,32032,2,33.57,362.14,3.96
2025-06-07,Social Media,Summer Sale,First Touch,23936,863,31697.99,100,215300,12498,3,36.73,316.98,6.79
2025-02-14,Google Ads,Festive Offer,Linear,5515,178,9352.12,10,13210,3495,4,52.54,935.21,1.41
2025-05-26,Social Media,Brand Awareness,First Touch,22441,697,19982.99,72,109224,12212,4,28.67,277.54,5.47
2025-05-20,Google Ads,Discount Offer,Last Touch,35444,2587,122856.63,435,665115,30831,2,47.49,282.43,5.41
2025-04-25,Google Ads,Summer Sale,Linear,5706,436,10089.04,26,50856,4545,4,23.14,388.04,5.04
2025-02-16,Email,Winter Sale,Last Touch,42851,1432,19876.16,216,400464,39879,3,13.88,92.02,20.15
2025-04-24,Display Ads,New Product Launch,Linear,5349,280,16186.8,9,25452,4005,3,57.81,1798.53,1.57
2025-01-16,Meta Ads,Summer Sale,Linear,45157,3118,114118.8,144,528768,29753,5,36.6,792.49,4.63
2025-02-27,Meta Ads,App Install,Linear,15354,1220,41053.0,135,210060,8988,5,33.65,304.1,5.12
2025-01-31,Display Ads,New Product Launch,Last Touch,47743,1091,64041.7,124,366792,25820,2,58.7,516.47,5.73
2025-04-21,Direct Traffic,Festive Offer,Last Touch,30895,1815,92292.75,177,332760,24506,3,50.85,521.43,3.61
2025-04-02,Meta Ads,Loyalty,Last Touch,22352,1283,52064.14,110,335940,11185,5,40.58,473.31,6.45
2025-05-20,Display Ads,Winter Sale,First Touch,32439,2104,125545.68,300,386400,18998,1,59.67,418.49,3.08
2025-05-20,Google Ads,Discount Offer,Linear,16256,905,15050.15,131,356451,14490,3,16.63,114.89,23.68
2025-03-02,Social Media,Brand Awareness,Last Touch,21976,1154,64070.08,135,257850,13558,3,55.52,474.59,4.02
2025-02-19,Meta Ads,New Product Launch,First Touch,5429,420,8702.4,16,29280,4246,3,20.72,543.9,3.36
2025-03-30,Google Ads,Discount Offer,Linear,19827,1573,35785.75,235,939295,10460,2,22.75,152.28,26.25
2025-04-14,Social Media,Lead Gen,Linear,41717,1547,75400.78,191,819772,28905,2,48.74,394.77,10.87
2025-02-11,Email,New Product Launch,Last Touch,15696,871,12960.48,132,172788,10689,5,14.88,98.19,13.33
2025-05-18,Direct Traffic,New Product Launch,First Touch,13278,928,45481.28,132,207240,7963,5,49.01,344.56,4.56
2025-01-15,Display Ads,Summer Sale,Linear,30743,1192,63748.16,143,249964,16295,1,53.48,445.79,3.92
2025-02-06,Meta Ads,App Install,Last Touch,17981,440,14040.4,52,121576,11612,1,31.91,270.01,8.66
2025-01-04,Display Ads,Retargeting,Linear,22576,1319,49396.55,217,564200,21481,1,37.45,227.63,11.42
2025-05-31,Meta Ads,Retargeting,Last Touch,34251,841,16744.31,85,182750,30257,2,19.91,196.99,10.91
2025-04-19,Email,App Install,Last Touch,14905,895,30832.75,150,334650,10590,1,34.45,205.55,10.85
2025-02-06,Direct Traffic,Brand Awareness,Linear,32900,895,44794.75,57,69426,21638,5,50.05,785.87,1.55
2025-03-10,Email,Retargeting,Last Touch,9003,283,12641.61,11,44330,6387,3,44.67,1149.24,3.51
2025-04-01,Google Ads,Summer Sale,First Touch,22754,741,35671.74,33,126060,13098,3,48.14,1080.96,3.53
2025-03-02,Direct Traffic,Brand Awareness,Linear,33941,1666,64557.5,209,474012,32244,5,38.75,308.89,7.34
2025-02-02,Email,Winter Sale,First Touch,15048,1177,40123.93,77,172557,12670,3,34.09,521.09,4.3
2025-06-29,Social Media,Discount Offer,Linear,16818,1078,62944.42,81,277263,16324,4,58.39,777.09,4.4
2025-01-11,Display Ads,App Install,Linear,30048,2096,38377.76,128,276480,27435,2,18.31,299.83,7.2
2025-05-31,Social Media,Lead Gen,Last Touch,28218,725,38700.5,124,232996,19684,4,53.38,312.1,6.02
2025-05-19,Direct Traffic,Winter Sale,Last Touch,23018,539,18881.17,67,295939,17395,5,35.03,281.81,15.67
2025-05-16,Meta Ads,Lead Gen,First Touch,26013,1611,72414.45,163,465528,25925,2,44.95,444.26,6.43
2025-01-05,Direct Traffic,Lead Gen,Last Touch,31076,1520,64204.8,223,598532,20537,2,42.24,287.91,9.32
2025-06-13,Email,Summer Sale,First Touch,43378,1887,69592.56,105,276675,21971,1,36.88,662.79,3.98
2025-05-17,Meta Ads,Summer Sale,Linear,48495,3687,107291.7,529,1284412,38901,2,29.1,202.82,11.97
2025-05-22,Display Ads,New Product Launch,Linear,21511,1567,65187.2,68,128792,13417,2,41.6,958.64,1.98
2025-03-12,Google Ads,Winter Sale,Linear,42578,1298,11162.8,41,167116,34969,4,8.6,272.26,14.97
2025-02-13,Direct Traffic,App Install,First Touch,13806,615,4926.15,103,268109,13686,1,8.01,47.83,54.43
2025-05-29,Email,Festive Offer,First Touch,17131,411,21154.17,52,66352,12359,5,51.47,406.81,3.14
2025-01-20,Google Ads,Discount Offer,Linear,19392,673,32088.64,74,142598,11899,2,47.68,433.63,4.44
2025-03-18,Display Ads,Discount Offer,First Touch,43789,1459,76320.29,195,569205,22590,5,52.31,391.39,7.46
2025-02-06,Display Ads,App Install,Linear,7442,291,6579.51,13,52078,6786,4,22.61,506.12,7.92
2025-01-15,Display Ads,Festive Offer,First Touch,30619,1129,50635.65,154,407946,15478,1,44.85,328.8,8.06
2025-05-27,Email,New Product Launch,Last Touch,16368,523,15705.69,50,147150,13582,2,30.03,314.11,9.37
2025-02-27,Direct Traffic,Discount Offer,First Touch,17991,1208,16863.68,152,675792,13238,3,13.96,110.95,40.07
2025-01-24,Display Ads,Winter Sale,First Touch,18110,1139,32153.97,81,192618,10960,2,28.23,396.96,5.99
2025-04-28,Meta Ads,App Install,Last Touch,48154,3548,124925.08,360,1051560,25113,4,35.21,347.01,8.42
2025-06-27,Meta Ads,Winter Sale,Linear,24157,744,43657.92,113,333915,13216,4,58.68,386.35,7.65
2025-03-25,Email,Discount Offer,Linear,41076,1909,114349.1,296,954600,40845,5,59.9,386.31,8.35
2025-05-25,Meta Ads,Retargeting,Last Touch,16976,381,6389.37,43,129989,13528,3,16.77,148.59,20.34
2025-03-10,Google Ads,App Install,First Touch,19353,699,21165.72,56,112224,17884,4,30.28,377.96,5.3
2025-05-27,Email,App Install,Linear,5706,170,9088.2,24,65136,3776,4,53.46,378.68,7.17
2025-02-05,Display Ads,Lead Gen,Linear,7717,284,9178.88,16,47632,6864,3,32.32,573.68,5.19
2025-01-17,Direct Traffic,Brand Awareness,First Touch,44034,1776,60455.04,143,354783,37801,3,34.04,422.76,5.87
2025-02-14,Google Ads,Festive Offer,Linear,23253,792,38467.44,95,424460,12158,5,48.57,404.92,11.03
2025-02-26,Display Ads,Lead Gen,First Touch,22160,1336,14161.6,138,531576,21485,4,10.6,102.62,37.54
2025-01-25,Email,New Product Launch,Last Touch,38108,2948,103681.16,210,645120,20732,4,35.17,493.72,6.22
2025-04-07,Google Ads,Lead Gen,Last Touch,47718,3711,97487.97,342,990432,39173,2,26.27,285.05,10.16
2025-06-23,Display Ads,New Product Launch,Last Touch,41271,3115,170920.05,458,1239348,30364,1,54.87,373.19,7.25
2025-05-13,Email,Lead Gen,Linear,44906,2437,138421.6,127,399669,27923,5,56.8,1089.93,2.89
2025-01-29,Google Ads,Lead Gen,Last Touch,26923,604,19104.52,94,329188,19769,1,31.63,203.24,17.23
2025-03-16,Meta Ads,Summer Sale,Last Touch,33075,727,39817.79,46,101890,31092,3,54.77,865.6,2.56
2025-04-19,Social Media,Lead Gen,First Touch,18846,407,13479.84,39,80496,9787,4,33.12,345.64,5.97
2025-05-01,Direct Traffic,Discount Offer,Linear,13889,430,7542.2,39,122733,11651,3,17.54,193.39,16.27
2025-01-21,Social Media,Brand Awareness,Linear,34630,1748,60078.76,138,449466,28111,5,34.37,435.35,7.48
2025-01-12,Display Ads,App Install,First Touch,42528,1908,45486.72,289,1171028,38140,5,23.84,157.39,25.74
2025-05-09,Display Ads,Festive Offer,First Touch,25638,1741,71659.56,273,1077531,23252,3,41.16,262.49,15.04
2025-05-27,Meta Ads,Retargeting,First Touch,34845,819,34144.11,93,402969,19969,5,41.69,367.14,11.8
2025-04-13,Direct Traffic,App Install,First Touch,31681,1376,24368.96,53,78705,22429,2,17.71,459.79,3.23
2025-05-28,Direct Traffic,Brand Awareness,Last Touch,17560,1345,51338.65,76,249584,10092,5,38.17,675.51,4.86
2025-05-18,Meta Ads,App Install,First Touch,41821,1222,54415.66,213,926763,27597,2,44.53,255.47,17.03
2025-04-29,Google Ads,App Install,Linear,5398,280,14212.8,21,47754,3401,4,50.76,676.8,3.36
2025-05-31,Email,Retargeting,First Touch,18516,1167,45221.25,155,608065,13098,1,38.75,291.75,13.45
2025-06-22,Meta Ads,Summer Sale,Last Touch,46925,2632,23688.0,190,831060,41994,5,9.0,124.67,35.08
2025-04-18,Display Ads,Brand Awareness,Last Touch,44243,1361,54548.88,208,623584,28342,1,40.08,262.25,11.43
2025-04-05,Email,Loyalty,Linear,15643,1212,26809.44,138,455262,13903,3,22.12,194.27,16.98
2025-06-18,Meta Ads,Brand Awareness,Linear,14614,978,43100.46,149,224692,11123,5,44.07,289.26,5.21
2025-01-29,Display Ads,App Install,Linear,5365,231,6375.6,29,113564,3590,1,27.6,219.85,17.81
2025-03-29,Direct Traffic,Lead Gen,Linear,8395,219,9160.77,14,61082,5359,5,41.83,654.34,6.67
2025-01-24,Email,Brand Awareness,First Touch,34410,2287,31903.65,87,317811,22319,4,13.95,366.71,9.96
2025-06-11,Email,Brand Awareness,Last Touch,8140,262,9088.78,29,96280,6693,1,34.69,313.41,10.59
2025-04-27,Meta Ads,Festive Offer,First Touch,39648,1186,67827.34,133,514311,29522,3,57.19,509.98,7.58
2025-05-15,Email,Brand Awareness,Linear,6260,297,10350.45,38,98344,5444,2,34.85,272.38,9.5
2025-06-14,Direct Traffic,App Install,Linear,23062,584,17397.36,17,61642,22760,1,29.79,1023.37,3.54
2025-06-03,Display Ads,Discount Offer,First Touch,35949,1595,23749.55,181,610332,22347,1,14.89,131.21,25.7
2025-03-03,Social Media,Discount Offer,Last Touch,8723,507,25263.81,90,263250,5955,3,49.83,280.71,10.42
2025-03-13,Email,New Product Launch,Last Touch,43984,1886,78929.1,238,611184,39094,4,41.85,331.63,7.74
2025-01-02,Google Ads,Retargeting,First Touch,24348,1671,94210.98,85,158440,22948,3,56.38,1108.36,1.68
2025-02-25,Display Ads,Loyalty,First Touch,43375,1101,61821.15,191,587898,33622,2,56.15,323.67,9.51
2025-01-03,Meta Ads,Lead Gen,Last Touch,42347,1993,101224.47,336,483840,29362,5,50.79,301.26,4.78
2025-04-07,Direct Traffic,App Install,First Touch,13641,1024,23828.48,88,153472,13085,3,23.27,270.78,6.44
2025-01-11,Email,Summer Sale,First Touch,32847,1161,54799.2,156,468000,28455,3,47.2,351.28,8.54
2025-06-23,Google Ads,New Product Launch,Last Touch,22824,1607,87967.18,180,303480,17183,5,54.74,488.71,3.45
2025-04-26,Display Ads,New Product Launch,Linear,29211,1068,48102.72,97,194873,16688,2,45.04,495.9,4.05
2025-04-20,Google Ads,Festive Offer,Last Touch,35382,1990,80595.0,217,512554,20105,2,40.5,371.41,6.36
2025-04-06,Social Media,Winter Sale,Linear,36758,2869,150565.12,372,711636,22799,1,52.48,404.74,4.73
2025-03-07,Meta Ads,Loyalty,Linear,30359,943,54675.14,108,186516,15360,4,57.98,506.25,3.41
2025-04-17,Display Ads,Discount Offer,Last Touch,42302,2326,40007.2,381,1045464,41148,5,17.2,105.01,26.13
2025-06-03,Direct Traffic,Retargeting,Linear,44531,3004,138694.68,201,505113,40380,4,46.17,690.02,3.64
2025-04-13,Social Media,Lead Gen,Last Touch,37468,1763,31275.62,295,877920,19138,3,17.74,106.02,28.07
2025-02-01,Meta Ads,Winter Sale,Linear,16315,374,21418.98,56,206640,14817,2,57.27,382.48,9.65
2025-01-25,Email,New Product Launch,Linear,39595,2564,150635.0,307,562731,23927,4,58.75,490.67,3.74
2025-01-03,Google Ads,Brand Awareness,First Touch,23978,907,38021.44,116,360760,18524,2,41.92,327.77,9.49
2025-06-07,Direct Traffic,Discount Offer,Last Touch,47733,2848,149092.8,457,1916658,42347,1,52.35,326.24,12.86
2025-02-25,Email,Discount Offer,First Touch,18377,937,35512.3,73,277619,18093,4,37.9,486.47,7.82
2025-02-03,Google Ads,Loyalty,Linear,40399,1861,46562.22,243,587331,25434,2,25.02,191.61,12.61
2025-03-17,Google Ads,Summer Sale,Linear,47530,1382,48328.54,89,191350,24780,5,34.97,543.02,3.96
2025-05-05,Display Ads,Festive Offer,Linear,11704,671,14473.47,111,315351,6876,5,21.57,130.39,21.79
2025-05-20,Google Ads,Summer Sale,Last Touch,39992,1115,9165.3,112,301504,28057,1,8.22,81.83,32.9
2025-04-25,Social Media,Festive Offer,Last Touch,11586,882,26803.98,70,221690,7045,3,30.39,382.91,8.27
2025-01-02,Email,New Product Launch,Last Touch,37161,1317,59212.32,102,152694,24942,4,44.96,580.51,2.58
2025-06-19,Social Media,Summer Sale,Last Touch,11352,235,7943.0,24,91944,7065,1,33.8,330.96,11.58
2025-05-08,Email,Brand Awareness,First Touch,32462,817,30988.81,105,145320,18633,3,37.93,295.13,4.69
2025-06-09,Direct Traffic,Loyalty,Linear,9651,535,18623.35,31,95542,5155,2,34.81,600.75,5.13
2025-03-18,Direct Traffic,Retargeting,Last Touch,25349,925,28971.0,104,124800,17112,4,31.32,278.57,4.31
2025-04-21,Google Ads,App Install,Linear,40031,1799,26427.31,114,167466,20183,4,14.69,231.82,6.34
2025-04-16,Email,Discount Offer,Linear,9672,649,26446.75,114,458052,9401,3,40.75,231.99,17.32
2025-01-23,Display Ads,New Product Launch,Linear,15909,1142,44355.28,47,124080,11095,2,38.84,943.73,2.8
2025-03-07,Google Ads,Loyalty,First Touch,41591,2815,97004.9,229,785470,23385,1,34.46,423.6,8.1
2025-03-24,Display Ads,Winter Sale,Last Touch,45576,1984,53607.68,238,399602,35841,1,27.02,225.24,7.45
2025-06-15,Display Ads,App Install,First Touch,8314,308,11879.56,50,224050,4260,3,38.57,237.59,18.86
2025-03-23,Email,Discount Offer,Linear,23107,1827,109090.17,122,540338,20497,2,59.71,894.18,4.95
2025-02-15,Google Ads,Lead Gen,First Touch,49628,1614,45030.6,234,1016028,49010,1,27.9,192.44,22.56
2025-03-03,Social Media,Summer Sale,Linear,41351,1817,104150.44,225,909000,21364,4,57.32,462.89,8.73
2025-05-17,Social Media,Brand Awareness,First Touch,30673,1205,47742.1,97,268205,19964,4,39.62,492.19,5.62
2025-06-03,Meta Ads,New Product Launch,Linear,20514,831,24689.01,49,96873,20167,4,29.71,503.86,3.92
2025-03-18,Email,Brand Awareness,Linear,38241,2829,134745.27,441,1409436,20514,5,47.63,305.54,10.46
2025-06-04,Social Media,App Install,First Touch,44097,1326,78114.66,182,665210,42204,1,58.91,429.2,8.52
2025-05-19,Direct Traffic,Winter Sale,First Touch,10168,259,11240.6,43,120228,8185,1,43.4,261.41,10.7
2025-01-25,Email,Lead Gen,Last Touch,41277,1663,17378.35,90,255150,28534,2,10.45,193.09,14.68
2025-06-18,Google Ads,Discount Offer,Linear,48004,2121,49525.35,208,832000,46029,2,23.35,238.1,16.8
2025-02-07,Google Ads,Summer Sale,First Touch,44362,3296,142584.96,334,773544,34087,3,43.26,426.9,5.43
2025-03-17,Display Ads,Brand Awareness,Linear,49492,3637,175194.29,610,1223050,27365,4,48.17,287.2,6.98
2025-01-17,Email,Festive Offer,Linear,9812,680,25676.8,94,334734,7136,4,37.76,273.16,13.04
2025-05-05,Display Ads,Festive Offer,First Touch,31702,976,24390.24,140,383460,30970,1,24.99,174.22,15.72
2025-04-04,Meta Ads,Brand Awareness,First Touch,30189,737,26384.6,23,62813,23059,5,35.8,1147.16,2.38
2025-04-25,Google Ads,New Product Launch,Last Touch,38877,1713,43150.47,260,730860,27187,1,25.19,165.96,16.94
2025-04-12,Display Ads,New Product Launch,Last Touch,5548,234,3444.48,25,95625,3133,4,14.72,137.78,27.76
2025-03-10,Google Ads,Loyalty,Linear,43519,1185,62449.5,139,504014,25634,2,52.7,449.28,8.07
2025-01-16,Direct Traffic,New Product Launch,Linear,6888,196,2945.88,23,59524,4091,2,15.03,128.08,20.21
2025-04-28,Email,Loyalty,Last Touch,44154,1854,97501.86,215,422260,34935,1,52.59,453.5,4.33
2025-01-13,Social Media,Lead Gen,Last Touch,7817,218,12705.04,17,54723,7735,3,58.28,747.36,4.31
2025-06-19,Email,Winter Sale,Last Touch,46298,2566,38823.58,199,847740,41395,5,15.13,195.09,21.84
2025-03-14,Direct Traffic,Winter Sale,Last Touch,19754,1004,14527.88,32,111936,11855,5,14.47,454.0,7.7
2025-06-02,Display Ads,Summer Sale,Linear,27963,1447,32904.78,225,530775,26467,3,22.74,146.24,16.13
2025-04-12,Display Ads,Retargeting,First Touch,44132,2985,81460.65,144,536400,38287,1,27.29,565.7,6.58
2025-03-22,Direct Traffic,Festive Offer,Last Touch,5791,197,9889.4,8,23360,3466,3,50.2,1236.17,2.36
2025-05-19,Display Ads,Brand Awareness,Last Touch,5687,214,11322.74,11,32186,4506,1,52.91,1029.34,2.84
2025-02-03,Meta Ads,Summer Sale,First Touch,28984,1456,13700.96,125,251875,25647,1,9.41,109.61,18.38
2025-01-18,Display Ads,New Product Launch,Linear,46602,3591,107730.0,543,1354242,37169,1,30.0,198.4,12.57
2025-03-30,Social Media,App Install,Linear,9052,383,6633.56,28,57568,6535,5,17.32,236.91,8.68
2025-03-25,Email,App Install,Linear,22389,523,14392.96,36,153072,17180,2,27.52,399.8,10.64
2025-01-25,Direct Traffic,Summer Sale,Linear,35640,1960,48216.0,194,687730,20439,5,24.6,248.54,14.26
2025-06-13,Social Media,Lead Gen,Last Touch,33490,2607,147842.97,409,1168513,23783,4,56.71,361.47,7.9
2025-03-26,Display Ads,Discount Offer,Linear,20404,646,15994.96,78,177840,19369,4,24.76,205.06,11.12
2025-04-12,Social Media,Brand Awareness,Last Touch,35717,819,14463.54,54,229770,33529,4,17.66,267.84,15.89
2025-01-23,Social Media,Winter Sale,First Touch,5391,368,4861.28,21,27384,5166,3,13.21,231.49,5.63
2025-04-21,Display Ads,New Product Launch,First Touch,17429,1237,19136.39,168,682248,16562,2,15.47,113.91,35.65
2025-06-24,Meta Ads,New Product Launch,Linear,31533,1177,11864.16,188,328248,21044,2,10.08,63.11,27.67
2025-02-11,Display Ads,App Install,Last Touch,45456,3253,136430.82,223,668777,38240,2,41.94,611.8,4.9
2025-06-09,Direct Traffic,Retargeting,First Touch,40056,2885,120852.65,106,230656,26003,1,41.89,1140.12,1.91
2025-05-28,Google Ads,Winter Sale,Linear,5008,119,4769.52,7,31290,3221,5,40.08,681.36,6.56
2025-03-13,Email,Retargeting,First Touch,24459,1215,14179.05,144,260784,22192,1,11.67,98.47,18.39
2025-06-22,Display Ads,Summer Sale,Last Touch,10511,417,9161.49,33,92169,5726,4,21.97,277.62,10.06
2025-03-24,Display Ads,Loyalty,Linear,44934,2576,47630.24,447,763923,23432,1,18.49,106.56,16.04
2025-04-11,Email,New Product Launch,First Touch,49134,1438,69340.36,136,511496,48314,2,48.22,509.86,7.38
2025-02-02,Display Ads,App Install,Last Touch,35596,1178,66957.52,108,450684,34386,1,56.84,619.98,6.73
2025-04-12,Display Ads,Winter Sale,Linear,36335,788,39195.12,24,83688,30012,1,49.74,1633.13,2.14
2025-03-02,Display Ads,Brand Awareness,Last Touch,45262,1755,70972.2,262,459548,43280,3,40.44,270.89,6.48
2025-01-22,Direct Traffic,Brand Awareness,Linear,35993,2428,56985.16,92,297252,26851,1,23.47,619.4,5.22
2025-06-22,Direct Traffic,Festive Offer,Last Touch,29040,1463,44270.38,136,369920,23845,1,30.26,325.52,8.36
2025-04-21,Meta Ads,Brand Awareness,First Touch,21063,1314,23560.02,139,369879,20923,4,17.93,169.5,15.7
2025-03-09,Display Ads,Discount Offer,Last Touch,42596,1996,48662.48,205,738205,28142,1,24.38,237.38,15.17
2025-05-14,Meta Ads,Loyalty,Linear,42403,2576,120891.68,401,1644100,30303,5,46.93,301.48,13.6
2025-01-20,Email,Loyalty,Linear,38166,1741,67272.24,214,532860,29358,1,38.64,314.36,7.92
2025-03-14,Social Media,New Product Launch,First Touch,32324,2149,65974.3,134,233026,28373,2,30.7,492.35,3.53
2025-06-01,Email,Festive Offer,First Touch,13569,353,16015.61,41,138785,13383,1,45.37,390.62,8.67
2025-06-19,Google Ads,Summer Sale,Linear,23895,1284,32934.6,86,104576,23412,1,25.65,382.96,3.18
2025-02-16,Direct Traffic,App Install,Last Touch,15705,443,7991.72,52,175500,13612,3,18.04,153.69,21.96
2025-05-08,Email,Retargeting,Linear,15591,630,28469.7,89,360539,11822,1,45.19,319.88,12.66
2025-05-12,Social Media,Lead Gen,First Touch,13438,434,15337.56,48,152544,7192,3,35.34,319.53,9.95
2025-06-18,Social Media,Winter Sale,First Touch,30423,1561,43692.39,64,268480,18486,3,27.99,682.69,6.14
2025-05-28,Direct Traffic,Summer Sale,Last Touch,25050,1203,70904.82,144,332640,18937,1,58.94,492.39,4.69
2025-06-23,Email,Lead Gen,Last Touch,34086,1956,73350.0,292,580788,24954,1,37.5,251.2,7.92
2025-06-08,Display Ads,Retargeting,First Touch,30884,2107,22418.48,234,830700,29860,2,10.64,95.81,37.05
2025-04-17,Google Ads,Festive Offer,Last Touch,13677,279,8305.83,23,57615,12838,4,29.77,361.12,6.94
2025-06-25,Social Media,Festive Offer,Last Touch,26662,1331,74788.89,229,577080,18701,3,56.19,326.59,7.72
2025-05-07,Email,Discount Offer,First Touch,21696,1046,23304.88,32,89024,19429,4,22.28,728.28,3.82
2025-03-28,Social Media,Festive Offer,Linear,13702,513,5637.87,20,55340,9741,3,10.99,281.89,9.82
2025-03-25,Google Ads,Retargeting,First Touch,21822,1564,33657.28,227,819697,20931,4,21.52,148.27,24.35
2025-03-17,Google Ads,Retargeting,First Touch,18211,942,52215.06,169,214461,17502,2,55.43,308.96,4.11
2025-03-23,Display Ads,Brand Awareness,Linear,9163,432,24982.56,39,54054,7024,3,57.83,640.58,2.16
2025-02-09,Meta Ads,Lead Gen,Linear,31949,755,7814.25,101,423695,16768,5,10.35,77.37,54.22
2025-06-06,Direct Traffic,Lead Gen,First Touch,6992,552,26716.8,39,57837,4366,3,48.4,685.05,2.16
2025-06-21,Social Media,Brand Awareness,Linear,33394,1946,98915.18,197,627445,32654,2,50.83,502.11,6.34
2025-03-11,Email,Retargeting,Linear,22611,600,16110.0,72,241704,11520,3,26.85,223.75,15.0
2025-03-23,Google Ads,App Install,First Touch,28195,1838,50802.32,245,594125,22443,1,27.64,207.36,11.69
2025-05-27,Email,App Install,Linear,46887,3619,136798.2,475,1225025,42595,5,37.8,288.0,8.95
2025-01-12,Meta Ads,Festive Offer,First Touch,16048,1011,21281.55,52,71812,14589,2,21.05,409.26,3.37
2025-01-24,Email,Lead Gen,Linear,14169,565,12757.7,88,111848,10923,2,22.58,144.97,8.77
2025-03-21,Meta Ads,Brand Awareness,First Touch,11315,608,18775.04,60,142200,10019,4,30.88,312.92,7.57
2025-04-28,Email,Loyalty,Last Touch,12450,739,8476.33,121,510862,8414,5,11.47,70.05,60.27
2025-02-10,Meta Ads,Brand Awareness,Linear,39208,2559,37668.48,309,1366398,36643,4,14.72,121.9,36.27
2025-06-28,Social Media,Winter Sale,First Touch,42391,1916,39699.52,277,523253,35264,1,20.72,143.32,13.18
2025-06-14,Email,Lead Gen,Last Touch,45809,2996,49793.52,278,880704,32489,5,16.62,179.11,17.69
2025-02-23,Google Ads,App Install,First Touch,5163,222,3873.9,26,101166,2935,3,17.45,149.0,26.11
2025-01-24,Social Media,Discount Offer,Last Touch,40447,2023,47196.59,105,290010,32078,3,23.33,449.49,6.14
2025-05-25,Email,Festive Offer,Linear,40963,2278,21003.16,211,385075,28200,2,9.22,99.54,18.33
2025-04-28,Direct Traffic,Retargeting,First Touch,47845,2316,72768.72,244,871568,24805,2,31.42,298.23,11.98
2025-02-13,Meta Ads,App Install,Linear,42565,995,44615.8,148,437192,31648,3,44.84,301.46,9.8
2025-05-19,Direct Traffic,App Install,First Touch,48981,3591,81120.69,358,1084382,43525,3,22.59,226.59,13.37
2025-06-30,Email,Discount Offer,Linear,34174,1546,37614.18,93,311457,19623,5,24.33,404.45,8.28
2025-05-19,Social Media,Brand Awareness,Last Touch,18771,896,10259.2,105,263760,17480,5,11.45,97.71,25.71
2025-01-15,Social Media,Loyalty,Last Touch,29221,1478,58587.92,202,565398,17356,4,39.64,290.04,9.65
2025-05-21,Meta Ads,Lead Gen,Last Touch,41077,2082,61148.34,226,415162,21091,4,29.37,270.57,6.79
2025-04-13,Google Ads,Retargeting,First Touch,43907,1929,26350.14,91,344617,43838,5,13.66,289.56,13.08
2025-01-08,Direct Traffic,Summer Sale,Linear,10781,569,28438.62,25,88050,10690,5,49.98,1137.54,3.1
2025-05-14,Direct Traffic,Festive Offer,Linear,11441,579,8661.84,87,335559,9721,1,14.96,99.56,38.74
2025-04-13,Display Ads,Loyalty,First Touch,12760,291,11197.68,18,79056,7582,5,38.48,622.09,7.06
2025-05-23,Meta Ads,Festive Offer,Linear,44760,3294,64694.16,546,1798524,44097,4,19.64,118.49,27.8
2025-06-19,Email,Loyalty,Last Touch,8029,277,6769.88,25,63575,5899,5,24.44,270.8,9.39
2025-06-07,Display Ads,Lead Gen,Linear,19764,1577,28275.61,131,396537,10099,4,17.93,215.84,14.02
2025-04-24,Meta Ads,Discount Offer,First Touch,48135,3558,68811.72,279,723447,44780,1,19.34,246.64,10.51
2025-06-24,Email,App Install,Linear,7145,296,12275.12,32,119360,6043,2,41.47,383.6,9.72
2025-05-13,Email,Winter Sale,Last Touch,7930,306,18072.36,33,53724,4277,3,59.06,547.65,2.97
2025-01-17,Email,App Install,First Touch,47690,3585,47752.2,189,402381,45084,3,13.32,252.66,8.43
2025-01-13,Meta Ads,Festive Offer,Linear,34095,914,37144.96,81,354780,19493,1,40.64,458.58,9.55
2025-05-30,Direct Traffic,App Install,Last Touch,45495,2128,22939.84,345,741750,43679,3,10.78,66.49,32.33
2025-06-10,Email,Summer Sale,Last Touch,38579,1447,42570.74,146,350546,20099,2,29.42,291.58,8.23
2025-04-19,Direct Traffic,Festive Offer,Last Touch,6418,153,2957.49,7,17549,5174,2,19.33,422.5,5.93
2025-05-08,Social Media,New Product Launch,First Touch,28269,1553,52662.23,152,282112,23987,2,33.91,346.46,5.36
2025-06-19,Display Ads,New Product Launch,First Touch,38360,1672,62031.2,236,969960,20416,2,37.1,262.84,15.64
2025-05-25,Google Ads,Summer Sale,Linear,29136,2194,93069.48,277,589456,18281,2,42.42,335.99,6.33
2025-03-18,Google Ads,Festive Offer,Linear,29434,710,18488.4,99,336699,18771,5,26.04,186.75,18.21
2025-04-21,Display Ads,Brand Awareness,Last Touch,18585,706,34819.92,110,451440,13463,4,49.32,316.54,12.96
2025-02-15,Direct Traffic,Discount Offer,Last Touch,46431,2522,91624.26,321,1209528,39174,3,36.33,285.43,13.2
2025-06-06,Google Ads,Festive Offer,First Touch,33963,685,5945.8,37,69486,19501,5,8.68,160.7,11.69
2025-06-20,Google Ads,Festive Offer,Linear,41163,1000,51370.0,73,117165,28049,3,51.37,703.7,2.28
2025-03-12,Direct Traffic,App Install,Last Touch,8838,550,11698.5,62,250604,8407,4,21.27,188.69,21.42
2025-03-15,Google Ads,Retargeting,Linear,13216,689,15853.89,86,188168,8256,1,23.01,184.35,11.87
2025-02-08,Display Ads,Summer Sale,Linear,6937,378,15717.24,33,64878,3945,5,41.58,476.28,4.13
2025-02-18,Display Ads,Festive Offer,Last Touch,35125,961,44984.41,171,495045,31832,1,46.81,263.07,11.0
2025-01-01,Meta Ads,Summer Sale,Linear,30831,2309,51837.05,350,465850,17617,2,22.45,148.11,8.99
2025-02-04,Direct Traffic,New Product Launch,Last Touch,45220,2500,25150.0,412,846660,36953,4,10.06,61.04,33.66
2025-05-22,Meta Ads,Festive Offer,Last Touch,28467,1623,14347.32,164,500528,24297,1,8.84,87.48,34.89
2025-03-25,Meta Ads,Winter Sale,Last Touch,31450,856,19927.68,104,214760,19744,3,23.28,191.61,10.78
2025-01-17,Display Ads,Winter Sale,Last Touch,28625,1318,31592.46,211,578773,27641,1,23.97,149.73,18.32
2025-01-29,Social Media,Festive Offer,First Touch,37087,2414,66964.36,96,345024,30231,4,27.74,697.55,5.15
2025-06-06,Direct Traffic,Summer Sale,Last Touch,43184,2827,116613.75,290,868840,33900,3,41.25,402.12,7.45
2025-01-24,Email,Loyalty,First Touch,6725,221,11631.23,32,110144,4686,1,52.63,363.48,9.47
2025-02-15,Direct Traffic,Summer Sale,Last Touch,9164,583,34338.7,90,396180,6802,3,58.9,381.54,11.54
2025-06-24,Email,Lead Gen,Last Touch,36530,1038,37098.12,114,404130,18291,3,35.74,325.42,10.89
2025-05-01,Meta Ads,New Product Launch,First Touch,21560,1627,36363.45,227,919123,12151,3,22.35,160.19,25.28
2025-06-25,Display Ads,Winter Sale,Linear,17974,519,6658.77,35,154035,16490,5,12.83,190.25,23.13
2025-05-13,Display Ads,Loyalty,Last Touch,19002,452,24177.48,14,17598,14780,3,53.49,1726.96,0.73
2025-03-04,Display Ads,App Install,Linear,33537,1525,52948.0,57,191748,29022,5,34.72,928.91,3.62
2025-01-14,Google Ads,Discount Offer,Linear,40121,1958,40432.7,150,537750,22822,3,20.65,269.55,13.3
2025-01-24,Google Ads,Winter Sale,First Touch,33385,1631,48032.95,203,908831,17176,4,29.45,236.62,18.92
2025-05-21,Google Ads,Lead Gen,Last Touch,11377,258,11070.78,32,80352,9155,3,42.91,345.96,7.26
2025-02-02,Email,App Install,First Touch,31643,1852,77580.28,56,165312,29288,5,41.89,1385.36,2.13
2025-06-18,Meta Ads,New Product Launch,Linear,9725,411,8914.59,55,110165,4962,4,21.69,162.08,12.36
2025-01-09,Google Ads,Retargeting,First Touch,8554,266,9073.26,42,161700,7022,1,34.11,216.03,17.82
2025-06-22,Email,Retargeting,First Touch,23894,1540,19989.2,228,298908,18561,4,12.98,87.67,14.95
2025-05-03,Google Ads,Discount Offer,Last Touch,9940,351,16286.4,40,51120,5751,4,46.4,407.16,3.14
2025-04-19,Meta Ads,New Product Launch,Linear,39033,1110,16716.6,56,75768,20548,3,15.06,298.51,4.53
2025-03-01,Social Media,Retargeting,First Touch,48570,1484,40617.08,75,98400,27417,5,27.37,541.56,2.42
2025-01-12,Google Ads,Discount Offer,First Touch,21778,1133,21379.71,131,260428,14621,2,18.87,163.2,12.18
2025-04-04,Meta Ads,Lead Gen,Last Touch,12650,857,13909.11,119,266679,9073,4,16.23,116.88,19.17
2025-06-23,Email,Summer Sale,First Touch,19193,734,24978.02,54,242622,14477,5,34.03,462.56,9.71
2025-04-24,Display Ads,Brand Awareness,First Touch,22282,1225,37191.0,72,137664,12034,5,30.36,516.54,3.7
2025-04-02,Meta Ads,Festive Offer,Last Touch,46723,2812,113914.12,450,986850,32428,5,40.51,253.14,8.66
2025-05-21,Direct Traffic,Summer Sale,First Touch,45752,2210,44354.7,200,874200,25894,3,20.07,221.77,19.71
2025-06-26,Meta Ads,Festive Offer,Last Touch,29309,2017,75153.42,80,255840,27171,4,37.26,939.42,3.4
2025-02-10,Email,New Product Launch,Linear,38482,909,50576.76,84,137004,27976,4,55.64,602.1,2.71
2025-04-05,Meta Ads,New Product Launch,Last Touch,43116,2667,43418.76,431,1889504,30431,4,16.28,100.74,43.52
2025-04-22,Direct Traffic,Summer Sale,Linear,20291,817,30376.06,110,447260,16825,2,37.18,276.15,14.72
2025-06-12,Social Media,Lead Gen,Last Touch,21373,625,11581.25,104,446368,17047,4,18.53,111.36,38.54
2025-06-01,Meta Ads,Winter Sale,First Touch,27200,1318,21285.7,130,499330,25033,4,16.15,163.74,23.46
2025-02-20,Direct Traffic,Lead Gen,First Touch,26232,951,54102.39,69,237774,18498,5,56.89,784.09,4.39
2025-04-20,Meta Ads,Loyalty,First Touch,32063,2151,61195.95,238,574056,25296,4,28.45,257.13,9.38
2025-06-01,Direct Traffic,New Product Launch,Linear,44873,2922,138678.12,432,654912,36043,1,47.46,321.01,4.72
2025-04-01,Meta Ads,Lead Gen,First Touch,11652,508,24709.12,65,262925,9609,1,48.64,380.14,10.64
2025-01-08,Meta Ads,Brand Awareness,Last Touch,18645,903,25049.22,90,169200,9388,1,27.74,278.32,6.75
2025-03-12,Social Media,Loyalty,Last Touch,36586,2836,155980.0,93,164889,30961,3,55.0,1677.2,1.06
2025-05-27,Meta Ads,Discount Offer,First Touch,13027,1025,29427.75,60,260760,8952,4,28.71,490.46,8.86
2025-04-12,Meta Ads,Summer Sale,Linear,23217,1632,76589.76,291,1103472,14302,4,46.93,263.2,14.41
2025-06-29,Email,Summer Sale,Last Touch,18442,1383,24824.85,64,113152,14145,1,17.95,387.89,4.56
2025-02-25,Display Ads,Loyalty,Last Touch,38136,2699,32819.84,351,681993,32621,4,12.16,93.5,20.78
2025-03-16,Social Media,App Install,First Touch,45659,2036,121060.56,68,271524,40874,2,59.46,1780.3,2.24
2025-02-25,Email,New Product Launch,Linear,12270,269,15523.99,12,31596,10814,1,57.71,1293.67,2.04
2025-01-30,Display Ads,New Product Launch,Linear,44428,1613,61987.59,232,355656,28593,2,38.43,267.19,5.74
2025-03-01,Email,Winter Sale,First Touch,36210,2717,80966.6,277,1240129,24826,3,29.8,292.3,15.32
2025-05-17,Google Ads,Winter Sale,First Touch,41919,2210,97129.5,95,138130,23290,4,43.95,1022.42,1.42
2025-05-07,Social Media,New Product Launch,First Touch,9843,783,43260.75,34,96560,5006,3,55.25,1272.38,2.23
2025-05-29,Direct Traffic,Loyalty,Linear,48102,1201,11169.3,188,730756,29344,1,9.3,59.41,65.43
2025-02-08,Social Media,Lead Gen,Last Touch,32328,2442,70866.84,272,363120,28419,1,29.02,260.54,5.12
2025-06-08,Social Media,Brand Awareness,First Touch,24135,691,39836.15,100,225600,20290,3,57.65,398.36,5.66
2025-03-19,Social Media,Winter Sale,First Touch,8926,290,5298.3,27,109296,8379,5,18.27,196.23,20.63
2025-06-21,Google Ads,App Install,Linear,11533,372,13488.72,14,35364,9702,1,36.26,963.48,2.62
2025-06-29,Google Ads,App Install,First Touch,18322,1330,64771.0,59,235528,14230,1,48.7,1097.81,3.64
2025-02-04,Email,App Install,Linear,5282,156,8815.56,17,66011,3002,3,56.51,518.56,7.49
2025-01-24,Google Ads,Retargeting,Linear,35105,2494,58733.7,125,398000,20012,5,23.55,469.87,6.78
2025-02-24,Display Ads,App Install,Linear,29150,1441,33604.12,135,496530,15750,2,23.32,248.92,14.78
2025-05-22,Google Ads,Brand Awareness,Linear,37723,1437,84021.39,184,506368,22862,5,58.47,456.64,6.03
2025-03-15,Meta Ads,New Product Launch,Linear,14945,405,9221.85,15,61620,9417,1,22.77,614.79,6.68
2025-03-27,Meta Ads,Summer Sale,First Touch,31932,1782,54404.46,230,641930,17054,4,30.53,236.54,11.8
2025-05-21,Email,Summer Sale,Last Touch,15958,1275,21840.75,163,689327,10533,1,17.13,133.99,31.56
2025-01-01,Meta Ads,Summer Sale,Last Touch,36887,2332,26538.16,317,1138347,36229,5,11.38,83.72,42.89
2025-06-30,Social Media,Winter Sale,Linear,39453,2954,78753.64,261,614916,36329,5,26.66,301.74,7.81
2025-06-03,Meta Ads,Brand Awareness,First Touch,29198,769,45755.5,103,267285,21688,4,59.5,444.23,5.84
2025-03-31,Direct Traffic,Festive Offer,First Touch,28961,1211,41476.75,197,384938,21824,1,34.25,210.54,9.28
2025-04-27,Meta Ads,Festive Offer,Last Touch,13733,901,24146.8,76,171760,10001,1,26.8,317.72,7.11
2025-05-02,Google Ads,Brand Awareness,First Touch,24271,1736,72912.0,123,259653,12218,4,42.0,592.78,3.56
2025-05-11,Direct Traffic,Festive Offer,First Touch,22083,495,21987.9,47,76140,11125,1,44.42,467.83,3.46
2025-06-13,Display Ads,Festive Offer,Linear,44289,1042,23069.88,183,788913,25430,4,22.14,126.06,34.2
2025-02-04,Social Media,Retargeting,First Touch,35914,1596,28712.04,220,373560,29464,2,17.99,130.51,13.01
2025-02-05,Meta Ads,Retargeting,Linear,14704,453,16724.76,32,108640,9627,4,36.92,522.65,6.5
2025-03-25,Meta Ads,Lead Gen,First Touch,28456,2276,88149.48,169,203645,18699,1,38.73,521.59,2.31
2025-01-10,Direct Traffic,Lead Gen,Last Touch,34646,1951,27353.02,167,735134,20658,1,14.02,163.79,26.88
2025-03-05,Email,Brand Awareness,Last Touch,17729,693,33645.15,66,118536,11562,5,48.55,509.78,3.52
2025-06-01,Meta Ads,Brand Awareness,Last Touch,23957,648,28777.68,84,269136,21096,1,44.41,342.59,9.35
2025-06-03,Display Ads,Lead Gen,First Touch,6914,191,6895.1,30,38910,4686,1,36.1,229.84,5.64
2025-06-09,Email,Summer Sale,First Touch,24744,609,15413.79,87,384714,20736,1,25.31,177.17,24.96
2025-06-17,Email,Winter Sale,Last Touch,41416,1847,58383.67,258,973950,24931,5,31.61,226.29,16.68
2025-01-10,Meta Ads,Discount Offer,Linear,38419,2322,130426.74,147,408513,26483,3,56.17,887.26,3.13
2025-05-08,Social Media,Brand Awareness,Linear,19899,952,36585.36,45,80865,11543,2,38.43,813.01,2.21
2025-06-19,Social Media,App Install,Last Touch,20699,1434,41485.62,166,415996,15787,5,28.93,249.91,10.03
2025-03-24,Email,App Install,Last Touch,43820,2380,105410.2,78,336258,31027,2,44.29,1351.41,3.19
2025-05-28,Direct Traffic,Brand Awareness,Last Touch,44501,3465,129764.25,129,312180,34023,2,37.45,1005.92,2.41
2025-05-14,Social Media,Lead Gen,Last Touch,5968,254,11645.9,22,64262,4866,2,45.85,529.36,5.52
2025-03-01,Display Ads,Winter Sale,Last Touch,34101,2510,30923.2,195,588705,30628,1,12.32,158.58,19.04
2025-02-27,Display Ads,Lead Gen,First Touch,24584,1358,49838.6,69,144900,22696,1,36.7,722.3,2.91
2025-05-12,Email,New Product Launch,Last Touch,31114,1772,28989.92,216,611064,20402,3,16.36,134.21,21.08
2025-03-19,Display Ads,App Install,First Touch,26175,1784,89556.8,195,773370,16104,2,50.2,459.27,8.64
2025-02-06,Email,Retargeting,First Touch,24757,1256,60124.72,89,272429,24001,2,47.87,675.56,4.53
2025-03-20,Google Ads,Summer Sale,Last Touch,21161,1619,46481.49,74,250786,16118,3,28.71,628.13,5.4
2025-04-28,Email,Loyalty,First Touch,30177,918,31166.1,138,174018,17744,3,33.95,225.84,5.58
2025-02-12,Email,App Install,First Touch,20673,1649,31446.43,212,793092,15872,5,19.07,148.33,25.22
2025-03-16,Email,Retargeting,First Touch,10411,409,14711.73,61,204411,8374,2,35.97,241.18,13.89
2025-01-12,Email,Brand Awareness,First Touch,44655,2058,36138.48,333,1241424,41990,1,17.56,108.52,34.35
2025-04-24,Meta Ads,Discount Offer,Last Touch,24365,1877,73597.17,289,378012,17130,1,39.21,254.66,5.14
2025-04-15,Display Ads,Lead Gen,First Touch,12813,532,10916.64,30,85890,9539,5,20.52,363.89,7.87
2025-02-23,Display Ads,Brand Awareness,Last Touch,19502,1544,78141.84,220,458040,11735,2,50.61,355.19,5.86
2025-05-31,Meta Ads,Lead Gen,First Touch,24796,1286,72993.36,107,209399,14875,1,56.76,682.18,2.87
2025-04-18,Google Ads,Loyalty,First Touch,11962,652,27018.88,40,149400,7829,4,41.44,675.47,5.53
2025-06-04,Display Ads,Discount Offer,Linear,9049,182,7571.2,10,35820,7322,4,41.6,757.12,4.73
2025-01-26,Display Ads,Retargeting,First Touch,27315,1163,52718.79,83,266928,14705,5,45.33,635.17,5.06
2025-04-05,Email,Loyalty,Last Touch,5161,328,12506.64,40,71360,3509,1,38.13,312.67,5.71
2025-03-15,Email,New Product Launch,First Touch,20357,508,14234.16,63,195678,18934,1,28.02,225.94,13.75
2025-03-14,Email,Festive Offer,Last Touch,33907,2171,111958.47,209,920436,20828,5,51.57,535.69,8.22
2025-03-17,Email,New Product Launch,Linear,45257,2804,37657.72,117,356616,38977,4,13.43,321.86,9.47
2025-04-18,Direct Traffic,Festive Offer,Last Touch,8828,359,15171.34,45,193995,7838,1,42.26,337.14,12.79
2025-02-02,Google Ads,Loyalty,First Touch,41292,1040,46196.8,81,278802,22446,4,44.42,570.33,6.04
2025-06-19,Google Ads,Loyalty,First Touch,15215,424,4918.4,19,60021,12735,5,11.6,258.86,12.2
2025-06-24,Display Ads,Brand Awareness,Last Touch,46235,3215,131493.5,195,430365,27556,2,40.9,674.33,3.27
2025-02-20,Direct Traffic,App Install,First Touch,40333,1667,26805.36,267,734250,37101,3,16.08,100.39,27.39
2025-06-15,Social Media,Summer Sale,Last Touch,19461,1453,17959.08,105,191415,14834,2,12.36,171.04,10.66
2025-01-06,Google Ads,Brand Awareness,Linear,21045,993,25331.43,165,582945,19334,5,25.51,153.52,23.01
2025-06-28,Meta Ads,New Product Launch,Linear,9793,317,6815.5,25,97450,9010,4,21.5,272.62,14.3
2025-04-08,Social Media,New Product Launch,First Touch,36375,2375,85120.0,163,523230,36332,2,35.84,522.21,6.15
2025-06-24,Display Ads,Festive Offer,Last Touch,42363,1029,60957.96,169,565305,25750,1,59.24,360.7,9.27
2025-01-25,Google Ads,Winter Sale,Linear,6987,481,23953.8,26,76752,5102,3,49.8,921.3,3.2
2025-02-17,Display Ads,App Install,First Touch,29169,694,10763.94,39,91455,19760,3,15.51,276.0,8.5
2025-02-26,Meta Ads,App Install,Last Touch,49082,2136,120427.68,187,583814,37999,3,56.38,644.0,4.85
2025-05-16,Display Ads,Lead Gen,Last Touch,43579,1985,32871.6,301,1073366,31225,3,16.56,109.21,32.65
2025-01-31,Google Ads,Winter Sale,Last Touch,45991,1300,10790.0,119,205870,41590,4,8.3,90.67,19.08
2025-03-25,Display Ads,Lead Gen,Last Touch,12199,348,14946.6,55,238535,7134,4,42.95,271.76,15.96
2025-04-17,Direct Traffic,App Install,First Touch,44143,3384,157220.64,457,1697298,36516,5,46.46,344.03,10.8
2025-02-25,Email,Winter Sale,First Touch,9780,272,3734.56,25,110125,7931,1,13.73,149.38,29.49
2025-02-17,Meta Ads,New Product Launch,Last Touch,37337,1780,105322.6,237,963168,18872,3,59.17,444.4,9.14
2025-03-30,Display Ads,Loyalty,Last Touch,13974,592,31334.56,43,167012,7412,4,52.93,728.71,5.33
2025-01-07,Meta Ads,New Product Launch,Linear,45040,2332,30012.84,228,909036,27239,2,12.87,131.64,30.29
2025-02-19,Display Ads,Retargeting,Linear,8676,655,29036.15,46,67252,7571,4,44.33,631.22,2.32
2025-04-13,Direct Traffic,App Install,First Touch,30914,983,40076.91,128,564480,28695,5,40.77,313.1,14.08
2025-04-20,Meta Ads,Brand Awareness,First Touch,9414,746,40231.78,114,149340,5108,5,53.93,352.91,3.71
2025-03-16,Social Media,Winter Sale,First Touch,30408,2098,101144.58,336,683088,18556,2,48.21,301.03,6.75
2025-04-19,Display Ads,Loyalty,Last Touch,6503,499,17210.51,85,342635,5463,5,34.49,202.48,19.91
2025-04-14,Display Ads,Discount Offer,Linear,18555,795,41570.55,100,223700,13963,4,52.29,415.71,5.38
2025-06-03,Meta Ads,Brand Awareness,Linear,29279,2196,49541.76,301,425012,16502,2,22.56,164.59,8.58
2025-02-07,Email,Loyalty,Last Touch,11132,829,46747.31,71,275125,5573,1,56.39,658.41,5.89
2025-01-28,Email,Winter Sale,Last Touch,12190,591,28917.63,64,257920,11898,1,48.93,451.84,8.92
2025-05-19,Google Ads,New Product Launch,Linear,38395,2097,99355.86,294,696780,27562,1,47.38,337.95,7.01
2025-01-16,Email,Brand Awareness,Last Touch,20859,497,14457.73,81,209952,11671,2,29.09,178.49,14.52
2025-03-26,Meta Ads,Lead Gen,Linear,47895,1253,43579.34,78,192660,38957,3,34.78,558.71,4.42
2025-04-01,Social Media,Brand Awareness,First Touch,7756,445,3840.35,74,245236,7693,3,8.63,51.9,63.86
2025-04-08,Email,App Install,First Touch,36919,2600,81744.0,180,283140,19678,2,31.44,454.13,3.46
2025-04-29,Direct Traffic,Discount Offer,Last Touch,44735,2309,85571.54,312,992472,25736,4,37.06,274.27,11.6
2025-01-24,Google Ads,Summer Sale,Linear,30510,1386,68662.44,244,405528,16650,5,49.54,281.4,5.91
2025-05-27,Display Ads,Festive Offer,Last Touch,28347,1551,69903.57,93,187395,16791,4,45.07,751.65,2.68
2025-01-17,Display Ads,Brand Awareness,Linear,26027,1871,47355.01,330,676170,19155,2,25.31,143.5,14.28
2025-03-07,Email,Lead Gen,First Touch,43539,1779,44492.79,241,827594,33880,2,25.01,184.62,18.6
2025-04-04,Meta Ads,New Product Launch,Linear,48000,2668,126943.44,145,268540,36710,4,47.58,875.47,2.12
2025-06-18,Meta Ads,Discount Offer,Last Touch,36586,1467,15036.75,193,657937,27064,4,10.25,77.91,43.76
2025-04-20,Social Media,App Install,Linear,18632,377,20169.5,22,40062,17760,3,53.5,916.8,1.99
2025-02-22,Meta Ads,App Install,First Touch,36391,2374,72074.64,270,1039770,25468,3,30.36,266.94,14.43
2025-03-23,Google Ads,Summer Sale,Linear,9012,269,3911.26,28,67984,7999,1,14.54,139.69,17.38
2025-03-03,Google Ads,Lead Gen,Last Touch,17480,1336,11222.4,223,698436,10789,1,8.4,50.32,62.24
2025-06-13,Display Ads,New Product Launch,Linear,15939,1227,60429.75,123,523857,15752,1,49.25,491.3,8.67
2025-01-31,Social Media,Winter Sale,First Touch,25908,717,33046.53,91,254527,16204,1,46.09,363.15,7.7
2025-06-04,Google Ads,Brand Awareness,Last Touch,10435,300,3150.0,15,35115,6370,2,10.5,210.0,11.15
2025-03-17,Direct Traffic,Winter Sale,Last Touch,19195,1407,81802.98,115,448155,17517,4,58.14,711.33,5.48
2025-05-01,Google Ads,Loyalty,Linear,32996,2510,108557.5,294,924336,20047,4,43.25,369.24,8.51
2025-04-04,Direct Traffic,Loyalty,Last Touch,27928,1851,53567.94,181,436572,14630,5,28.94,295.96,8.15
2025-06-06,Direct Traffic,Festive Offer,Linear,20370,645,31288.95,20,74380,16192,2,48.51,1564.45,2.38
2025-02-11,Email,Retargeting,Linear,29894,1821,49094.16,267,1002852,18228,2,26.96,183.87,20.43
2025-02-02,Google Ads,Loyalty,First Touch,21932,759,30693.96,24,30888,16894,3,40.44,1278.91,1.01
2025-05-03,Direct Traffic,New Product Launch,Last Touch,8281,544,13817.6,80,288240,5076,1,25.4,172.72,20.86
2025-03-26,Google Ads,Discount Offer,First Touch,9537,417,21308.7,21,25956,5019,5,51.1,1014.7,1.22
2025-01-09,Meta Ads,Festive Offer,Last Touch,41734,2266,42736.76,156,486564,31885,5,18.86,273.95,11.39
2025-04-27,Social Media,New Product Launch,First Touch,25882,966,32863.32,58,186470,14403,5,34.02,566.61,5.67
2025-02-17,Google Ads,Winter Sale,Linear,31405,1517,19341.75,102,223686,30386,5,12.75,189.62,11.56
2025-04-16,Direct Traffic,Festive Offer,Last Touch,49484,3459,173780.16,115,235750,27744,4,50.24,1511.13,1.36
2025-06-27,Meta Ads,Festive Offer,Last Touch,28911,831,29051.76,63,214578,19912,3,34.96,461.14,7.39
2025-06-01,Meta Ads,App Install,Linear,13423,502,5045.1,17,71553,12243,2,10.05,296.77,14.18
2025-01-06,Social Media,Festive Offer,Linear,8252,207,8830.62,17,21607,6744,1,42.66,519.45,2.45
2025-05-31,Google Ads,Lead Gen,Last Touch,23337,758,11711.1,122,346602,22345,2,15.45,95.99,29.6
2025-01-15,Direct Traffic,New Product Launch,First Touch,25989,1921,99776.74,319,881078,22796,2,51.94,312.78,8.83
2025-01-04,Google Ads,Brand Awareness,First Touch,7471,413,14607.81,49,105889,4005,5,35.37,298.12,7.25
2025-04-24,Social Media,Discount Offer,Linear,5232,358,8631.38,54,74682,3326,5,24.11,159.84,8.65
2025-06-14,Meta Ads,Summer Sale,Linear,23263,555,20135.4,95,408120,14575,5,36.28,211.95,20.27
2025-06-24,Google Ads,Loyalty,Linear,20080,461,9980.65,29,87464,16874,4,21.65,344.16,8.76
2025-01-23,Meta Ads,Festive Offer,Last Touch,16166,841,34834.22,89,136793,9232,2,41.42,391.4,3.93
2025-06-22,Direct Traffic,Festive Offer,Linear,9376,383,22665.94,55,134255,8447,3,59.18,412.11,5.92
2025-04-28,Google Ads,Summer Sale,Linear,19436,474,24207.18,85,114580,15433,5,51.07,284.79,4.73
2025-02-24,Direct Traffic,New Product Launch,First Touch,45165,2075,116926.25,250,933500,39091,3,56.35,467.7,7.98
2025-02-05,Google Ads,Lead Gen,Linear,13178,854,13049.12,79,170087,10475,4,15.28,165.18,13.03
2025-04-02,Direct Traffic,Brand Awareness,Linear,11805,523,17394.98,53,84906,10072,4,33.26,328.21,4.88
2025-05-03,Display Ads,Retargeting,Linear,39784,2091,120922.53,191,413897,34062,5,57.83,633.1,3.42
2025-05-15,Direct Traffic,Summer Sale,First Touch,10752,685,19604.7,100,382000,6698,4,28.62,196.05,19.49
2025-04-13,Meta Ads,Loyalty,First Touch,17063,776,23761.12,83,334490,16966,1,30.62,286.28,14.08
2025-05-26,Direct Traffic,New Product Launch,Last Touch,47177,2067,118604.46,368,931040,29126,2,57.38,322.29,7.85
2025-05-21,Direct Traffic,Loyalty,Linear,40243,3140,25245.6,231,829290,28045,3,8.04,109.29,32.85
2025-05-25,Social Media,Discount Offer,First Touch,26198,1060,34746.8,105,312480,18386,5,32.78,330.92,8.99
2025-05-07,Display Ads,Winter Sale,First Touch,40982,2881,159693.83,246,1042794,37930,1,55.43,649.16,6.53
2025-03-23,Google Ads,Discount Offer,Linear,24064,661,20438.12,108,474876,18381,3,30.92,189.24,23.23
2025-05-04,Social Media,Loyalty,First Touch,42464,1027,52161.33,121,319803,34223,3,50.79,431.09,6.13
2025-01-24,Social Media,Lead Gen,Last Touch,10261,604,31263.04,46,135930,5452,1,51.76,679.63,4.35
2025-06-16,Email,Brand Awareness,First Touch,44548,1381,30423.43,187,362967,39406,4,22.03,162.69,11.93
2025-05-24,Display Ads,Summer Sale,Linear,35346,2811,114070.38,355,1551350,22302,5,40.58,321.33,13.6
2025-02-20,Google Ads,Discount Offer,First Touch,14825,598,5196.62,75,210225,14257,1,8.69,69.29,40.45
2025-05-07,Email,Retargeting,Linear,6504,286,11851.84,23,44666,3915,2,41.44,515.3,3.77
2025-02-18,Display Ads,Loyalty,First Touch,12803,743,6553.26,41,56211,6512,4,8.82,159.84,8.58
2025-06-13,Meta Ads,Brand Awareness,First Touch,22149,1486,81789.44,189,554526,13349,3,55.04,432.75,6.78
2025-06-29,Social Media,App Install,Last Touch,20677,996,49023.12,124,161324,15689,4,49.22,395.35,3.29
2025-06-26,Google Ads,Winter Sale,Last Touch,30626,2350,136229.5,200,574200,26426,4,57.97,681.15,4.21
2025-03-07,Google Ads,Festive Offer,Linear,37305,2512,67371.84,189,515214,25823,3,26.82,356.46,7.65
2025-03-26,Direct Traffic,Discount Offer,Last Touch,29957,1777,97041.97,313,1225082,28457,4,54.61,310.04,12.62
2025-04-01,Social Media,New Product Launch,Linear,22541,1136,55550.4,129,275544,22105,3,48.9,430.62,4.96
2025-06-17,Social Media,Festive Offer,Linear,15487,1103,56550.81,68,190672,14541,3,51.27,831.63,3.37
2025-05-13,Email,New Product Launch,First Touch,6920,495,24844.05,49,164052,5389,1,50.19,507.02,6.6
2025-05-11,Social Media,Winter Sale,First Touch,15424,1023,42781.86,149,551002,12306,2,41.82,287.13,12.88
2025-06-18,Direct Traffic,Winter Sale,Last Touch,20981,1516,69584.4,272,1095616,16014,5,45.9,255.82,15.75
2025-01-09,Email,Brand Awareness,Linear,25027,979,10866.9,175,232750,22275,2,11.1,62.1,21.42
2025-05-17,Email,Festive Offer,Last Touch,15825,1012,8531.16,99,232452,9322,5,8.43,86.17,27.25
2025-02-20,Social Media,Brand Awareness,Linear,35634,1668,92674.08,172,306332,28130,3,55.56,538.8,3.31
2025-06-12,Email,Brand Awareness,First Touch,41846,3160,35708.0,160,558400,32429,1,11.3,223.18,15.64
2025-04-01,Google Ads,Retargeting,Linear,46682,947,56450.67,31,60667,41767,1,59.61,1820.99,1.07
2025-03-21,Meta Ads,Summer Sale,First Touch,9242,262,8418.06,18,72000,6525,2,32.13,467.67,8.55
2025-05-06,Social Media,Summer Sale,First Touch,10155,689,31480.41,31,55242,7034,3,45.69,1015.5,1.75
2025-05-28,Google Ads,Winter Sale,First Touch,31286,1297,70063.94,197,356570,24676,4,54.02,355.65,5.09
2025-06-22,Display Ads,Retargeting,Linear,27540,734,7824.44,62,131130,22429,2,10.66,126.2,16.76
2025-05-22,Direct Traffic,Summer Sale,Last Touch,24172,979,11914.43,122,361852,12757,5,12.17,97.66,30.37
2025-06-10,Google Ads,Loyalty,First Touch,26245,672,22034.88,111,271506,18758,3,32.79,198.51,12.32
2025-03-22,Direct Traffic,New Product Launch,Linear,34737,2150,120486.0,199,625059,23478,5,56.04,605.46,5.19
2025-01-28,Display Ads,App Install,First Touch,21216,987,27665.61,177,314175,12031,3,28.03,156.3,11.36
2025-05-02,Email,Festive Offer,Linear,15930,1046,22363.48,47,201395,11440,1,21.38,475.82,9.01
2025-05-12,Email,Lead Gen,First Touch,38499,3023,127147.38,268,336876,21189,4,42.06,474.43,2.65
2025-05-27,Meta Ads,Discount Offer,Linear,33277,1145,56208.05,74,276242,27648,1,49.09,759.57,4.91
2025-04-22,Direct Traffic,App Install,First Touch,25366,1018,45850.72,140,506380,21527,2,45.04,327.51,11.04
2025-02-02,Direct Traffic,Festive Offer,Last Touch,19913,1206,15919.2,67,289105,13483,3,13.2,237.6,18.16
2025-02-28,Social Media,Lead Gen,Linear,7521,289,7485.1,49,190757,4955,2,25.9,152.76,25.48
2025-01-15,Meta Ads,Summer Sale,Linear,20878,919,24858.95,145,259840,19498,2,27.05,171.44,10.45
2025-03-02,Google Ads,New Product Launch,Last Touch,13684,660,31607.4,63,195993,8355,5,47.89,501.7,6.2
2025-06-06,Google Ads,Discount Offer,Linear,26707,1003,9287.78,73,164907,16532,1,9.26,127.23,17.76
2025-05-14,Direct Traffic,New Product Launch,Linear,24605,859,46308.69,73,325434,13687,1,53.91,634.37,7.03
2025-06-25,Direct Traffic,Retargeting,Linear,43355,2125,30111.25,268,673484,22194,4,14.17,112.36,22.37
2025-02-07,Direct Traffic,Loyalty,First Touch,49115,3740,147580.4,330,1453320,35689,1,39.46,447.21,9.85
2025-04-26,Meta Ads,Retargeting,Linear,12310,867,13308.45,105,445725,6593,5,15.35,126.75,33.49
2025-05-06,Meta Ads,Loyalty,First Touch,15271,395,14457.0,35,52815,14080,3,36.6,413.06,3.65
2025-04-24,Meta Ads,App Install,Last Touch,36722,985,9259.0,49,161896,33146,4,9.4,188.96,17.49
2025-01-01,Display Ads,Winter Sale,Last Touch,43984,2833,146494.43,119,238476,23842,3,51.71,1231.05,1.63
2025-03-12,Email,Brand Awareness,First Touch,16637,338,16345.68,29,96628,12316,5,48.36,563.64,5.91
2025-05-07,Social Media,Loyalty,First Touch,18962,1226,29546.6,100,142600,12267,5,24.1,295.47,4.83
2025-03-22,Social Media,Festive Offer,Last Touch,30991,707,29503.11,26,32084,25400,2,41.73,1134.74,1.09
2025-03-11,Display Ads,App Install,Linear,27805,1052,12182.16,143,257114,17835,4,11.58,85.19,21.11
2025-05-19,Social Media,Discount Offer,First Touch,9949,729,37302.93,94,284632,6387,1,51.17,396.84,7.63
2025-01-13,Email,Discount Offer,First Touch,21027,774,8614.62,86,159444,12952,1,11.13,100.17,18.51
2025-01-26,Meta Ads,Lead Gen,Linear,40841,1231,60811.4,69,300633,38448,2,49.4,881.32,4.94
2025-06-25,Direct Traffic,Discount Offer,Linear,30345,1559,71137.17,195,411450,21976,1,45.63,364.81,5.78
2025-03-02,Social Media,Loyalty,Linear,48749,2964,123658.08,400,882000,48565,4,41.72,309.15,7.13
2025-06-03,Google Ads,App Install,Linear,38441,2135,51090.55,219,695106,25255,1,23.93,233.29,13.61
2025-01-11,Google Ads,Summer Sale,First Touch,10294,364,16489.2,53,166473,5219,4,45.3,311.12,10.1
2025-01-30,Display Ads,New Product Launch,Last Touch,41741,1749,86225.7,260,1026740,38339,5,49.3,331.64,11.91
2025-03-24,Google Ads,Retargeting,First Touch,35066,714,19499.34,103,453097,20170,5,27.31,189.31,23.24
2025-03-09,Direct Traffic,Winter Sale,Last Touch,22009,1674,49985.64,168,625968,17482,3,29.86,297.53,12.52
2025-03-28,Display Ads,Discount Offer,Linear,17193,811,27509.12,53,160431,10501,5,33.92,519.04,5.83
2025-05-09,Display Ads,Retargeting,Last Touch,20762,1143,32964.12,57,162165,16634,4,28.84,578.32,4.92
2025-05-20,Meta Ads,Brand Awareness,Last Touch,28819,1431,45591.66,84,281316,22237,3,31.86,542.76,6.17
2025-01-12,Meta Ads,Retargeting,First Touch,47944,3627,172608.93,265,731135,26227,3,47.59,651.35,4.24
2025-03-18,Display Ads,Festive Offer,First Touch,37390,1699,77865.17,51,203235,22314,1,45.83,1526.77,2.61
2025-04-28,Display Ads,Discount Offer,Linear,24542,747,32038.83,64,154240,20649,2,42.89,500.61,4.81
2025-01-29,Social Media,Festive Offer,Linear,32623,1058,59248.0,73,95703,30101,3,56.0,811.62,1.62
2025-04-10,Email,Festive Offer,Linear,42052,1818,62811.9,186,239754,28118,4,34.55,337.7,3.82
2025-05-22,Social Media,New Product Launch,First Touch,6855,251,4876.93,33,126192,4360,4,19.43,147.79,25.88
2025-02-28,Direct Traffic,Discount Offer,Last Touch,42791,3360,157348.8,173,708435,40854,1,46.83,909.53,4.5
2025-06-19,Direct Traffic,Retargeting,Last Touch,8778,377,14744.47,27,37206,6553,1,39.11,546.09,2.52
2025-04-07,Direct Traffic,Retargeting,Linear,11172,278,8754.22,13,23946,7886,4,31.49,673.4,2.74
2025-02-01,Social Media,New Product Launch,First Touch,10734,560,17477.6,65,184600,10708,1,31.21,268.89,10.56
2025-05-03,Email,App Install,Linear,45161,2878,148217.0,311,694152,41472,4,51.5,476.58,4.68
2025-03-14,Social Media,Loyalty,Last Touch,45912,2571,62783.82,435,762120,26444,4,24.42,144.33,12.14
2025-02-01,Google Ads,Winter Sale,Linear,31818,2145,127348.65,178,751338,17464,5,59.37,715.44,5.9
2025-06-08,Social Media,Discount Offer,First Touch,33355,821,15590.79,123,503562,26945,4,18.99,126.75,32.3
2025-03-04,Google Ads,Festive Offer,First Touch,11168,336,10741.92,58,153294,9259,2,31.97,185.21,14.27
2025-04-17,Google Ads,Festive Offer,Linear,24994,1412,27293.96,235,770095,13660,1,19.33,116.14,28.21
2025-05-27,Meta Ads,Lead Gen,Linear,43664,2571,139168.23,97,327084,27294,1,54.13,1434.72,2.35
2025-01-30,Meta Ads,Brand Awareness,Last Touch,10037,457,15391.76,26,103948,6424,1,33.68,591.99,6.75
2025-04-10,Meta Ads,New Product Launch,Last Touch,12899,878,18078.02,88,295504,9147,3,20.59,205.43,16.35
2025-05-29,Google Ads,Brand Awareness,Last Touch,44456,3115,64231.3,407,1490841,33934,3,20.62,157.82,23.21
2025-04-06,Social Media,Summer Sale,Linear,19739,799,23890.1,139,300240,19661,5,29.9,171.87,12.57
2025-05-21,Google Ads,Retargeting,Last Touch,23248,1858,35915.14,231,414645,16902,3,19.33,155.48,11.55
2025-01-28,Display Ads,Winter Sale,First Touch,44334,2750,48345.0,312,459576,42789,3,17.58,154.95,9.51
2025-05-07,Display Ads,Retargeting,First Touch,16940,1057,30758.7,37,149887,14944,2,29.1,831.32,4.87
2025-05-27,Social Media,Winter Sale,Last Touch,21921,566,10646.46,82,182860,16175,2,18.81,129.83,17.18
2025-01-25,Email,Festive Offer,First Touch,8455,475,4013.75,69,215694,7503,5,8.45,58.17,53.74
2025-06-19,Direct Traffic,Summer Sale,Linear,8023,473,14327.17,61,163724,7623,5,30.29,234.87,11.43
2025-05-18,Display Ads,Retargeting,Linear,23190,1736,16787.12,308,1140524,21513,2,9.67,54.5,67.94
2025-06-29,Google Ads,App Install,Last Touch,46684,3108,55291.32,396,1708344,26387,4,17.79,139.62,30.9
2025-04-13,Social Media,Discount Offer,First Touch,18513,609,24560.97,35,103460,16675,1,40.33,701.74,4.21
2025-05-03,Direct Traffic,Retargeting,First Touch,36380,2161,96683.14,380,1555340,24096,3,44.74,254.43,16.09
2025-02-03,Direct Traffic,Retargeting,Linear,16189,1037,59264.55,45,167670,12396,2,57.15,1316.99,2.83
2025-01-16,Display Ads,New Product Launch,First Touch,20380,938,22549.52,30,102870,11826,3,24.04,751.65,4.56
2025-03-16,Email,Retargeting,Last Touch,41224,2982,65842.56,388,1527168,21621,2,22.08,169.7,23.19
2025-06-27,Email,New Product Launch,Last Touch,5479,338,8112.0,30,122190,3111,1,24.0,270.4,15.06
2025-06-21,Direct Traffic,Lead Gen,Last Touch,48081,1149,29288.01,205,252765,44116,5,25.49,142.87,8.63
2025-03-14,Google Ads,Winter Sale,Last Touch,28039,884,31859.36,120,238560,21677,1,36.04,265.49,7.49
2025-03-23,Email,Retargeting,Last Touch,26285,2087,90972.33,257,843731,16076,4,43.59,353.98,9.27
2025-01-20,Direct Traffic,Discount Offer,First Touch,47139,1507,42090.51,184,357328,42505,5,27.93,228.75,8.49
2025-02-14,Google Ads,Retargeting,First Touch,36475,1566,43597.44,183,536922,23914,2,27.84,238.24,12.32
2025-05-26,Email,New Product Launch,First Touch,40209,1729,64958.53,75,110025,37856,2,37.57,866.11,1.69
2025-06-05,Direct Traffic,Brand Awareness,Linear,20105,1347,32179.83,97,367048,12489,3,23.89,331.75,11.41
2025-01-01,Display Ads,Festive Offer,Linear,16644,844,14997.88,77,155925,13235,5,17.77,194.78,10.4
2025-05-18,Social Media,New Product Launch,First Touch,21865,711,19403.19,121,510741,19563,4,27.29,160.36,26.32
2025-04-22,Social Media,Winter Sale,Linear,7443,375,18131.25,31,73749,4440,3,48.35,584.88,4.07
2025-03-05,Direct Traffic,Lead Gen,First Touch,30147,2310,131970.3,261,680427,15414,4,57.13,505.63,5.16
2025-03-10,Meta Ads,Summer Sale,First Touch,42854,3073,50643.04,442,1543022,42188,5,16.48,114.58,30.47
2025-06-09,Email,Loyalty,Last Touch,36431,2572,136341.72,173,510004,32041,3,53.01,788.1,3.74
2025-03-25,Meta Ads,Summer Sale,Linear,11299,795,25805.7,62,140058,9400,1,32.46,416.22,5.43
2025-05-21,Social Media,New Product Launch,First Touch,7466,490,24255.0,39,68562,5987,5,49.5,621.92,2.83
2025-04-27,Meta Ads,Winter Sale,Last Touch,45011,2642,112760.56,283,842208,36585,4,42.68,398.45,7.47
2025-05-31,Social Media,Loyalty,Linear,21922,1039,30390.75,47,191196,21487,1,29.25,646.61,6.29
2025-04-21,Social Media,Brand Awareness,First Touch,22095,1265,69865.95,53,228271,14567,5,55.23,1318.23,3.27
2025-03-08,Direct Traffic,App Install,First Touch,27067,1178,60219.36,109,455729,18870,1,51.12,552.47,7.57
2025-06-17,Email,Discount Offer,Linear,38107,1727,15612.08,76,244112,28638,3,9.04,205.42,15.64
2025-05-25,Direct Traffic,Retargeting,First Touch,23617,1456,85059.52,124,473680,18934,5,58.42,685.96,5.57
2025-05-13,Email,Brand Awareness,Last Touch,26247,1720,15256.4,138,396750,19816,5,8.87,110.55,26.01
2025-02-28,Display Ads,Summer Sale,Last Touch,7985,224,10084.48,37,71336,7249,5,45.02,272.55,7.07
2025-04-22,Google Ads,App Install,Linear,40196,2221,121644.17,333,569097,29950,1,54.77,365.3,4.68
2025-02-03,Email,Brand Awareness,Linear,20775,1087,57947.97,195,575640,13212,4,53.31,297.17,9.93
2025-03-19,Social Media,Discount Offer,Linear,31953,2097,43974.09,266,943236,19981,4,20.97,165.32,21.45
2025-05-24,Google Ads,Festive Offer,First Touch,26173,1327,25849.96,183,282918,13442,1,19.48,141.26,10.94
2025-02-06,Display Ads,Lead Gen,Linear,29731,1666,20608.42,251,967856,18279,1,12.37,82.11,46.96
2025-03-17,Direct Traffic,Lead Gen,Last Touch,14661,1090,59939.1,112,295008,11624,4,54.99,535.17,4.92
2025-05-02,Google Ads,New Product Launch,Last Touch,26466,1188,12687.84,70,205100,16765,3,10.68,181.25,16.17
2025-03-19,Direct Traffic,Winter Sale,First Touch,46213,2574,74517.3,378,1037988,31121,2,28.95,197.14,13.93
2025-01-27,Social Media,Discount Offer,Linear,14865,472,12876.16,62,96906,11337,1,27.28,207.68,7.53
2025-04-25,Meta Ads,Discount Offer,Last Touch,24756,910,24187.8,90,265770,15213,4,26.58,268.75,10.99
2025-02-04,Display Ads,New Product Launch,Last Touch,34130,1784,78888.48,189,655830,33068,4,44.22,417.4,8.31
2025-03-09,Display Ads,Summer Sale,Linear,22866,1395,58311.0,238,775166,16909,2,41.8,245.0,13.29
2025-05-31,Email,New Product Launch,Last Touch,35126,2361,126714.87,378,1619730,25428,4,53.67,335.22,12.78
2025-04-10,Display Ads,Festive Offer,Linear,36150,1333,29046.07,70,221620,31878,4,21.79,414.94,7.63
2025-04-01,Google Ads,Winter Sale,Linear,34173,1402,32947.0,58,248762,32525,2,23.5,568.05,7.55
2025-06-16,Meta Ads,Brand Awareness,Linear,43558,1023,9902.64,140,495320,30880,1,9.68,70.73,50.02
2025-04-15,Email,Festive Offer,Last Touch,38176,1107,51730.11,153,398718,27088,5,46.73,338.11,7.71
2025-03-27,Direct Traffic,Festive Offer,Last Touch,21121,855,14859.9,51,202572,12692,4,17.38,291.37,13.63
2025-04-21,Google Ads,Brand Awareness,First Touch,22054,1058,55523.84,122,185684,12176,1,52.48,455.11,3.34
2025-03-04,Email,Loyalty,Linear,28702,1993,24015.65,239,1036065,24146,5,12.05,100.48,43.14
2025-05-26,Social Media,Festive Offer,Last Touch,10265,258,3428.82,42,136794,6893,4,13.29,81.64,39.9
2025-03-12,Display Ads,Festive Offer,First Touch,25444,1623,52682.58,152,240160,21089,4,32.46,346.6,4.56
2025-05-11,Display Ads,Brand Awareness,Last Touch,35248,2255,66297.0,294,1294188,30187,5,29.4,225.5,19.52
2025-02-07,Direct Traffic,Loyalty,First Touch,29436,1846,50174.28,150,548850,24321,3,27.18,334.5,10.94
2025-01-05,Social Media,Loyalty,First Touch,23102,1457,64792.79,194,235516,14507,5,44.47,333.98,3.63
2025-06-30,Meta Ads,App Install,Last Touch,23728,1692,41301.72,263,1048318,15828,5,24.41,157.04,25.38
2025-05-17,Display Ads,Retargeting,First Touch,9396,330,8725.2,20,31220,9055,4,26.44,436.26,3.58
2025-04-07,Google Ads,Winter Sale,Last Touch,25154,1183,24452.61,133,208677,16727,4,20.67,183.85,8.53
2025-05-09,Email,Retargeting,Last Touch,34832,1322,31371.06,65,127985,28141,5,23.73,482.63,4.08
2025-03-09,Email,Discount Offer,First Touch,49053,1471,66989.34,216,684504,45665,2,45.54,310.14,10.22
2025-04-02,Google Ads,Lead Gen,Linear,49692,3079,162232.51,283,915505,40544,3,52.69,573.26,5.64
2025-01-25,Meta Ads,Discount Offer,First Touch,29016,713,30701.78,22,58410,22931,3,43.06,1395.54,1.9
2025-02-20,Email,Festive Offer,Last Touch,40029,2757,72123.12,475,1595525,37642,3,26.16,151.84,22.12
2025-06-13,Meta Ads,Discount Offer,Last Touch,41069,2305,59630.35,284,1061876,22430,5,25.87,209.97,17.81
2025-05-14,Email,Discount Offer,First Touch,41306,3252,81885.36,491,811623,32999,4,25.18,166.77,9.91
2025-03-30,Social Media,Retargeting,First Touch,40260,1301,68172.4,153,378522,37578,5,52.4,445.57,5.55
2025-01-24,Social Media,Brand Awareness,Linear,8636,687,39811.65,27,60939,7473,2,57.95,1474.51,1.53
2025-03-08,Meta Ads,Loyalty,First Touch,25431,1904,25418.4,230,624450,22123,4,13.35,110.51,24.57
2025-03-03,Google Ads,Loyalty,Linear,11658,354,12312.12,18,35838,8247,1,34.78,684.01,2.91
2025-01-23,Email,Festive Offer,First Touch,17887,625,15800.0,78,209352,12150,1,25.28,202.56,13.25
2025-01-17,Email,New Product Launch,First Touch,17439,410,9831.8,12,36072,10159,1,23.98,819.32,3.67
2025-01-13,Social Media,Festive Offer,Last Touch,45233,2394,101768.94,184,564880,35945,4,42.51,553.09,5.55
2025-03-02,Direct Traffic,Winter Sale,Last Touch,24895,676,25032.28,119,433993,22130,1,37.03,210.36,17.34
2025-02-06,Display Ads,Loyalty,Linear,22491,910,9882.6,69,105984,21372,1,10.86,143.23,10.72
2025-01-06,Display Ads,Discount Offer,Linear,30063,2372,65917.88,290,368300,15995,5,27.79,227.3,5.59
2025-06-12,Meta Ads,Retargeting,Linear,21387,599,27841.52,54,96066,17531,5,46.48,515.58,3.45
2025-02-02,Meta Ads,Discount Offer,Linear,37716,1559,64199.62,86,378658,31343,5,41.18,746.51,5.9
2025-05-26,Display Ads,Retargeting,First Touch,39673,1254,27700.86,145,594645,22665,1,22.09,191.04,21.47
2025-01-03,Email,Loyalty,First Touch,14119,843,34546.14,141,535095,9940,4,40.98,245.01,15.49
2025-02-03,Meta Ads,Lead Gen,Linear,34875,800,14768.0,41,56990,32618,3,18.46,360.2,3.86
2025-05-24,Email,Loyalty,Last Touch,13442,473,8490.35,47,79900,7906,5,17.95,180.65,9.41
2025-03-31,Google Ads,Winter Sale,Last Touch,17207,1274,63942.06,101,332896,8980,2,50.19,633.09,5.21
2025-06-11,Social Media,Festive Offer,First Touch,29910,677,24866.21,37,71965,19250,1,36.73,672.06,2.89
2025-04-18,Email,Winter Sale,Last Touch,22268,1048,52232.32,140,516040,16722,1,49.84,373.09,9.88
2025-05-29,Google Ads,Winter Sale,First Touch,46586,2336,107199.04,247,737048,36142,3,45.89,434.0,6.88
2025-02-22,Google Ads,Discount Offer,Last Touch,26576,1531,40464.33,230,483690,21722,5,26.43,175.93,11.95
2025-05-06,Social Media,Lead Gen,Linear,34019,2166,60236.46,203,753536,24796,1,27.81,296.73,12.51
2025-02-22,Display Ads,Brand Awareness,Last Touch,47411,1312,73773.76,205,265270,26594,1,56.23,359.87,3.6
2025-02-19,Social Media,Festive Offer,First Touch,23313,1140,44038.2,147,445557,12960,5,38.63,299.58,10.12
2025-06-07,Google Ads,New Product Launch,Linear,6092,197,2819.07,27,60750,5180,5,14.31,104.41,21.55
2025-03-24,Direct Traffic,New Product Launch,Linear,16042,1235,46460.7,94,339622,13847,1,37.62,494.26,7.31
2025-03-08,Display Ads,Loyalty,Linear,8131,629,12661.77,60,209820,5045,5,20.13,211.03,16.57
2025-04-02,Google Ads,Festive Offer,Last Touch,19093,1114,56412.96,88,185240,11611,4,50.64,641.06,3.28
2025-05-07,Google Ads,Lead Gen,Last Touch,38458,2520,73105.2,312,1330368,32790,3,29.01,234.31,18.2
2025-04-08,Direct Traffic,Retargeting,Linear,15931,669,28432.5,86,336862,9485,2,42.5,330.61,11.85
2025-05-15,Meta Ads,Lead Gen,First Touch,12260,632,10124.64,54,73980,9708,5,16.02,187.49,7.31
2025-05-12,Email,Festive Offer,Linear,24531,1493,76516.25,153,440181,22736,4,51.25,500.11,5.75
2025-05-09,Google Ads,Loyalty,Last Touch,23254,917,33644.73,93,213993,16226,5,36.69,361.77,6.36
2025-03-25,Social Media,App Install,Last Touch,14604,361,9598.99,21,66276,9942,3,26.59,457.09,6.9
2025-06-25,Direct Traffic,Summer Sale,Linear,46189,1363,46546.45,168,390432,40705,4,34.15,277.06,8.39
2025-03-12,Google Ads,Discount Offer,Linear,46688,1749,61879.62,231,425040,37386,4,35.38,267.88,6.87
2025-03-24,Google Ads,Discount Offer,Linear,45554,2258,48253.46,143,530673,36089,3,21.37,337.44,11.0
2025-03-23,Google Ads,Summer Sale,Linear,33562,1296,17884.8,117,394056,30765,2,13.8,152.86,22.03
2025-01-03,Google Ads,Loyalty,First Touch,28000,1797,90838.35,70,115570,20488,2,50.55,1297.69,1.27
2025-01-10,Google Ads,Summer Sale,Linear,36155,2137,34341.59,359,643328,22214,5,16.07,95.66,18.73
2025-03-13,Social Media,New Product Launch,Last Touch,48438,2713,89366.22,248,346952,42822,5,32.94,360.35,3.88
2025-03-07,Display Ads,Brand Awareness,First Touch,46534,3371,197136.08,239,1063550,29951,2,58.48,824.84,5.4
2025-03-18,Social Media,Brand Awareness,First Touch,26865,1940,59771.4,128,570112,22066,4,30.81,466.96,9.54
2025-04-13,Direct Traffic,App Install,First Touch,27670,1095,24276.15,177,462501,17849,5,22.17,137.15,19.05
2025-02-09,Display Ads,Brand Awareness,Linear,33666,1652,36178.8,234,666900,21347,4,21.9,154.61,18.43
2025-02-04,Google Ads,Summer Sale,Linear,18514,809,35782.07,120,450720,10288,1,44.23,298.18,12.6
2025-06-03,Direct Traffic,Retargeting,Linear,39780,2755,72043.25,266,1001756,24921,5,26.15,270.84,13.9
2025-04-04,Direct Traffic,Brand Awareness,First Touch,10602,771,44224.56,135,561465,7082,5,57.36,327.59,12.7
2025-03-04,Google Ads,App Install,Last Touch,27294,1978,72295.9,85,157250,19975,2,36.55,850.54,2.18
2025-04-17,Email,New Product Launch,Linear,29299,1285,53134.75,90,383850,21127,1,41.35,590.39,7.22
2025-04-25,Social Media,Loyalty,First Touch,36489,2547,31251.69,374,1310496,21522,5,12.27,83.56,41.93
2025-05-10,Google Ads,App Install,Last Touch,29552,1247,19914.59,164,382940,19673,1,15.97,121.43,19.23
2025-03-20,Social Media,Retargeting,Last Touch,18500,1116,33848.28,79,269943,12163,5,30.33,428.46,7.98
2025-06-22,Meta Ads,Lead Gen,Linear,27042,1616,52924.0,155,461745,19263,4,32.75,341.45,8.72
2025-03-23,Social Media,Brand Awareness,Last Touch,6228,259,6153.84,31,119536,6015,2,23.76,198.51,19.42
2025-06-13,Email,New Product Launch,Last Touch,40195,1939,65189.18,155,446555,38567,2,33.62,420.58,6.85
2025-02-06,Direct Traffic,Brand Awareness,Linear,22408,1480,77922.0,56,160048,15152,3,52.65,1391.46,2.05
2025-01-29,Email,New Product Launch,Last Touch,43911,2100,30450.0,79,110205,25552,1,14.5,385.44,3.62
2025-03-27,Direct Traffic,Winter Sale,Last Touch,34809,2489,119123.54,304,691904,25281,1,47.86,391.85,5.81
2025-06-18,Email,Lead Gen,Last Touch,13748,417,23773.17,41,133209,9632,4,57.01,579.83,5.6
2025-03-07,Google Ads,New Product Launch,Last Touch,22718,1337,61528.74,137,217830,17806,5,46.02,449.11,3.54
2025-03-26,Direct Traffic,Summer Sale,Last Touch,19024,1087,26446.71,71,127232,18300,3,24.33,372.49,4.81
2025-04-06,Email,Lead Gen,First Touch,49181,3196,156156.56,496,1582240,49062,5,48.86,314.83,10.13
2025-03-19,Display Ads,Summer Sale,Linear,11404,675,19527.75,35,118090,7852,1,28.93,557.94,6.05
2025-02-19,Display Ads,Retargeting,First Touch,18985,1224,51493.68,213,518868,16767,1,42.07,241.75,10.08
2025-03-18,Google Ads,App Install,First Touch,21490,946,36733.18,166,629970,12318,3,38.83,221.28,17.15
2025-05-07,Direct Traffic,Loyalty,Last Touch,21092,1654,23933.38,136,341088,19916,3,14.47,175.98,14.25
2025-01-11,Social Media,New Product Launch,Last Touch,23572,998,47764.28,35,108150,12202,2,47.86,1364.69,2.26
2025-06-05,Display Ads,Discount Offer,First Touch,10100,480,19209.6,16,21776,5909,4,40.02,1200.6,1.13
2025-01-10,Display Ads,App Install,Linear,47349,1713,16684.62,190,773300,43249,2,9.74,87.81,46.35
2025-05-16,Email,Summer Sale,Linear,11413,500,22295.0,23,102787,8697,5,44.59,969.35,4.61
2025-03-02,Direct Traffic,Lead Gen,Linear,32801,1532,66182.4,127,255270,30439,4,43.2,521.12,3.86
2025-03-03,Email,Summer Sale,Linear,39549,2201,22802.36,85,146540,24126,5,10.36,268.26,6.43
2025-05-18,Meta Ads,Winter Sale,First Touch,19000,642,16666.32,29,57826,9619,1,25.96,574.7,3.47
2025-03-11,Meta Ads,Brand Awareness,Linear,35677,2663,64204.93,276,681168,25266,4,24.11,232.63,10.61
2025-04-14,Direct Traffic,New Product Launch,Last Touch,36443,2286,104721.66,210,913080,20270,3,45.81,498.67,8.72
2025-05-14,Google Ads,New Product Launch,Linear,48749,1007,10754.76,99,411048,31855,3,10.68,108.63,38.22
2025-06-10,Display Ads,Summer Sale,Linear,15051,653,6079.43,36,93708,9011,4,9.31,168.87,15.41
2025-03-02,Direct Traffic,App Install,Linear,22328,1394,69142.4,71,232454,19734,4,49.6,973.84,3.36
2025-04-20,Social Media,Discount Offer,First Touch,13274,800,46208.0,119,223720,7255,3,57.76,388.3,4.84
2025-06-10,Direct Traffic,Retargeting,Last Touch,15424,1053,12951.9,48,153744,14181,5,12.3,269.83,11.87
2025-05-26,Meta Ads,Summer Sale,Linear,25062,1094,51888.42,85,193885,22839,3,47.43,610.45,3.74
2025-04-07,Email,New Product Launch,First Touch,29561,1808,44277.92,131,198072,16572,5,24.49,338.0,4.47
2025-01-25,Direct Traffic,Lead Gen,Linear,27453,689,19202.43,67,220631,14025,3,27.87,286.6,11.49
2025-02-06,Google Ads,New Product Launch,Linear,47471,2782,36750.22,330,996600,47402,4,13.21,111.36,27.12
2025-05-12,Email,Discount Offer,Linear,23314,1672,95019.76,115,453905,13861,2,56.83,826.26,4.78
2025-01-08,Google Ads,Winter Sale,Linear,39224,1358,28015.54,95,137180,22805,1,20.63,294.9,4.9
2025-02-17,Display Ads,Retargeting,Linear,18569,1386,11905.74,41,130052,15753,3,8.59,290.38,10.92
2025-04-30,Display Ads,Brand Awareness,Linear,42552,878,26278.54,113,337079,24828,5,29.93,232.55,12.83
2025-03-02,Display Ads,Festive Offer,First Touch,44564,1889,62582.57,242,973324,24434,4,33.13,258.61,15.55
2025-02-17,Google Ads,App Install,First Touch,7739,285,10037.7,30,104910,4071,3,35.22,334.59,10.45
2025-01-27,Social Media,Festive Offer,Linear,19573,443,23953.01,57,158745,14658,3,54.07,420.23,6.63
2025-04-13,Email,Loyalty,Last Touch,35622,1350,52137.0,57,77007,28391,2,38.62,914.68,1.48
2025-06-05,Direct Traffic,Brand Awareness,Last Touch,21395,1449,54467.91,253,1048938,18668,1,37.59,215.29,19.26
2025-02-28,Email,Retargeting,Last Touch,48385,3865,172649.55,461,1842156,25931,1,44.67,374.51,10.67
2025-05-22,Google Ads,Summer Sale,Linear,42609,1107,31715.55,123,439479,34124,4,28.65,257.85,13.86
2025-01-03,Display Ads,Winter Sale,First Touch,12724,987,55232.52,39,86541,11585,4,55.96,1416.22,1.57
2025-02-05,Email,Retargeting,Last Touch,5225,148,2054.24,17,73083,2714,5,13.88,120.84,35.58
2025-05-11,Display Ads,Summer Sale,Last Touch,38711,798,42270.06,135,290115,25875,3,52.97,313.11,6.86
2025-05-20,Meta Ads,Lead Gen,Last Touch,17591,1072,43223.04,45,129240,14727,4,40.32,960.51,2.99
2025-03-03,Email,Discount Offer,Last Touch,25414,1023,21677.37,118,514480,24016,3,21.19,183.71,23.73
2025-02-01,Google Ads,Retargeting,Linear,10340,395,21796.1,57,103512,9618,2,55.18,382.39,4.75
2025-02-18,Google Ads,Loyalty,Last Touch,29093,1477,60571.77,200,703800,24019,1,41.01,302.86,11.62
2025-02-26,Email,Loyalty,Last Touch,11551,572,19236.36,90,365760,5994,2,33.63,213.74,19.01
2025-01-09,Email,Festive Offer,Linear,34615,2577,140317.65,194,335620,25618,4,54.45,723.29,2.39
2025-01-02,Email,Discount Offer,Last Touch,21604,1133,22727.98,141,489834,20478,3,20.06,161.19,21.55
2025-02-23,Meta Ads,App Install,Last Touch,41609,1478,69924.18,144,410832,35795,4,47.31,485.58,5.88
2025-06-20,Display Ads,Brand Awareness,First Touch,30413,1118,26977.34,191,742417,29014,5,24.13,141.24,27.52
2025-04-27,Direct Traffic,New Product Launch,First Touch,46880,3082,146518.28,113,240012,29241,3,47.54,1296.62,1.64
2025-05-29,Display Ads,App Install,Last Touch,37759,2785,60518.05,446,747496,18889,3,21.73,135.69,12.35
2025-05-19,Email,Lead Gen,First Touch,43446,1659,88607.19,158,708472,28840,1,53.41,560.81,8.0
2025-05-19,Google Ads,Summer Sale,Last Touch,6280,448,23273.6,24,33840,5003,5,51.95,969.73,1.45
2025-05-30,Email,Loyalty,Linear,24588,1676,49442.0,79,129560,13133,4,29.5,625.85,2.62
2025-05-28,Display Ads,Festive Offer,Last Touch,34463,1437,61834.11,118,306564,32348,2,43.03,524.02,4.96
2025-05-12,Social Media,App Install,First Touch,15906,687,26092.26,51,131733,10151,1,37.98,511.61,5.05
2025-02-22,Social Media,Brand Awareness,Linear,38257,1356,59162.28,148,388944,32787,1,43.63,399.75,6.57
2025-04-22,Display Ads,Loyalty,Linear,44155,1365,72358.65,174,499380,24294,2,53.01,415.85,6.9
2025-05-13,Meta Ads,Festive Offer,Linear,36218,797,38184.27,76,228380,33058,4,47.91,502.42,5.98
2025-06-02,Email,App Install,First Touch,47877,1546,57789.48,237,424467,36266,2,37.38,243.84,7.35
2025-05-08,Display Ads,Loyalty,First Touch,34100,824,40244.16,31,92783,24860,3,48.84,1298.2,2.31
2025-02-01,Meta Ads,Lead Gen,Linear,32488,985,41724.6,34,115940,32084,2,42.36,1227.19,2.78
2025-03-15,Meta Ads,Retargeting,First Touch,17621,1076,52046.12,40,71440,12343,5,48.37,1301.15,1.37
2025-05-31,Meta Ads,Winter Sale,Last Touch,29843,637,18383.82,86,112832,28593,4,28.86,213.77,6.14
2025-05-25,Email,New Product Launch,Linear,5151,226,5848.88,11,28556,4367,5,25.88,531.72,4.88
2025-04-11,Email,Retargeting,Linear,25022,636,21814.8,42,173460,13306,1,34.3,519.4,7.95
2025-04-08,Email,Winter Sale,Linear,41417,1664,59321.6,244,633180,28749,1,35.65,243.12,10.67
2025-01-30,Social Media,Lead Gen,First Touch,21772,653,17108.6,50,89300,19559,1,26.2,342.17,5.22
2025-03-24,Meta Ads,App Install,Last Touch,24836,1943,52441.57,291,920724,21546,4,26.99,180.21,17.56
2025-05-21,Social Media,App Install,Linear,31010,671,11661.98,43,155531,17635,2,17.38,271.21,13.34
2025-02-01,Meta Ads,Discount Offer,Last Touch,7240,536,6882.24,93,235755,5914,4,12.84,74.0,34.26
2025-04-17,Meta Ads,Loyalty,Linear,48373,1349,67692.82,154,674674,40046,2,50.18,439.56,9.97
2025-05-13,Display Ads,New Product Launch,Linear,9999,350,5666.5,26,69758,8347,2,16.19,217.94,12.31
2025-05-28,Google Ads,App Install,Linear,42842,1865,44051.3,175,378000,27800,2,23.62,251.72,8.58
2025-05-19,Social Media,Lead Gen,First Touch,35867,727,18073.22,98,189336,35204,4,24.86,184.42,10.48
2025-03-21,Email,Discount Offer,First Touch,6389,184,2995.52,24,102720,3208,1,16.28,124.81,34.29
2025-05-06,Email,Winter Sale,Last Touch,22798,547,12209.04,57,100491,22188,1,22.32,214.19,8.23
2025-01-15,Email,Festive Offer,Last Touch,13625,987,24299.94,139,610766,7612,3,24.62,174.82,25.13
2025-02-13,Display Ads,Loyalty,Last Touch,21571,788,40117.08,50,207700,17309,1,50.91,802.34,5.18
2025-05-04,Social Media,Summer Sale,Last Touch,40576,3080,153568.8,185,656010,32492,5,49.86,830.1,4.27
2025-05-07,Meta Ads,New Product Launch,Linear,41398,1364,48858.48,172,506540,22303,1,35.82,284.06,10.37
2025-03-08,Email,App Install,Linear,15061,508,14665.96,20,84740,12966,5,28.87,733.3,5.78
2025-03-29,Social Media,Discount Offer,Linear,46567,2217,28754.49,81,132597,41813,4,12.97,354.99,4.61
2025-05-08,Social Media,App Install,Linear,13666,296,4354.16,12,20820,7211,1,14.71,362.85,4.78
2025-05-24,Meta Ads,Lead Gen,Linear,28123,775,15345.0,40,140560,21433,1,19.8,383.62,9.16
2025-03-10,Social Media,New Product Launch,Last Touch,43370,1753,28749.2,291,758637,39233,3,16.4,98.79,26.39
2025-03-24,Google Ads,Discount Offer,Last Touch,18828,1282,53318.38,54,197802,12115,1,41.59,987.38,3.71
2025-04-30,Email,App Install,Last Touch,12254,976,56686.08,163,395112,10725,4,58.08,347.77,6.97
2025-03-02,Social Media,Festive Offer,First Touch,30262,841,33026.07,90,309060,19026,1,39.27,366.96,9.36
2025-02-15,Email,Loyalty,Last Touch,34460,1176,65914.8,111,492063,32338,4,56.05,593.83,7.47
2025-02-13,Email,Winter Sale,First Touch,46638,1788,72843.12,145,354670,43721,4,40.74,502.37,4.87
2025-05-13,Display Ads,Retargeting,Linear,29667,1237,16996.38,204,873528,26482,3,13.74,83.32,51.39
2025-02-27,Social Media,Brand Awareness,First Touch,45198,3387,35360.28,511,1178366,40095,1,10.44,69.2,33.32
2025-06-14,Email,Retargeting,Last Touch,35860,1967,58577.26,73,96725,19563,5,29.78,802.43,1.65
2025-03-15,Google Ads,Loyalty,First Touch,32456,2010,66551.1,204,351288,20946,2,33.11,326.23,5.28
2025-04-14,Display Ads,Retargeting,First Touch,28984,1034,16544.0,36,104004,27302,5,16.0,459.56,6.29
2025-03-01,Google Ads,Loyalty,First Touch,22591,1702,69339.48,66,106260,22415,3,40.74,1050.6,1.53
2025-02-07,Display Ads,New Product Launch,First Touch,12448,810,14247.9,46,113712,6763,3,17.59,309.74,7.98
2025-05-06,Email,Festive Offer,Linear,5835,424,17371.28,45,77175,5417,2,40.97,386.03,4.44
2025-02-25,Email,Loyalty,Linear,22884,1073,25666.16,57,194142,21884,2,23.92,450.28,7.56
2025-06-15,Email,Loyalty,Last Touch,49852,2239,98650.34,331,1477915,27626,3,44.06,298.04,14.98
2025-03-05,Social Media,Brand Awareness,First Touch,15889,728,40374.88,102,316608,13912,2,55.46,395.83,7.84
2025-04-14,Email,Brand Awareness,First Touch,18290,523,19486.98,60,244800,10055,4,37.26,324.78,12.56
2025-03-18,Display Ads,Festive Offer,First Touch,47265,1829,28477.53,192,426432,46755,3,15.57,148.32,14.97
2025-03-23,Email,Brand Awareness,Linear,23621,721,15090.53,64,205952,21618,2,20.93,235.79,13.65
2025-06-30,Direct Traffic,Brand Awareness,Linear,33368,1554,41818.14,247,873886,24044,5,26.91,169.3,20.9
2025-02-20,Email,New Product Launch,Linear,42654,1877,16893.0,146,301928,40658,2,9.0,115.71,17.87
2025-06-26,Email,Retargeting,Linear,35723,1910,37378.7,188,416608,34603,1,19.57,198.82,11.15
2025-02-26,Meta Ads,Brand Awareness,Last Touch,20233,741,15501.72,122,485804,13527,1,20.92,127.06,31.34
2025-02-16,Meta Ads,Festive Offer,Last Touch,11649,823,13110.39,118,264084,6001,5,15.93,111.1,20.14
2025-05-18,Email,New Product Launch,Linear,35057,1031,21207.67,84,212268,19907,4,20.57,252.47,10.01
2025-01-13,Meta Ads,New Product Launch,First Touch,26407,679,6430.13,92,248124,19043,3,9.47,69.89,38.59
2025-05-17,Display Ads,Brand Awareness,Linear,22483,1304,57780.24,92,167716,21851,3,44.31,628.05,2.9
2025-03-29,Display Ads,Winter Sale,First Touch,10157,564,9097.32,85,132430,6156,3,16.13,107.03,14.56
2025-03-01,Social Media,Brand Awareness,Last Touch,38873,953,12141.22,64,268864,30749,1,12.74,189.71,22.14
2025-03-31,Direct Traffic,New Product Launch,Linear,25320,1434,30400.8,206,304880,22760,4,21.2,147.58,10.03
2025-01-29,Email,App Install,Last Touch,28458,1416,20262.96,240,712800,27295,2,14.31,84.43,35.18
2025-02-14,Social Media,Retargeting,Last Touch,31842,1106,57147.02,104,442104,22646,2,51.67,549.49,7.74
2025-01-20,Direct Traffic,Lead Gen,Linear,28899,2124,96089.76,139,241582,14600,1,45.24,691.29,2.51
2025-04-28,Display Ads,Discount Offer,Last Touch,7722,288,3124.8,34,132634,5439,5,10.85,91.91,42.45
2025-04-02,Direct Traffic,Festive Offer,Linear,34189,1628,19568.56,95,197885,30937,1,12.02,205.98,10.11
2025-05-10,Google Ads,Loyalty,First Touch,12163,275,15306.5,39,113490,12083,1,55.66,392.47,7.41
2025-01-13,Direct Traffic,New Product Launch,Linear,14751,724,25122.8,76,121752,11781,5,34.7,330.56,4.85
2025-02-23,Google Ads,Winter Sale,Last Touch,48020,1290,73259.1,146,243236,37367,5,56.79,501.77,3.32
2025-05-02,Direct Traffic,Lead Gen,Linear,28089,711,35905.5,59,172398,23806,1,50.5,608.57,4.8
2025-03-31,Direct Traffic,Brand Awareness,Linear,43745,1877,111963.05,269,913524,27125,4,59.65,416.22,8.16
2025-05-03,Meta Ads,Lead Gen,First Touch,5788,282,4545.84,29,35003,5508,5,16.12,156.75,7.7
2025-01-29,Direct Traffic,Winter Sale,Last Touch,15114,875,27842.5,72,169776,7702,4,31.82,386.7,6.1
2025-05-13,Meta Ads,Brand Awareness,Linear,19545,449,12940.18,43,143233,19340,5,28.82,300.93,11.07
2025-04-06,Google Ads,Winter Sale,Last Touch,23615,1333,24833.79,132,201300,16070,4,18.63,188.13,8.11
2025-05-04,Email,Loyalty,First Touch,33493,1431,49784.49,132,359832,18986,5,34.79,377.16,7.23
2025-03-28,Display Ads,Discount Offer,First Touch,32851,1256,38207.52,103,379864,28399,4,30.42,370.95,9.94
2025-02-23,Email,New Product Launch,First Touch,38015,871,35310.34,83,299630,23809,1,40.54,425.43,8.49
2025-01-09,Meta Ads,Summer Sale,Linear,27682,1265,60011.6,78,339768,21536,4,47.44,769.38,5.66
2025-05-04,Meta Ads,Brand Awareness,Linear,18111,470,15862.5,53,87079,11690,4,33.75,299.29,5.49
2025-01-28,Email,Winter Sale,Linear,36489,2203,19077.98,100,227500,20130,2,8.66,190.78,11.92
2025-04-06,Email,Summer Sale,Last Touch,6558,390,23333.7,29,38512,5356,1,59.83,804.61,1.65
2025-06-20,Social Media,Loyalty,Linear,18682,1010,34127.9,125,271250,17867,5,33.79,273.02,7.95
2025-05-03,Meta Ads,Winter Sale,Last Touch,11382,495,4301.55,74,322714,8001,2,8.69,58.13,75.02
2025-05-15,Meta Ads,Brand Awareness,First Touch,6960,381,8812.53,29,107851,4738,5,23.13,303.88,12.24
2025-02-27,Google Ads,App Install,Linear,23217,612,36450.72,70,268590,18370,3,59.56,520.72,7.37
2025-03-11,Display Ads,Festive Offer,First Touch,38553,2203,97042.15,184,614008,31648,2,44.05,527.4,6.33
2025-02-07,Email,Retargeting,Last Touch,26450,1531,16687.9,84,186732,13837,2,10.9,198.67,11.19
2025-02-27,Email,Brand Awareness,Last Touch,30050,1941,61102.68,305,493490,18047,3,31.48,200.34,8.08
2025-01-21,Direct Traffic,Summer Sale,Linear,41953,2693,137235.28,122,404430,41588,2,50.96,1124.88,2.95
2025-05-10,Google Ads,Summer Sale,First Touch,32054,1415,14517.9,157,262190,29950,2,10.26,92.47,18.06
2025-02-25,Social Media,Retargeting,Last Touch,39550,2104,101223.44,216,802440,20877,5,48.11,468.63,7.93
2025-05-23,Display Ads,New Product Launch,Last Touch,10432,412,13443.56,50,172950,7524,3,32.63,268.87,12.86
2025-03-19,Meta Ads,Brand Awareness,First Touch,15490,1052,22618.0,119,265132,12141,5,21.5,190.07,11.72
2025-04-11,Meta Ads,Discount Offer,First Touch,35244,1201,14399.99,102,216954,20036,1,11.99,141.18,15.07
2025-05-17,Google Ads,Retargeting,Last Touch,49501,2120,81683.6,102,232458,28732,5,38.53,800.82,2.85
2025-03-05,Direct Traffic,Loyalty,Last Touch,5419,232,2150.64,22,96910,3087,5,9.27,97.76,45.06
2025-05-26,Direct Traffic,Discount Offer,First Touch,43021,2936,117469.36,411,1129839,41146,2,40.01,285.81,9.62
2025-03-19,Direct Traffic,App Install,Last Touch,41713,2216,107276.56,162,224370,28079,3,48.41,662.2,2.09
2025-01-21,Email,Discount Offer,First Touch,9571,487,6701.12,77,269731,5633,3,13.76,87.03,40.25
2025-01-03,Email,Discount Offer,Linear,20168,592,24319.36,57,205485,10120,3,41.08,426.66,8.45
2025-03-21,Display Ads,Brand Awareness,Linear,28668,1285,48534.45,91,126945,27550,4,37.77,533.35,2.62
2025-04-27,Google Ads,Winter Sale,Linear,37986,1805,34403.3,60,97680,27600,3,19.06,573.39,2.84
2025-04-10,Email,Summer Sale,Last Touch,13201,1013,16137.09,80,250720,11512,3,15.93,201.71,15.54
2025-01-14,Display Ads,Winter Sale,First Touch,19580,643,38348.52,62,139934,19302,5,59.64,618.52,3.65
2025-05-15,Display Ads,Brand Awareness,Linear,20051,698,9450.92,44,187528,14758,1,13.54,214.79,19.84
2025-02-17,Direct Traffic,Festive Offer,Last Touch,9640,195,5467.8,12,35364,8513,3,28.04,455.65,6.47
2025-03-01,Google Ads,Lead Gen,First Touch,27785,1370,78487.3,90,360630,27597,1,57.29,872.08,4.59
2025-01-21,Google Ads,Lead Gen,Linear,31610,1853,43286.08,274,514572,21082,2,23.36,157.98,11.89
2025-04-12,Google Ads,Festive Offer,Last Touch,6397,151,4668.92,26,73788,5098,5,30.92,179.57,15.8
2025-03-18,Social Media,Festive Offer,Linear,46690,2569,89863.62,181,404173,40278,1,34.98,496.48,4.5
2025-04-30,Google Ads,New Product Launch,Last Touch,11981,257,2770.46,42,187656,9828,1,10.78,65.96,67.73
2025-01-19,Display Ads,App Install,First Touch,47850,2336,88417.6,178,357424,30543,1,37.85,496.73,4.04
2025-04-24,Social Media,Discount Offer,First Touch,9842,458,17326.14,65,91845,5220,3,37.83,266.56,5.3
2025-06-07,Google Ads,Retargeting,First Touch,22566,839,10470.72,147,391020,16758,5,12.48,71.23,37.34
2025-04-19,Display Ads,Winter Sale,First Touch,20228,687,29142.54,51,179112,16784,3,42.42,571.42,6.15
2025-04-06,Meta Ads,New Product Launch,Linear,12136,592,25657.28,90,375930,7986,3,43.34,285.08,14.65
2025-03-04,Google Ads,Brand Awareness,Last Touch,45448,2803,107775.35,159,598794,35969,3,38.45,677.83,5.56
2025-02-24,Direct Traffic,Festive Offer,Linear,12318,953,38024.7,121,371349,8087,1,39.9,314.25,9.77
2025-04-27,Meta Ads,Loyalty,Last Touch,33021,2036,32677.8,215,889885,21498,2,16.05,151.99,27.23
2025-05-24,Email,Lead Gen,Last Touch,26598,2079,42972.93,256,809472,24093,4,20.67,167.86,18.84
2025-05-22,Display Ads,Discount Offer,Last Touch,10127,804,46527.48,57,115254,6081,4,57.87,816.27,2.48
2025-06-05,Display Ads,App Install,First Touch,33208,675,18171.0,85,268260,24107,3,26.92,213.78,14.76
2025-04-29,Social Media,Retargeting,First Touch,12958,561,14378.43,49,176694,11044,5,25.63,293.44,12.29
2025-02-18,Email,Winter Sale,Last Touch,24808,1092,55277.04,120,436920,19741,1,50.62,460.64,7.9
2025-01-27,Email,Summer Sale,Last Touch,36850,747,39919.68,89,193308,26634,2,53.44,448.54,4.84
2025-05-02,Direct Traffic,Discount Offer,Linear,40455,3201,91772.67,454,825372,32092,3,28.67,202.14,8.99
2025-02-02,Social Media,Brand Awareness,Last Touch,6563,375,6386.25,66,81114,3477,1,17.03,96.76,12.7
2025-01-29,Direct Traffic,Brand Awareness,First Touch,26410,1200,35508.0,188,579416,16359,5,29.59,188.87,16.32
2025-03-08,Email,Loyalty,Linear,38703,964,55208.28,152,183008,20887,5,57.27,363.21,3.31
2025-05-12,Meta Ads,New Product Launch,Linear,24854,1490,41004.8,172,242348,23574,5,27.52,238.4,5.91
2025-04-14,Display Ads,Retargeting,First Touch,49161,3732,44149.56,259,588966,41921,1,11.83,170.46,13.34
2025-05-07,Direct Traffic,App Install,Linear,21057,1214,35764.44,200,537200,15721,4,29.46,178.82,15.02
2025-01-18,Social Media,Retargeting,First Touch,9706,643,22877.94,32,56704,5024,4,35.58,714.94,2.48
2025-02-24,Google Ads,Lead Gen,Linear,31059,2152,30816.64,188,716844,25845,2,14.32,163.92,23.26
2025-01-08,Meta Ads,New Product Launch,Last Touch,22157,1459,64035.51,139,302603,18017,5,43.89,460.69,4.73
2025-02-18,Email,Loyalty,Linear,9333,418,13396.9,29,63742,5873,2,32.05,461.96,4.76
2025-05-28,Direct Traffic,Discount Offer,Linear,42458,2719,114877.75,480,851040,38715,2,42.25,239.33,7.41
2025-06-12,Display Ads,App Install,First Touch,16456,704,27688.32,69,156285,13485,2,39.33,401.28,5.64
2025-02-17,Email,Retargeting,Linear,32162,2112,45239.04,279,652860,28534,2,21.42,162.15,14.43
2025-06-11,Display Ads,Lead Gen,Last Touch,38246,1024,59944.96,48,118368,26415,2,58.54,1248.85,1.97
2025-01-12,Display Ads,Winter Sale,First Touch,44649,2788,25872.64,318,1005198,25114,3,9.28,81.36,38.85
2025-03-23,Direct Traffic,Summer Sale,Linear,49224,2933,129345.3,427,1191757,47503,2,44.1,302.92,9.21
2025-05-04,Social Media,App Install,Linear,8416,255,6765.15,11,20042,4337,3,26.53,615.01,2.96
2025-04-10,Meta Ads,App Install,First Touch,12617,564,30506.76,98,276262,12245,1,54.09,311.29,9.06
2025-02-25,Meta Ads,New Product Launch,Last Touch,38339,1449,51917.67,44,164956,29637,3,35.83,1179.95,3.18
2025-06-18,Social Media,Loyalty,Linear,37093,1784,35358.88,175,781025,24954,5,19.82,202.05,22.09
2025-04-02,Display Ads,Loyalty,Last Touch,27692,665,38576.65,101,226543,25639,4,58.01,381.95,5.87
2025-03-10,Direct Traffic,Discount Offer,First Touch,9219,449,8647.74,39,119613,4706,2,19.26,221.74,13.83
2025-05-16,Display Ads,Retargeting,Last Touch,30752,2382,76414.56,225,365175,18002,3,32.08,339.62,4.78
2025-05-23,Email,Retargeting,First Touch,18631,406,3552.5,14,39606,13398,1,8.75,253.75,11.15
2025-05-11,Direct Traffic,Retargeting,Linear,15887,916,54685.2,104,342576,11763,2,59.7,525.82,6.26
2025-02-13,Google Ads,Brand Awareness,Last Touch,49757,3133,110563.57,133,506331,39341,2,35.29,831.31,4.58
2025-04-20,Email,Winter Sale,Linear,27867,807,6568.98,40,58480,24044,4,8.14,164.22,8.9
2025-01-06,Social Media,Winter Sale,First Touch,40702,1961,100285.54,79,315368,25599,4,51.14,1269.44,3.14
2025-06-06,Direct Traffic,Festive Offer,First Touch,46237,2022,23131.68,250,1048000,33840,3,11.44,92.53,45.31
2025-03-26,Google Ads,Brand Awareness,First Touch,28817,2106,20386.08,99,241857,25690,5,9.68,205.92,11.86
2025-03-07,Direct Traffic,Retargeting,First Touch,33132,2406,45280.92,89,183251,30274,1,18.82,508.77,4.05
2025-04-26,Meta Ads,Retargeting,First Touch,26118,582,27225.96,63,76293,24616,2,46.78,432.16,2.8
2025-06-21,Email,Retargeting,Linear,22999,732,23248.32,110,390720,13378,4,31.76,211.35,16.81
2025-05-27,Meta Ads,Lead Gen,First Touch,44724,1194,35354.34,106,180942,36190,4,29.61,333.53,5.12
2025-06-06,Display Ads,Lead Gen,Last Touch,49306,1890,39557.7,299,670059,36902,3,20.93,132.3,16.94
2025-03-06,Google Ads,Brand Awareness,Last Touch,11526,531,11533.32,52,68900,11380,5,21.72,221.79,5.97
2025-03-15,Email,Summer Sale,Linear,6800,176,8078.4,7,20069,4626,2,45.9,1154.06,2.48
2025-05-29,Display Ads,Retargeting,Linear,5235,288,6733.44,13,15912,3918,1,23.38,517.96,2.36
2025-06-17,Social Media,Festive Offer,Linear,42561,3349,99197.38,467,2038455,27674,1,29.62,212.41,20.55
2025-03-26,Meta Ads,Summer Sale,Last Touch,15472,957,42308.97,47,209056,12263,1,44.21,900.19,4.94
2025-03-25,Social Media,Lead Gen,First Touch,34886,2053,84316.71,133,307230,19319,3,41.07,633.96,3.64
2025-05-08,Display Ads,Retargeting,Last Touch,49326,1573,42360.89,229,356324,28457,3,26.93,184.98,8.41
2025-02-10,Email,Summer Sale,Linear,49946,2303,40164.32,222,760350,43066,5,17.44,180.92,18.93
2025-02-15,Display Ads,Brand Awareness,First Touch,10403,821,18365.77,96,208704,5363,3,22.37,191.31,11.36
2025-04-02,Social Media,Lead Gen,First Touch,43863,2116,108995.16,200,894600,32072,2,51.51,544.98,8.21
2025-02-15,Social Media,New Product Launch,Last Touch,26527,2057,98612.58,265,713380,23032,2,47.94,372.12,7.23
2025-01-12,Email,Summer Sale,Linear,31657,1474,45900.36,176,274736,17580,2,31.14,260.8,5.99
2025-04-25,Social Media,Lead Gen,First Touch,6200,387,18363.15,38,67792,4911,3,47.45,483.24,3.69
2025-03-25,Direct Traffic,Discount Offer,First Touch,30497,610,22960.4,99,263340,23941,5,37.64,231.92,11.47
2025-04-29,Google Ads,Discount Offer,Last Touch,48207,3649,61047.77,173,352920,30703,4,16.73,352.88,5.78
2025-05-14,Social Media,Festive Offer,First Touch,5508,412,7490.16,40,159520,3042,2,18.18,187.25,21.3
2025-06-21,Social Media,Loyalty,Linear,43450,2478,49113.96,329,1062670,30925,4,19.82,149.28,21.64
2025-01-28,Direct Traffic,Discount Offer,Linear,21149,1349,50938.24,193,610266,20032,5,37.76,263.93,11.98
2025-02-02,Display Ads,Discount Offer,Linear,26519,1637,92686.94,273,573846,16720,5,56.62,339.51,6.19
2025-06-23,Display Ads,Lead Gen,Linear,49343,2031,103763.79,217,912485,45731,5,51.09,478.17,8.79
2025-06-07,Social Media,Festive Offer,Linear,47726,1254,60430.26,86,185846,42717,4,48.19,702.68,3.08
2025-04-12,Direct Traffic,New Product Launch,First Touch,42255,866,7109.86,56,201880,30451,5,8.21,126.96,28.39
2025-05-30,Social Media,Winter Sale,Last Touch,25488,1217,66728.11,156,698256,17818,3,54.83,427.74,10.46
2025-01-29,Google Ads,App Install,Last Touch,43111,3204,54019.44,300,833700,42534,3,16.86,180.06,15.43
2025-03-14,Direct Traffic,New Product Launch,Last Touch,34617,2416,144138.56,112,313712,18323,3,59.66,1286.95,2.18
2025-03-05,Email,Loyalty,Linear,38776,1262,50202.36,100,376600,37990,1,39.78,502.02,7.5
2025-04-29,Social Media,Loyalty,Last Touch,28846,1453,35366.02,154,325402,25431,4,24.34,229.65,9.2
2025-03-26,Display Ads,Lead Gen,First Touch,29799,1448,34882.32,222,545010,25994,1,24.09,157.13,15.62
2025-05-06,Direct Traffic,New Product Launch,First Touch,34023,2011,26323.99,267,829836,32270,4,13.09,98.59,31.52
2025-01-25,Direct Traffic,New Product Launch,Last Touch,48095,1035,41989.95,107,362623,31187,4,40.57,392.43,8.64
2025-05-30,Meta Ads,Retargeting,First Touch,17934,1128,38408.4,81,175527,12065,4,34.05,474.18,4.57
2025-05-29,Social Media,Loyalty,Last Touch,13512,1043,26408.76,151,631482,8290,2,25.32,174.89,23.91
2025-01-23,Meta Ads,Festive Offer,Last Touch,17816,525,10694.25,70,287770,14331,1,20.37,152.78,26.91
2025-03-14,Social Media,App Install,First Touch,22202,1235,13325.65,62,106888,15126,3,10.79,214.93,8.02
2025-05-04,Display Ads,Discount Offer,Last Touch,32779,2213,55656.95,77,169015,28085,3,25.15,722.82,3.04
2025-04-05,Email,App Install,First Touch,14751,327,9607.26,32,48032,8968,4,29.38,300.23,5.0
2025-03-21,Email,Summer Sale,Linear,22963,1560,77313.6,72,133560,13246,5,49.56,1073.8,1.73
2025-05-25,Meta Ads,Loyalty,First Touch,46606,1344,58060.8,192,241536,37015,3,43.2,302.4,4.16
2025-01-08,Display Ads,Festive Offer,First Touch,15080,454,7159.58,80,308640,9480,1,15.77,89.49,43.11
2025-04-04,Display Ads,Winter Sale,Last Touch,32475,1735,45699.9,226,508726,22315,3,26.34,202.21,11.13
2025-03-24,Email,Loyalty,Last Touch,8345,230,6718.3,31,91605,4226,4,29.21,216.72,13.64
2025-05-08,Display Ads,Lead Gen,Linear,49050,1898,93514.46,123,216480,40520,4,49.27,760.28,2.31
2025-02-19,Social Media,Loyalty,First Touch,22226,1349,39633.62,46,88688,15113,4,29.38,861.6,2.24
2025-05-25,Display Ads,Retargeting,Last Touch,41884,881,50428.44,50,72700,39430,4,57.24,1008.57,1.44
2025-04-06,Email,Brand Awareness,Last Touch,11827,561,22153.89,53,163929,6107,1,39.49,418.0,7.4
2025-03-29,Direct Traffic,Discount Offer,First Touch,7534,175,6714.75,10,24670,6272,1,38.37,671.48,3.67
2025-04-28,Display Ads,Loyalty,Last Touch,15721,1175,32759.0,163,563491,13177,2,27.88,200.98,17.2
2025-06-25,Meta Ads,New Product Launch,Linear,46628,3325,39135.25,397,1416099,35697,5,11.77,98.58,36.18
2025-02-07,Google Ads,Brand Awareness,Last Touch,19701,423,5253.66,23,66953,10540,1,12.42,228.42,12.74
2025-05-24,Meta Ads,Retargeting,Linear,20281,1199,37300.89,86,263074,11027,3,31.11,433.73,7.05
2025-03-15,Social Media,Lead Gen,Last Touch,37177,2383,85406.72,230,432860,36528,2,35.84,371.33,5.07
2025-01-16,Display Ads,New Product Launch,First Touch,15405,948,33142.08,127,538607,7913,1,34.96,260.96,16.25
2025-02-12,Display Ads,Loyalty,Linear,8474,627,13449.15,84,226548,8359,5,21.45,160.11,16.84
2025-03-24,Meta Ads,Winter Sale,Last Touch,31761,660,24769.8,100,127900,26476,4,37.53,247.7,5.16
2025-03-09,Display Ads,Retargeting,Linear,46132,1634,82451.64,133,356573,38173,2,50.46,619.94,4.32
2025-04-26,Social Media,App Install,Linear,21423,1031,37600.57,113,142041,17944,1,36.47,332.75,3.78
2025-06-28,Direct Traffic,Loyalty,Last Touch,32300,1262,40813.08,184,260544,23260,1,32.34,221.81,6.38
2025-02-06,Social Media,Lead Gen,Linear,44758,2113,118137.83,236,433060,35449,5,55.91,500.58,3.67
2025-01-16,Social Media,Retargeting,Linear,14609,1075,46999.0,43,164991,13496,4,43.72,1093.0,3.51
2025-03-07,Google Ads,App Install,First Touch,5085,205,10869.1,8,26504,4279,1,53.02,1358.64,2.44
2025-03-27,Display Ads,Festive Offer,Linear,38771,800,14776.0,106,405556,32538,4,18.47,139.4,27.45
2025-03-20,Display Ads,Loyalty,Last Touch,46679,1113,35883.12,120,204480,29047,3,32.24,299.03,5.7
2025-02-04,Social Media,Summer Sale,First Touch,29450,1776,39143.04,276,1226268,15020,1,22.04,141.82,31.33
2025-05-28,Social Media,Discount Offer,Linear,41462,2523,93149.16,273,330603,24614,4,36.92,341.21,3.55
2025-01-01,Direct Traffic,Lead Gen,Linear,49902,2196,117178.56,99,187902,26242,4,53.36,1183.62,1.6
2025-04-30,Direct Traffic,Discount Offer,Linear,8592,414,9451.62,30,63630,7774,5,22.83,315.05,6.73
2025-05-29,Email,App Install,Linear,29858,1408,22373.12,234,675792,16292,1,15.89,95.61,30.21
2025-03-25,Google Ads,Discount Offer,First Touch,42398,3201,34122.66,321,524514,37463,5,10.66,106.3,15.37
2025-04-03,Google Ads,Retargeting,First Touch,29394,672,17539.2,49,153811,17375,2,26.1,357.94,8.77
2025-06-30,Direct Traffic,Loyalty,First Touch,7147,178,10585.66,9,28143,5065,5,59.47,1176.18,2.66
2025-06-04,Display Ads,Winter Sale,Linear,35193,2127,89355.27,338,867646,25134,5,42.01,264.36,9.71
2025-04-19,Email,Loyalty,Linear,34576,2243,47618.89,323,845937,22247,4,21.23,147.43,17.76
2025-06-19,Direct Traffic,Loyalty,Linear,21902,1317,21888.54,95,271320,15607,1,16.62,230.41,12.4
2025-03-31,Direct Traffic,New Product Launch,Last Touch,24118,539,26545.75,71,191700,13581,2,49.25,373.88,7.22
2025-03-03,Display Ads,Loyalty,First Touch,34107,2297,113471.8,205,727340,31709,4,49.4,553.52,6.41
2025-05-17,Google Ads,Festive Offer,First Touch,39746,1558,52675.98,67,298753,34874,3,33.81,786.21,5.67
2025-06-03,Direct Traffic,Brand Awareness,Last Touch,39141,1483,67669.29,159,241998,28582,3,45.63,425.59,3.58
2025-05-31,Social Media,Brand Awareness,Linear,8821,288,14575.68,23,65343,5810,3,50.61,633.73,4.48
2025-01-12,Direct Traffic,Summer Sale,Last Touch,21743,781,7333.59,95,330980,18026,2,9.39,77.2,45.13
2025-02-16,Email,Summer Sale,First Touch,25797,740,22903.0,87,139026,14807,1,30.95,263.25,6.07
2025-06-27,Google Ads,Lead Gen,Last Touch,9641,749,15736.49,98,322910,9357,3,21.01,160.58,20.52
2025-06-02,Meta Ads,Retargeting,First Touch,20909,866,32908.0,41,161007,13888,1,38.0,802.63,4.89
2025-06-18,Display Ads,New Product Launch,Linear,23022,1417,74066.59,44,189640,12164,2,52.27,1683.33,2.56
2025-02-07,Direct Traffic,Festive Offer,Last Touch,15149,617,35989.61,64,111936,7644,3,58.33,562.34,3.11
2025-03-26,Email,Lead Gen,First Touch,42646,2175,117428.25,223,990566,39281,1,53.99,526.58,8.44
2025-06-06,Meta Ads,Discount Offer,Last Touch,35833,2805,59690.4,390,915330,32558,3,21.28,153.05,15.33
2025-04-09,Google Ads,Winter Sale,First Touch,43264,1508,47788.52,68,282404,39577,3,31.69,702.77,5.91
2025-06-24,Display Ads,Retargeting,First Touch,22186,1015,32297.3,106,359552,11869,3,31.82,304.69,11.13
2025-03-30,Meta Ads,Loyalty,First Touch,32775,1532,87354.64,144,469728,31296,5,57.02,606.63,5.38
2025-05-19,Social Media,App Install,Last Touch,26669,1002,25180.26,68,207468,25761,3,25.13,370.3,8.24
2025-01-18,Meta Ads,Winter Sale,First Touch,12572,943,52958.88,47,168260,11954,2,56.16,1126.78,3.18
2025-04-17,Google Ads,Summer Sale,Linear,33505,1035,32695.65,134,195908,23593,3,31.59,244.0,5.99
2025-04-07,Meta Ads,Lead Gen,Linear,6783,180,9306.0,28,94136,4563,3,51.7,332.36,10.12
2025-05-03,Social Media,New Product Launch,Last Touch,48848,2001,28374.18,326,872050,37845,5,14.18,87.04,30.73
2025-04-13,Meta Ads,Retargeting,Linear,20728,1493,16766.39,255,792030,10826,4,11.23,65.75,47.24
2025-03-27,Social Media,Winter Sale,Linear,6982,502,29281.66,22,29546,4028,2,58.33,1330.98,1.01
2025-04-26,Direct Traffic,Winter Sale,First Touch,21257,492,25347.84,85,163285,18689,1,51.52,298.21,6.44
2025-05-18,Display Ads,Retargeting,Last Touch,24546,1163,62185.61,107,155792,13995,2,53.47,581.17,2.51
2025-06-10,Google Ads,New Product Launch,Linear,5939,293,15256.51,33,105567,5179,1,52.07,462.32,6.92
2025-04-12,Display Ads,Discount Offer,Last Touch,24582,1003,52968.43,79,224597,18462,2,52.81,670.49,4.24
2025-04-01,Display Ads,Summer Sale,Linear,24428,605,34097.8,33,114048,23365,5,56.36,1033.27,3.34
2025-02-15,Email,Retargeting,First Touch,16229,1215,42780.15,134,398248,12898,1,35.21,319.25,9.31
2025-03-22,Social Media,Winter Sale,Last Touch,43622,3286,129797.0,473,907687,39402,5,39.5,274.41,6.99
2025-02-10,Direct Traffic,Lead Gen,Last Touch,34426,2513,63000.91,92,140208,24429,2,25.07,684.79,2.23
2025-06-07,Social Media,Lead Gen,Last Touch,10974,741,35004.84,40,170160,6792,1,47.24,875.12,4.86
2025-02-23,Display Ads,Festive Offer,Linear,33605,2648,38634.32,255,1088085,32548,5,14.59,151.51,28.16
2025-04-10,Meta Ads,Festive Offer,Linear,48476,3231,57124.08,166,513770,48446,4,17.68,344.12,8.99
2025-01-08,Direct Traffic,New Product Launch,First Touch,5412,272,15085.12,26,55302,3806,4,55.46,580.2,3.67
2025-01-21,Direct Traffic,Brand Awareness,Last Touch,16927,1014,20107.62,64,243968,14147,3,19.83,314.18,12.13
2025-05-03,Meta Ads,Summer Sale,Last Touch,16369,516,21579.12,81,247455,12277,1,41.82,266.41,11.47
2025-01-15,Email,Summer Sale,First Touch,27259,1413,63161.1,141,204309,15690,4,44.7,447.95,3.23
2025-02-26,Direct Traffic,Retargeting,First Touch,41094,1671,93692.97,162,209304,30776,2,56.07,578.35,2.23
2025-03-07,Google Ads,Retargeting,Last Touch,27425,1104,60973.92,119,496825,26651,2,55.23,512.39,8.15
2025-05-29,Display Ads,App Install,Linear,7534,283,3795.03,28,97580,5968,1,13.41,135.54,25.71
2025-04-03,Social Media,Festive Offer,Linear,23709,1042,43284.68,67,187667,17478,4,41.54,646.04,4.34
2025-06-05,Google Ads,Winter Sale,Last Touch,38744,2335,127677.8,331,981746,35738,2,54.68,385.73,7.69
2025-02-23,Meta Ads,Retargeting,Linear,9623,749,12343.52,83,211816,7696,5,16.48,148.72,17.16
2025-04-30,Direct Traffic,App Install,First Touch,5692,338,10143.38,18,71532,5364,3,30.01,563.52,7.05
2025-03-22,Social Media,Loyalty,Linear,23287,1805,54023.65,62,179118,12036,5,29.93,871.35,3.32
2025-06-02,Email,New Product Launch,First Touch,10579,293,13290.48,18,39654,10006,5,45.36,738.36,2.98
2025-01-08,Direct Traffic,Discount Offer,First Touch,38066,1900,100871.0,164,562356,26367,2,53.09,615.07,5.58
2025-04-02,Display Ads,Lead Gen,Linear,8495,333,18035.28,48,72480,4559,5,54.16,375.73,4.02
2025-06-22,Google Ads,Discount Offer,Last Touch,19316,625,14106.25,94,238290,16272,4,22.57,150.07,16.89
2025-01-06,Meta Ads,App Install,Last Touch,15859,803,25663.88,144,397440,10925,5,31.96,178.22,15.49
2025-04-21,Direct Traffic,Loyalty,Last Touch,35322,2183,83456.09,359,950273,33869,3,38.23,232.47,11.39
2025-05-26,Email,Loyalty,Linear,29304,2302,21454.64,187,721072,18584,4,9.32,114.73,33.61
2025-02-04,Social Media,Discount Offer,Last Touch,12519,475,12806.0,77,182644,6867,5,26.96,166.31,14.26
2025-02-27,Social Media,Summer Sale,First Touch,25509,710,37182.7,116,207292,13764,4,52.37,320.54,5.57
2025-06-21,Social Media,Lead Gen,First Touch,9869,430,10444.7,69,255231,6449,1,24.29,151.37,24.44
2025-03-18,Email,App Install,Last Touch,24388,955,10619.6,57,252681,23086,2,11.12,186.31,23.79
2025-05-02,Direct Traffic,Festive Offer,Linear,22175,1059,9891.06,147,505680,13405,3,9.34,67.29,51.12
2025-01-15,Meta Ads,Summer Sale,Linear,20857,632,35853.36,93,392646,15089,3,56.73,385.52,10.95
2025-01-03,Direct Traffic,Retargeting,Linear,18125,1448,44453.6,106,472018,9423,5,30.7,419.37,10.62
2025-03-06,Google Ads,Retargeting,Linear,10803,749,41090.14,63,245889,6750,3,54.86,652.22,5.98
2025-05-03,Social Media,Summer Sale,Linear,42236,999,9390.6,168,530712,41033,3,9.4,55.9,56.52
2025-01-23,Meta Ads,New Product Launch,First Touch,26293,1003,8445.26,113,410642,14570,1,8.42,74.74,48.62
2025-02-22,Email,New Product Launch,Last Touch,37921,2373,77359.8,143,523380,33129,2,32.6,540.98,6.77
2025-04-29,Display Ads,Lead Gen,Last Touch,10713,333,6806.52,50,83750,6310,2,20.44,136.13,12.3
2025-01-07,Meta Ads,Loyalty,First Touch,18357,920,54905.6,33,78771,14180,5,59.68,1663.81,1.43
2025-01-09,Meta Ads,Loyalty,Linear,44475,1024,37212.16,111,165057,41189,4,36.34,335.24,4.44
2025-06-23,Display Ads,Winter Sale,Last Touch,15340,480,24417.6,22,78276,14787,5,50.87,1109.89,3.21
2025-01-10,Social Media,Retargeting,First Touch,48955,1616,39899.04,282,1178196,47289,2,24.69,141.49,29.53
2025-01-25,Display Ads,Retargeting,First Touch,33248,2422,98212.1,250,607500,18891,4,40.55,392.85,6.19
2025-01-22,Google Ads,New Product Launch,Linear,40904,3031,38796.8,143,468039,36152,3,12.8,271.31,12.06
2025-01-10,Email,Brand Awareness,First Touch,20674,1309,63682.85,43,95417,14800,3,48.65,1481.0,1.5
2025-06-01,Email,Festive Offer,First Touch,37315,917,49985.67,92,257600,29960,1,54.51,543.32,5.15
2025-05-07,Display Ads,Summer Sale,Linear,15059,624,32884.8,61,129686,8145,4,52.7,539.1,3.94
2025-02-23,Google Ads,Festive Offer,First Touch,17834,1065,61663.5,112,169568,10437,1,57.9,550.57,2.75
2025-03-22,Direct Traffic,App Install,First Touch,17318,1135,42914.35,98,427280,12030,1,37.81,437.9,9.96
2025-04-19,Display Ads,App Install,First Touch,5895,240,9501.6,21,76566,4572,4,39.59,452.46,8.06
2025-06-25,Social Media,New Product Launch,Linear,13973,1106,23104.34,147,211974,7225,4,20.89,157.17,9.17
2025-01-28,Direct Traffic,Summer Sale,Linear,5583,373,14233.68,59,86671,3914,1,38.16,241.25,6.09
2025-05-24,Display Ads,New Product Launch,First Touch,16967,559,10738.39,19,81358,15138,3,19.21,565.18,7.58
2025-05-17,Display Ads,Winter Sale,Last Touch,40501,2495,91591.45,308,1190728,25856,2,36.71,297.37,13.0
2025-04-30,Email,Loyalty,Linear,5341,376,12644.88,19,48089,4888,2,33.63,665.52,3.8
2025-06-25,Email,Lead Gen,Last Touch,22979,950,56943.0,44,164560,13362,5,59.94,1294.16,2.89
2025-04-18,Google Ads,New Product Launch,Last Touch,39038,2799,135667.53,182,587860,37300,5,48.47,745.43,4.33
2025-02-22,Social Media,App Install,First Touch,30977,2251,116466.74,132,288420,24202,1,51.74,882.32,2.48
2025-01-09,Email,New Product Launch,Last Touch,21733,1007,35224.86,92,411700,15346,5,34.98,382.88,11.69
2025-04-21,Direct Traffic,App Install,Linear,22416,580,11605.8,84,145572,11840,4,20.01,138.16,12.54
2025-02-28,Google Ads,App Install,Last Touch,27623,2027,76823.3,206,278512,15807,3,37.9,372.93,3.63
2025-04-02,Social Media,Winter Sale,First Touch,38611,1011,47476.56,71,317583,21909,3,46.96,668.68,6.69
2025-04-23,Meta Ads,Lead Gen,First Touch,25421,1593,70984.08,260,389220,19494,5,44.56,273.02,5.48
2025-04-08,Google Ads,Discount Offer,Last Touch,30343,2277,120020.67,368,556048,16634,5,52.71,326.14,4.63
2025-06-05,Meta Ads,Festive Offer,Linear,6450,431,11106.87,58,133632,4777,3,25.77,191.5,12.03
2025-03-08,Meta Ads,Festive Offer,Linear,21174,905,42679.8,152,667280,14379,4,47.16,280.79,15.63
2025-04-26,Google Ads,Winter Sale,First Touch,18002,673,33353.88,47,188423,14158,3,49.56,709.66,5.65
2025-03-28,Social Media,Summer Sale,Linear,31887,2145,20356.05,138,169464,29889,1,9.49,147.51,8.32
2025-01-24,Social Media,Festive Offer,Linear,14022,408,19714.56,70,233800,10094,5,48.32,281.64,11.86
2025-05-01,Email,Retargeting,Linear,11487,678,31045.62,98,416108,7444,4,45.79,316.79,13.4
2025-05-16,Meta Ads,Lead Gen,Last Touch,48130,3232,35164.16,378,1504818,44740,4,10.88,93.03,42.79
2025-01-06,Social Media,New Product Launch,Last Touch,6925,462,18221.28,19,75943,4939,1,39.44,959.01,4.17
2025-05-20,Google Ads,Discount Offer,First Touch,31991,2182,107179.84,345,1478670,28670,1,49.12,310.67,13.8
2025-03-03,Email,Lead Gen,Linear,21507,1155,20582.1,163,511820,18345,1,17.82,126.27,24.87
2025-01-04,Direct Traffic,Festive Offer,First Touch,36916,2793,70383.6,360,926280,22524,3,25.2,195.51,13.16
2025-02-16,Social Media,Summer Sale,Last Touch,23683,1344,37806.72,156,374712,14105,1,28.13,242.35,9.91
2025-06-28,Display Ads,Summer Sale,Last Touch,13547,656,10994.56,20,24980,7692,4,16.76,549.73,2.27
2025-01-18,Direct Traffic,App Install,First Touch,22753,872,33275.52,128,519040,16601,5,38.16,259.96,15.6
2025-02-17,Meta Ads,Summer Sale,Linear,12703,876,39420.0,98,182672,9812,3,45.0,402.24,4.63
2025-05-12,Social Media,App Install,Linear,10970,671,29215.34,24,37680,9130,1,43.54,1217.31,1.29
2025-04-30,Social Media,Discount Offer,First Touch,49766,3121,71033.96,400,1214400,38155,1,22.76,177.58,17.1
2025-03-03,Google Ads,Winter Sale,Linear,24774,1327,16813.09,223,530963,15233,2,12.67,75.4,31.58
2025-03-22,Direct Traffic,Summer Sale,First Touch,40508,1301,24836.09,72,244080,35716,3,19.09,344.95,9.83
2025-04-14,Direct Traffic,App Install,Linear,41359,1136,21379.52,190,550620,31351,4,18.82,112.52,25.75
2025-03-12,Direct Traffic,App Install,Linear,35956,925,11377.5,99,171468,20099,5,12.3,114.92,15.07
2025-04-30,Google Ads,Lead Gen,Linear,23192,565,25718.8,17,71060,21047,1,45.52,1512.87,2.76
2025-01-30,Display Ads,Discount Offer,First Touch,24706,1877,40186.57,163,629180,13691,1,21.41,246.54,15.66
2025-05-30,Social Media,New Product Launch,First Touch,42785,2030,100708.3,113,490759,31287,4,49.61,891.22,4.87
2025-02-24,Direct Traffic,Lead Gen,Linear,47698,3144,183735.36,181,585535,47494,4,58.44,1015.11,3.19
2025-03-16,Social Media,App Install,Last Touch,5310,124,4605.36,20,75800,3257,3,37.14,230.27,16.46
2025-03-04,Meta Ads,Summer Sale,First Touch,15277,384,16047.36,55,72930,12148,2,41.79,291.77,4.54
2025-02-12,Display Ads,App Install,Linear,43374,1024,29972.48,93,388833,22326,2,29.27,322.28,12.97
2025-05-19,Display Ads,Summer Sale,Linear,18321,970,18604.6,112,299936,16686,1,19.18,166.11,16.12
2025-04-15,Email,Festive Offer,Linear,39708,1112,15167.68,153,192168,26044,4,13.64,99.14,12.67
2025-01-03,Direct Traffic,Loyalty,First Touch,34295,781,16236.99,84,121632,33928,4,20.79,193.3,7.49
2025-06-30,Display Ads,Loyalty,First Touch,15762,349,17320.87,52,212836,8168,5,49.63,333.09,12.29
2025-05-12,Meta Ads,Winter Sale,Linear,22781,1267,54430.32,169,543166,16378,5,42.96,322.07,9.98
2025-04-23,Display Ads,Retargeting,Linear,31859,1301,68081.33,194,767658,30076,3,52.33,350.93,11.28
2025-03-29,Display Ads,Summer Sale,Last Touch,13731,626,17872.3,82,128494,13200,5,28.55,217.95,7.19
2025-05-11,Meta Ads,Lead Gen,First Touch,34278,2737,60542.44,277,729341,17253,1,22.12,218.56,12.05
2025-02-19,Email,Summer Sale,First Touch,14775,349,10731.75,19,70376,9236,1,30.75,564.83,6.56
2025-02-25,Meta Ads,Festive Offer,Linear,21756,885,50940.6,75,226125,14526,2,57.56,679.21,4.44
2025-01-03,Social Media,Brand Awareness,Last Touch,21902,1457,14628.28,126,324072,12368,4,10.04,116.1,22.15
2025-05-12,Email,Retargeting,Linear,14731,534,15373.86,54,91800,8390,3,28.79,284.7,5.97
2025-05-23,Meta Ads,App Install,Linear,42667,2372,22035.88,327,872109,28212,4,9.29,67.39,39.58
2025-04-15,Social Media,New Product Launch,First Touch,13913,689,13773.11,123,212790,8180,5,19.99,111.98,15.45
2025-04-01,Direct Traffic,Festive Offer,First Touch,39054,1322,20186.94,195,408915,35822,2,15.27,103.52,20.26
2025-02-17,Email,Loyalty,First Touch,11685,258,12930.96,35,151900,11567,1,50.12,369.46,11.75
2025-01-02,Social Media,Loyalty,Last Touch,14343,850,17892.5,139,283143,13258,4,21.05,128.72,15.82
2025-01-03,Email,New Product Launch,First Touch,20284,1485,27071.55,72,271224,18946,5,18.23,375.99,10.02
2025-02-23,Social Media,Winter Sale,Last Touch,31124,1807,105438.45,88,338272,23538,5,58.35,1198.16,3.21
2025-06-10,Google Ads,Winter Sale,Last Touch,19360,898,34851.38,134,512952,15769,1,38.81,260.08,14.72
2025-05-03,Display Ads,Loyalty,Linear,30273,1586,86389.42,202,561762,19982,3,54.47,427.67,6.5
2025-06-30,Email,Winter Sale,Last Touch,14442,371,12409.95,49,217658,9043,4,33.45,253.26,17.54
2025-06-08,Direct Traffic,Retargeting,Last Touch,23963,522,9777.06,27,82188,15228,5,18.73,362.11,8.41
2025-04-20,Social Media,Lead Gen,Last Touch,45418,1464,66963.36,73,253821,29701,5,45.74,917.31,3.79
2025-01-10,Meta Ads,Loyalty,Last Touch,45213,3373,109184.01,564,2229492,39575,2,32.37,193.59,20.42
2025-06-23,Meta Ads,Discount Offer,Linear,29398,628,10412.24,74,202168,27110,5,16.58,140.71,19.42
2025-06-22,Display Ads,Summer Sale,Last Touch,10288,626,28689.58,30,37410,8389,4,45.83,956.32,1.3
2025-04-22,Direct Traffic,Lead Gen,Last Touch,46805,2820,27946.2,357,754698,33155,4,9.91,78.28,27.01
2025-04-17,Display Ads,Discount Offer,Last Touch,42240,2307,82267.62,154,537614,40242,3,35.66,534.21,6.53
2025-06-07,Google Ads,Brand Awareness,First Touch,39585,1587,38310.18,251,693011,25326,2,24.14,152.63,18.09
2025-01-27,Email,Summer Sale,Linear,31243,1078,46569.6,80,283680,26707,4,43.2,582.12,6.09
2025-02-28,Social Media,Loyalty,Last Touch,45310,1821,71055.42,56,194768,41099,3,39.02,1268.85,2.74
2025-03-24,Direct Traffic,Winter Sale,Last Touch,28743,1325,56246.25,112,168560,22070,1,42.45,502.2,3.0
2025-05-12,Display Ads,New Product Launch,First Touch,8511,246,12868.26,7,12593,8086,2,52.31,1838.32,0.98
2025-04-08,Direct Traffic,Festive Offer,First Touch,49754,3212,53704.64,450,1750500,39989,2,16.72,119.34,32.59
2025-06-30,Meta Ads,Retargeting,Linear,18402,682,23365.32,47,97525,10271,4,34.26,497.13,4.17
2025-06-20,Display Ads,Brand Awareness,First Touch,43027,1180,46456.6,88,292776,35629,4,39.37,527.92,6.3
2025-01-06,Direct Traffic,App Install,First Touch,15109,676,16102.32,96,419328,13851,5,23.82,167.73,26.04
2025-05-27,Direct Traffic,New Product Launch,Linear,35738,1817,72552.81,226,529744,20862,4,39.93,321.03,7.3
2025-04-21,Google Ads,Loyalty,Linear,6521,364,12292.28,61,146278,6418,3,33.77,201.51,11.9
2025-06-13,Social Media,Discount Offer,First Touch,23714,972,32581.44,65,150345,18713,4,33.52,501.25,4.61
2025-05-28,Email,Winter Sale,Last Touch,18985,1164,67931.04,129,560634,18488,1,58.36,526.6,8.25
2025-03-25,Meta Ads,Lead Gen,Linear,6965,414,11687.22,33,51447,5747,2,28.23,354.16,4.4
2025-04-24,Social Media,Winter Sale,Linear,34449,1603,62292.58,269,917290,33688,2,38.86,231.57,14.73
2025-04-24,Email,New Product Launch,Last Touch,28249,638,32289.18,67,250245,17635,5,50.61,481.93,7.75
2025-01-11,Display Ads,Retargeting,Linear,26192,614,12568.58,65,229905,23662,5,20.47,193.36,18.29
2025-06-22,Display Ads,Winter Sale,Last Touch,44862,3460,57436.0,586,1418706,30039,3,16.6,98.01,24.7
2025-03-06,Social Media,Festive Offer,Linear,26625,814,11257.62,124,497116,19139,4,13.83,90.79,44.16
2025-01-09,Meta Ads,Lead Gen,Last Touch,9161,186,6768.54,11,27181,8017,5,36.39,615.32,4.02
2025-03-16,Display Ads,Festive Offer,First Touch,24638,1361,15039.05,138,312294,19549,3,11.05,108.98,20.77
2025-04-28,Display Ads,Loyalty,First Touch,48061,3099,37993.74,130,250380,27824,3,12.26,292.26,6.59
2025-01-12,Meta Ads,Loyalty,Linear,31546,1953,115051.23,220,632280,27408,5,58.91,522.96,5.5
2025-06-29,Google Ads,Loyalty,Linear,7910,178,9092.24,8,26672,6421,2,51.08,1136.53,2.93
2025-02-25,Meta Ads,Summer Sale,First Touch,40639,1827,82562.13,164,264204,27640,5,45.19,503.43,3.2
2025-03-22,Email,Brand Awareness,First Touch,15967,880,42979.2,90,399150,12231,1,48.84,477.55,9.29
2025-01-28,Google Ads,Discount Offer,First Touch,24287,1667,87550.84,73,249587,13660,3,52.52,1199.33,2.85
2025-05-24,Google Ads,Festive Offer,Linear,47865,3279,128143.32,397,1729332,42884,1,39.08,322.78,13.5
2025-02-18,Display Ads,Summer Sale,First Touch,28346,1138,43164.34,148,625892,27453,5,37.93,291.65,14.5
2025-02-26,Social Media,Festive Offer,Linear,33706,838,25575.76,108,163512,32680,1,30.52,236.81,6.39
2025-05-18,Google Ads,Winter Sale,Linear,14673,819,15241.59,44,153428,13196,3,18.61,346.4,10.07
2025-01-05,Display Ads,Discount Offer,Linear,32693,818,47501.26,51,90525,17562,2,58.07,931.4,1.91
2025-03-13,Social Media,Summer Sale,First Touch,13832,311,16582.52,49,112014,7254,1,53.32,338.42,6.75
2025-02-24,Display Ads,Discount Offer,Last Touch,37507,1567,57806.63,137,566358,33464,3,36.89,421.95,9.8
2025-05-19,Google Ads,Festive Offer,Last Touch,11961,288,16053.12,49,95158,9375,2,55.74,327.61,5.93
2025-01-09,Direct Traffic,New Product Launch,First Touch,30449,1690,86477.3,289,854862,20434,4,51.17,299.23,9.89
2025-06-22,Google Ads,Retargeting,First Touch,12725,677,7108.5,85,290700,7032,1,10.5,83.63,40.89
2025-06-20,Direct Traffic,Retargeting,Linear,47275,3157,168867.93,385,1421805,30900,2,53.49,438.62,8.42
2025-01-16,Meta Ads,Summer Sale,Last Touch,43254,3135,107875.35,326,1353226,26072,1,34.41,330.91,12.54
2025-04-20,Meta Ads,New Product Launch,First Touch,23644,1630,41923.6,154,599830,23086,5,25.72,272.23,14.31
2025-06-29,Social Media,Discount Offer,First Touch,43186,2687,109978.91,310,885670,39535,1,40.93,354.77,8.05
2025-03-15,Email,Brand Awareness,Last Touch,15700,397,6086.01,14,29246,14343,4,15.33,434.72,4.81
2025-01-02,Social Media,Discount Offer,Last Touch,22962,1528,87019.6,249,1082652,11699,3,56.95,349.48,12.44
2025-03-07,Direct Traffic,Festive Offer,First Touch,40462,2512,110452.64,263,425534,28641,1,43.97,419.97,3.85
2025-05-22,Meta Ads,Winter Sale,Last Touch,41957,1659,37476.81,267,352974,34214,1,22.59,140.36,9.42
2025-06-01,Direct Traffic,Summer Sale,Linear,7276,326,4841.1,55,125070,5032,4,14.85,88.02,25.84
2025-04-21,Social Media,Lead Gen,First Touch,49843,2845,103586.45,440,1557600,46346,1,36.41,235.42,15.04
2025-05-05,Email,Retargeting,Linear,22968,567,8754.48,69,87285,16241,5,15.44,126.88,9.97
2025-04-02,Display Ads,App Install,Last Touch,16740,652,11677.32,93,314805,13082,4,17.91,125.56,26.96
2025-04-14,Display Ads,Loyalty,First Touch,44358,3033,55048.95,134,317580,38411,2,18.15,410.81,5.77
2025-05-15,Direct Traffic,Festive Offer,First Touch,35763,2837,121877.52,244,811056,28372,5,42.96,499.5,6.65
2025-01-04,Meta Ads,Festive Offer,First Touch,44895,3070,177384.6,131,564217,35234,4,57.78,1354.08,3.18
2025-02-05,Direct Traffic,Lead Gen,Last Touch,33533,686,12251.96,81,139482,25615,4,17.86,151.26,11.38
2025-05-21,Social Media,Festive Offer,Last Touch,47628,1083,30952.14,93,301134,39905,3,28.58,332.82,9.73
2025-01-12,Meta Ads,Discount Offer,Last Touch,37587,2898,54279.54,398,717992,29353,2,18.73,136.38,13.23
2025-03-12,Meta Ads,New Product Launch,Last Touch,14920,604,28158.48,93,111786,11728,3,46.62,302.78,3.97
2025-05-14,Social Media,Winter Sale,Linear,30590,2224,70144.96,102,145962,20857,2,31.54,687.7,2.08
2025-01-03,Direct Traffic,Summer Sale,Linear,19920,793,37992.63,46,77602,18398,3,47.91,825.93,2.04
2025-04-06,Display Ads,Brand Awareness,Last Touch,45148,3505,141707.15,256,463616,30510,2,40.43,553.54,3.27
2025-02-02,Direct Traffic,Discount Offer,First Touch,44618,1120,17516.8,181,417929,30767,2,15.64,96.78,23.86
2025-01-28,Email,Discount Offer,Last Touch,7029,481,17311.19,71,234087,4425,3,35.99,243.82,13.52
2025-06-27,Meta Ads,App Install,Last Touch,43780,2877,45629.22,463,640792,26758,1,15.86,98.55,14.04
2025-01-30,Display Ads,Lead Gen,First Touch,19947,509,17097.31,87,347217,18444,1,33.59,196.52,20.31
2025-05-09,Google Ads,Brand Awareness,First Touch,49634,2680,42424.4,205,588760,36082,4,15.83,206.95,13.88
2025-05-13,Social Media,Festive Offer,First Touch,49517,1978,67647.6,193,454708,36122,2,34.2,350.51,6.72
2025-04-17,Meta Ads,Winter Sale,Linear,39254,3023,46765.81,430,1385890,24512,3,15.47,108.76,29.63
2025-03-21,Email,Retargeting,First Touch,46903,1844,46100.0,74,229992,40699,5,25.0,622.97,4.99
2025-02-17,Social Media,Brand Awareness,Last Touch,8018,634,13371.06,53,183857,7024,5,21.09,252.28,13.75
2025-02-17,Social Media,App Install,First Touch,5466,433,13401.35,43,118465,4284,1,30.95,311.66,8.84
2025-05-17,Meta Ads,Lead Gen,Linear,37449,1421,63589.75,219,663351,21313,2,44.75,290.36,10.43
2025-01-15,Direct Traffic,App Install,Last Touch,18605,452,23404.56,28,78316,18402,3,51.78,835.88,3.35
2025-06-04,Meta Ads,Discount Offer,Last Touch,13930,609,7886.55,78,247182,13857,3,12.95,101.11,31.34
2025-01-22,Email,Winter Sale,First Touch,5248,305,4370.65,45,69030,3760,3,14.33,97.13,15.79
2025-04-02,Meta Ads,Loyalty,Linear,30031,2278,59979.74,225,519750,18369,2,26.33,266.58,8.67
2025-01-18,Social Media,Loyalty,Last Touch,11336,778,33874.12,65,138450,7658,3,43.54,521.14,4.09
2025-05-29,Display Ads,Retargeting,Linear,33320,2349,75872.7,102,435744,18157,2,32.3,743.85,5.74
2025-06-12,Email,New Product Launch,Last Touch,24760,1386,46860.66,195,667485,23865,3,33.81,240.31,14.24
2025-05-22,Direct Traffic,Festive Offer,Linear,9510,608,21413.76,26,81900,8947,4,35.22,823.61,3.82
2025-01-14,Direct Traffic,Retargeting,First Touch,29009,1576,25184.48,190,397100,21980,4,15.98,132.55,15.77
2025-02-26,Social Media,Retargeting,Last Touch,23904,1314,13586.76,220,457160,13877,2,10.34,61.76,33.65
2025-02-12,Meta Ads,New Product Launch,Linear,26069,934,9461.42,151,189656,17782,4,10.13,62.66,20.05
2025-02-22,Direct Traffic,Discount Offer,Last Touch,39430,1305,37336.05,129,397707,35168,4,28.61,289.43,10.65
2025-03-07,Google Ads,App Install,First Touch,19495,860,25266.8,154,665588,15534,4,29.38,164.07,26.34
2025-01-04,Google Ads,App Install,Last Touch,14125,419,24976.59,66,111672,8544,5,59.61,378.43,4.47
2025-02-02,Google Ads,Loyalty,First Touch,37993,1706,98675.04,93,323175,27567,4,57.84,1061.02,3.28
2025-02-04,Display Ads,Winter Sale,Linear,19122,1069,19530.63,33,80058,15461,5,18.27,591.84,4.1
2025-04-21,Social Media,Retargeting,Linear,7404,547,15780.95,95,126540,7336,3,28.85,166.12,8.02
2025-05-20,Email,New Product Launch,First Touch,16908,543,22795.14,37,95904,12994,5,41.98,616.08,4.21
2025-05-24,Google Ads,Discount Offer,Linear,48111,1855,97814.15,176,281776,29101,3,52.73,555.76,2.88
2025-02-16,Google Ads,Brand Awareness,Last Touch,20403,980,42600.6,99,405702,10511,3,43.47,430.31,9.52
2025-05-24,Direct Traffic,New Product Launch,Last Touch,21542,1239,43996.89,52,149864,16309,5,35.51,846.09,3.41
2025-03-31,Email,Lead Gen,Linear,29397,1598,34229.16,65,143650,22884,5,21.42,526.6,4.2
2025-02-20,Google Ads,New Product Launch,Last Touch,17676,1318,37536.64,153,294678,16847,4,28.48,245.34,7.85
2025-04-29,Display Ads,Lead Gen,Last Touch,36210,1784,66953.52,150,523350,32036,1,37.53,446.36,7.82
2025-02-23,Email,Discount Offer,Last Touch,21832,1744,20561.76,142,620824,20015,1,11.79,144.8,30.19
2025-05-21,Direct Traffic,Lead Gen,Last Touch,16741,769,25799.95,38,76798,8582,4,33.55,678.95,2.98
2025-04-14,Google Ads,Summer Sale,First Touch,7173,183,2243.58,22,56518,4847,5,12.26,101.98,25.19
2025-01-01,Email,Winter Sale,First Touch,18029,807,16995.42,99,426195,10236,3,21.06,171.67,25.08
2025-05-30,Social Media,Brand Awareness,First Touch,5166,371,13088.88,33,147741,4157,3,35.28,396.63,11.29
2025-04-28,Direct Traffic,Loyalty,First Touch,25438,1789,105551.0,230,813510,14186,3,59.0,458.92,7.71
2025-05-04,Meta Ads,Lead Gen,Linear,6753,289,11525.32,33,102003,6105,2,39.88,349.25,8.85
2025-04-10,Display Ads,Retargeting,First Touch,43275,2619,37032.66,393,1697367,27983,4,14.14,94.23,45.83
2025-02-16,Display Ads,Winter Sale,First Touch,49212,1496,40272.32,224,789376,43149,4,26.92,179.79,19.6
2025-02-10,Email,Summer Sale,Linear,35734,936,48578.4,118,316476,32413,5,51.9,411.68,6.51
2025-02-20,Meta Ads,App Install,Last Touch,5466,148,6427.64,11,41063,3125,4,43.43,584.33,6.39
2025-06-23,Display Ads,New Product Launch,Linear,16985,1083,56532.6,33,118833,15438,5,52.2,1713.11,2.1
2025-03-29,Display Ads,Lead Gen,Linear,40129,2891,126365.61,268,390476,21208,5,43.71,471.51,3.09
2025-03-29,Direct Traffic,Loyalty,Last Touch,18137,1387,47227.35,246,777606,13874,2,34.05,191.98,16.47
2025-06-28,Meta Ads,Festive Offer,Last Touch,22795,1664,17738.24,145,263175,19425,4,10.66,122.33,14.84
2025-05-07,Direct Traffic,Festive Offer,Last Touch,43962,1917,102252.78,133,341943,38962,4,53.34,768.82,3.34
2025-06-17,Direct Traffic,Festive Offer,Last Touch,45568,1620,62110.8,113,340356,25349,3,38.34,549.65,5.48
2025-04-01,Direct Traffic,New Product Launch,Last Touch,34055,2534,134048.6,322,1331792,21277,3,52.9,416.3,9.94
2025-01-07,Email,New Product Launch,Last Touch,37450,1130,47087.1,128,296576,35902,5,41.67,367.87,6.3
2025-04-12,Email,New Product Launch,Linear,45877,1629,87363.27,106,476576,34387,3,53.63,824.18,5.46
2025-05-22,Google Ads,App Install,Linear,5477,232,8275.44,13,44005,4261,4,35.67,636.57,5.32
2025-05-29,Meta Ads,Retargeting,Linear,44791,1220,35587.4,106,448592,39593,1,29.17,335.73,12.61
2025-06-28,Email,Brand Awareness,Last Touch,19510,927,10085.76,139,323175,11186,3,10.88,72.56,32.04
2025-01-01,Direct Traffic,Festive Offer,First Touch,16578,1138,50914.12,177,440199,9982,1,44.74,287.65,8.65
2025-02-06,Display Ads,Summer Sale,Linear,20103,1450,45675.0,169,345267,13362,3,31.5,270.27,7.56
2025-04-12,Display Ads,Winter Sale,Linear,32986,1187,70199.18,176,495264,30644,1,59.14,398.86,7.06
2025-03-05,Meta Ads,Retargeting,Last Touch,17882,1239,46660.74,125,207000,14440,5,37.66,373.29,4.44
2025-02-07,Google Ads,Loyalty,Last Touch,9575,222,2801.64,12,38436,8360,1,12.62,233.47,13.72
2025-05-04,Social Media,Discount Offer,Linear,44080,1748,49590.76,308,700392,41435,4,28.37,161.01,14.12
2025-05-02,Social Media,App Install,First Touch,38971,1238,25106.64,192,566208,22342,3,20.28,130.76,22.55
2025-03-06,Meta Ads,Summer Sale,Last Touch,47945,2026,90562.2,204,737664,30865,3,44.7,443.93,8.15
2025-01-06,Email,Retargeting,Last Touch,7077,220,7106.0,30,100860,5464,3,32.3,236.87,14.19
2025-04-21,Display Ads,Brand Awareness,Last Touch,10583,615,34157.1,68,114920,6601,5,55.54,502.31,3.36
2025-02-16,Meta Ads,Festive Offer,First Touch,19314,1046,15292.52,108,241704,15619,5,14.62,141.6,15.81
2025-06-15,Social Media,Lead Gen,Last Touch,49051,1282,59343.78,78,172926,40850,4,46.29,760.82,2.91
2025-05-09,Display Ads,Brand Awareness,Last Touch,38097,2541,21878.01,296,1274576,20518,4,8.61,73.91,58.26
2025-06-14,Email,Discount Offer,First Touch,33004,1189,40176.31,207,695727,23218,5,33.79,194.09,17.32
2025-06-24,Direct Traffic,Winter Sale,Last Touch,39793,2540,87985.6,150,186450,27367,3,34.64,586.57,2.12
2025-05-13,Email,App Install,First Touch,33367,2528,63427.52,183,727974,16920,3,25.09,346.6,11.48
2025-03-09,Social Media,Retargeting,Last Touch,17104,869,34716.55,50,152500,16843,2,39.95,694.33,4.39
2025-06-19,Display Ads,Winter Sale,First Touch,10420,475,22182.5,37,138972,9327,3,46.7,599.53,6.26
2025-03-08,Email,Brand Awareness,Linear,41829,2490,136576.5,446,1608276,27979,1,54.85,306.23,11.78
2025-02-21,Meta Ads,Brand Awareness,Last Touch,46047,3372,103385.52,528,1373328,28086,4,30.66,195.81,13.28
2025-06-08,Social Media,Brand Awareness,First Touch,28698,847,43484.98,107,185431,24294,5,51.34,406.4,4.26
2025-06-18,Social Media,Festive Offer,Last Touch,17834,590,34155.1,90,168840,12945,3,57.89,379.5,4.94
2025-04-13,Email,Winter Sale,First Touch,21044,457,17850.42,54,242460,16309,3,39.06,330.56,13.58
2025-01-16,Meta Ads,App Install,First Touch,15705,338,5269.42,59,218005,10778,2,15.59,89.31,41.37
2025-01-24,Social Media,Summer Sale,First Touch,6441,241,4439.22,31,104687,3793,1,18.42,143.2,23.58
2025-06-27,Display Ads,Lead Gen,First Touch,8635,328,17538.16,48,63984,6262,1,53.47,365.38,3.65
2025-03-30,Email,Lead Gen,Last Touch,34378,1136,39578.24,109,347492,31838,2,34.84,363.1,8.78
2025-05-31,Social Media,Retargeting,Last Touch,26594,1550,38796.5,168,273672,19436,1,25.03,230.93,7.05
2025-05-18,Meta Ads,App Install,First Touch,49465,1546,53785.34,78,181272,29041,5,34.79,689.56,3.37
2025-04-01,Google Ads,Lead Gen,Last Touch,17102,1235,33332.65,123,358545,9849,3,26.99,271.0,10.76
2025-03-28,Social Media,Brand Awareness,First Touch,8515,648,9357.12,60,250560,6946,3,14.44,155.95,26.78
2025-03-09,Direct Traffic,Lead Gen,Last Touch,30407,796,39449.76,25,102550,27690,3,49.56,1577.99,2.6
2025-05-12,Social Media,Winter Sale,Linear,12545,916,47595.36,128,421120,10958,2,51.96,371.84,8.85
2025-06-17,Email,Winter Sale,Last Touch,24036,539,30027.69,18,52038,21777,3,55.71,1668.2,1.73
2025-03-30,Email,Loyalty,Linear,18784,790,19987.0,84,122052,17711,2,25.3,237.94,6.11
2025-06-19,Meta Ads,App Install,Last Touch,26609,1011,48447.12,98,316932,21383,3,47.92,494.36,6.54
2025-04-06,Social Media,Retargeting,Last Touch,23603,1717,24226.87,107,324424,14232,3,14.11,226.42,13.39
2025-05-31,Meta Ads,App Install,Linear,35797,2038,18117.82,80,189360,28742,3,8.89,226.47,10.45
2025-06-03,Email,Lead Gen,Last Touch,42302,2592,76800.96,426,1766622,24608,4,29.63,180.28,23.0
2025-04-20,Meta Ads,New Product Launch,Linear,41938,1696,50761.28,265,445200,26016,3,29.93,191.55,8.77
2025-04-04,Social Media,New Product Launch,Last Touch,6957,527,25496.26,49,111671,6034,1,48.38,520.33,4.38
2025-04-07,Email,Discount Offer,First Touch,15029,743,32201.62,66,132528,14110,1,43.34,487.9,4.12
2025-03-14,Email,Discount Offer,Linear,46131,1481,19800.97,245,933205,24684,1,13.37,80.82,47.13
2025-03-28,Email,Summer Sale,Last Touch,41417,1426,32897.82,118,304086,32620,4,23.07,278.8,9.24
2025-02-17,Google Ads,Festive Offer,Linear,48487,1594,43675.6,279,1086705,40091,4,27.4,156.54,24.88
2025-04-17,Social Media,Brand Awareness,Linear,45157,1868,15691.2,333,1413918,41600,1,8.4,47.12,90.11
2025-01-08,Social Media,Festive Offer,Linear,8330,313,3796.69,13,33150,8027,5,12.13,292.05,8.73
2025-03-24,Meta Ads,Discount Offer,Linear,42950,2036,40801.44,180,498780,22989,5,20.04,226.67,12.22
2025-06-24,Meta Ads,Discount Offer,Linear,49562,2240,78892.8,388,1288160,41367,5,35.22,203.33,16.33
2025-03-31,Direct Traffic,Brand Awareness,First Touch,7189,302,14822.16,34,123964,3914,1,49.08,435.95,8.36
2025-01-28,Email,New Product Launch,First Touch,7864,233,5317.06,8,32800,4709,2,22.82,664.63,6.17
2025-02-25,Social Media,Festive Offer,First Touch,37753,2085,36737.7,63,248220,26615,5,17.62,583.14,6.76
2025-05-24,Direct Traffic,App Install,Linear,16112,1234,73669.8,48,162240,13093,2,59.7,1534.79,2.2
2025-05-16,Email,Winter Sale,Last Touch,39061,1014,47972.34,147,436590,32774,2,47.31,326.34,9.1
2025-03-11,Meta Ads,Brand Awareness,Linear,20242,767,34031.79,44,86372,16752,4,44.37,773.45,2.54
2025-03-16,Display Ads,Winter Sale,First Touch,32068,1231,64147.41,84,323820,25189,2,52.11,763.66,5.05
2025-06-25,Meta Ads,App Install,Linear,33448,1484,46004.0,219,556260,19768,5,31.0,210.06,12.09
2025-05-02,Display Ads,Winter Sale,Last Touch,44936,2426,58660.68,264,1034352,25361,3,24.18,222.2,17.63
2025-03-07,Display Ads,Loyalty,First Touch,42292,2410,61262.2,105,266595,31968,4,25.42,583.45,4.35
2025-04-14,Email,Retargeting,First Touch,45307,1664,94781.44,206,915670,41767,1,56.96,460.1,9.66
2025-05-23,Social Media,Festive Offer,Last Touch,43610,1889,56197.75,338,1124526,23898,1,29.75,166.27,20.01
2025-06-19,Social Media,Retargeting,First Touch,42784,2861,44602.99,371,1432802,42040,2,15.59,120.22,32.12
2025-03-10,Display Ads,Lead Gen,Last Touch,14002,436,4678.28,43,92149,10982,5,10.73,108.8,19.7
2025-03-11,Google Ads,Festive Offer,Linear,9215,296,8734.96,49,200655,8873,3,29.51,178.26,22.97
2025-05-07,Social Media,New Product Launch,First Touch,22399,1505,37700.25,132,590964,16532,4,25.05,285.61,15.68
2025-06-19,Display Ads,Summer Sale,Last Touch,37926,1635,70632.0,62,163928,30016,1,43.2,1139.23,2.32
2025-02-03,Display Ads,App Install,Linear,32810,1170,24897.6,140,291060,29978,2,21.28,177.84,11.69
2025-02-12,Display Ads,Brand Awareness,Last Touch,31940,844,48977.32,70,156030,29071,3,58.03,699.68,3.19
2025-02-15,Google Ads,Brand Awareness,Last Touch,14891,376,16401.12,35,77840,11179,1,43.62,468.6,4.75
2025-04-05,Meta Ads,Brand Awareness,First Touch,26351,657,24880.59,76,255436,18870,1,37.87,327.38,10.27
2025-03-29,Display Ads,Summer Sale,Linear,11637,397,9710.62,62,155496,6224,5,24.46,156.62,16.01
2025-01-23,Direct Traffic,Winter Sale,First Touch,17165,1201,53924.9,126,396648,15517,4,44.9,427.98,7.36
2025-02-22,Meta Ads,App Install,Linear,43734,2690,28191.2,193,395264,28566,5,10.48,146.07,14.02
2025-01-25,Google Ads,Festive Offer,First Touch,38122,2170,26105.1,333,458541,20311,3,12.03,78.39,17.57
2025-02-08,Meta Ads,Loyalty,First Touch,39651,1428,45510.36,222,974136,29507,5,31.87,205.0,21.4
2025-04-15,Email,Loyalty,Linear,6371,255,3799.5,8,15504,4624,5,14.9,474.94,4.08
2025-06-08,Display Ads,Discount Offer,First Touch,24000,790,43442.1,83,165419,12733,3,54.99,523.4,3.81
2025-01-02,Direct Traffic,App Install,Last Touch,29004,795,8021.55,33,120054,26809,2,10.09,243.08,14.97
2025-02-05,Google Ads,Festive Offer,Linear,43513,2060,52818.4,350,1079050,25368,3,25.64,150.91,20.43
2025-04-25,Meta Ads,Retargeting,First Touch,23574,819,32514.3,79,175301,13212,2,39.7,411.57,5.39
2025-04-16,Display Ads,Festive Offer,Last Touch,31092,2218,37994.34,133,206682,30362,4,17.13,285.67,5.44
2025-04-02,Email,Lead Gen,First Touch,32428,2132,44835.96,168,434280,18668,4,21.03,266.88,9.69
2025-04-27,Meta Ads,Brand Awareness,Linear,20856,924,50237.88,131,234359,17877,3,54.37,383.5,4.66
2025-01-29,Google Ads,Brand Awareness,Last Touch,49904,3762,137651.58,136,485656,25041,3,36.59,1012.14,3.53
2025-04-29,Google Ads,Discount Offer,First Touch,10454,646,8236.5,56,225008,10132,2,12.75,147.08,27.32
2025-02-16,Meta Ads,Summer Sale,First Touch,42640,2908,138217.24,488,618784,41952,3,47.53,283.23,4.48
2025-03-11,Social Media,Winter Sale,Linear,43191,2680,156378.0,430,1253020,32436,4,58.35,363.67,8.01
2025-01-15,Display Ads,Loyalty,Last Touch,17343,498,6787.74,54,71874,11094,3,13.63,125.7,10.59
2025-02-15,Display Ads,Winter Sale,Last Touch,39624,2656,107992.96,352,1487904,23428,5,40.66,306.8,13.78
2025-01-07,Meta Ads,Brand Awareness,Last Touch,9510,678,28428.54,26,106808,7251,5,41.93,1093.41,3.76
2025-05-10,Google Ads,Summer Sale,First Touch,8270,466,8341.4,41,110495,6165,2,17.9,203.45,13.25
2025-04-17,Meta Ads,New Product Launch,First Touch,25690,1256,60488.96,169,336648,20471,1,48.16,357.92,5.57
2025-01-01,Social Media,Lead Gen,Last Touch,12832,568,33807.36,36,109368,6686,2,59.52,939.09,3.24
2025-01-25,Display Ads,Brand Awareness,Linear,22665,1052,14507.08,60,244920,21529,2,13.79,241.78,16.88
2025-05-22,Direct Traffic,New Product Launch,First Touch,46129,3191,149115.43,140,536060,40728,3,46.73,1065.11,3.59
2025-04-08,Social Media,Discount Offer,Last Touch,29811,1678,46145.0,139,220454,22991,2,27.5,331.98,4.78
2025-06-26,Social Media,New Product Launch,First Touch,9534,751,32781.15,103,372345,5454,4,43.65,318.26,11.36
2025-06-05,Social Media,New Product Launch,First Touch,47628,1162,44876.44,208,569712,33235,4,38.62,215.75,12.7
2025-01-08,Social Media,Loyalty,Linear,21888,1386,14192.64,114,471732,21257,3,10.24,124.5,33.24
2025-04-01,Meta Ads,Summer Sale,Linear,18279,1387,37684.79,46,148902,15400,3,27.17,819.23,3.95
2025-01-02,Social Media,Winter Sale,Last Touch,16791,1211,39224.29,196,492352,15364,2,32.39,200.12,12.55
2025-06-17,Direct Traffic,Retargeting,Last Touch,12252,672,33989.76,61,263093,7180,4,50.58,557.21,7.74
2025-01-17,Google Ads,Lead Gen,Last Touch,38589,2764,24986.56,131,482473,26512,4,9.04,190.74,19.31
2025-01-01,Social Media,Discount Offer,Linear,23241,1642,13431.56,186,721122,19277,1,8.18,72.21,53.69
2025-01-13,Meta Ads,Retargeting,Last Touch,31621,1897,67191.74,155,695330,26759,5,35.42,433.5,10.35
2025-04-29,Display Ads,App Install,Last Touch,8260,207,8878.23,20,81140,7289,5,42.89,443.91,9.14
2025-02-03,Google Ads,Discount Offer,Linear,27010,1231,51837.41,172,488996,18517,4,42.11,301.38,9.43
2025-01-08,Display Ads,App Install,First Touch,46663,1823,70951.16,161,719509,41777,1,38.92,440.69,10.14
2025-06-01,Meta Ads,Retargeting,First Touch,28206,2028,111296.64,97,197686,20138,4,54.88,1147.39,1.78
2025-03-03,Direct Traffic,Loyalty,Linear,48443,2304,52254.72,252,994140,44203,2,22.68,207.36,19.02
2025-04-01,Google Ads,Brand Awareness,Last Touch,28391,748,24145.44,52,216268,22795,4,32.28,464.34,8.96
2025-06-13,Display Ads,New Product Launch,Last Touch,40477,1102,16309.6,51,213027,36511,3,14.8,319.8,13.06
2025-05-11,Display Ads,Winter Sale,Last Touch,34565,1950,53508.0,346,1297846,28196,5,27.44,154.65,24.26
2025-03-20,Meta Ads,Lead Gen,First Touch,29434,1271,48412.39,127,216916,17624,3,38.09,381.2,4.48
2025-02-07,Google Ads,Discount Offer,Linear,18116,429,11909.04,29,110867,11074,2,27.76,410.66,9.31
2025-04-08,Display Ads,Discount Offer,Linear,10835,586,34005.58,68,140284,8444,2,58.03,500.08,4.13
2025-06-23,Google Ads,New Product Launch,Linear,10000,347,12793.89,39,53118,7629,4,36.87,328.05,4.15
2025-05-16,Meta Ads,Lead Gen,Linear,36289,1539,31149.36,240,462720,32022,2,20.24,129.79,14.85
2025-01-14,Meta Ads,Loyalty,Linear,23138,1539,88831.08,104,339560,13598,1,57.72,854.14,3.82
2025-02-17,Social Media,Retargeting,Last Touch,43724,3116,120402.24,229,620132,25866,4,38.64,525.77,5.15
2025-03-01,Social Media,Retargeting,First Touch,14007,766,9421.8,97,319227,10537,3,12.3,97.13,33.88
2025-01-03,Meta Ads,Loyalty,Linear,23147,1415,71004.7,135,581040,22127,1,50.18,525.96,8.18
2025-03-22,Email,App Install,Linear,48264,2398,79349.82,375,571125,39162,3,33.09,211.6,7.2
2025-02-22,Google Ads,Retargeting,Linear,24743,809,33427.88,49,108486,20610,1,41.32,682.2,3.25
2025-01-18,Direct Traffic,Summer Sale,Last Touch,28050,614,23675.84,101,311181,16612,1,38.56,234.41,13.14
2025-06-08,Email,Lead Gen,First Touch,17327,742,33019.0,63,241668,14435,4,44.5,524.11,7.32
2025-02-17,Social Media,Winter Sale,First Touch,18072,986,28751.76,85,377315,16582,1,29.16,338.26,13.12
2025-05-14,Social Media,Summer Sale,Last Touch,6086,267,12674.49,17,60724,5677,3,47.47,745.56,4.79
2025-03-10,Google Ads,Brand Awareness,Linear,9420,197,3071.23,20,85320,8592,3,15.59,153.56,27.78
2025-06-09,Meta Ads,Summer Sale,Last Touch,43308,1256,70185.28,37,123876,23980,5,55.88,1896.9,1.76
2025-05-20,Direct Traffic,Loyalty,Last Touch,45061,3317,133907.29,156,286572,43097,5,40.37,858.38,2.14
2025-03-04,Email,App Install,Last Touch,18771,970,47937.4,158,239686,11035,1,49.42,303.4,5.0
2025-03-25,Direct Traffic,App Install,First Touch,17363,659,17931.39,25,39450,15431,3,27.21,717.26,2.2
2025-06-25,Meta Ads,Festive Offer,First Touch,24784,1733,43983.54,136,394944,15057,1,25.38,323.41,8.98
2025-02-15,Google Ads,New Product Launch,Last Touch,21427,1448,58499.2,194,347260,14808,5,40.4,301.54,5.94
2025-03-14,Google Ads,App Install,First Touch,34151,1187,27716.45,84,232512,19108,5,23.35,329.96,8.39
2025-03-29,Email,App Install,Linear,8249,521,5538.23,19,84379,6170,5,10.63,291.49,15.24
2025-05-15,Google Ads,Brand Awareness,Last Touch,42885,3418,90884.62,303,782043,25815,1,26.59,299.95,8.6
2025-03-08,Direct Traffic,Discount Offer,Linear,16620,332,5597.52,24,39288,16298,3,16.86,233.23,7.02
2025-04-13,Google Ads,Festive Offer,Linear,7726,574,14665.7,39,60489,6028,3,25.55,376.04,4.12
2025-03-11,Google Ads,New Product Launch,First Touch,49178,1565,44430.35,218,272500,29192,5,28.39,203.81,6.13
2025-03-29,Social Media,Discount Offer,Last Touch,33252,2054,110340.88,231,692769,19866,3,53.72,477.67,6.28
2025-05-02,Social Media,Retargeting,Linear,8902,554,9550.96,83,301041,5911,2,17.24,115.07,31.52
2025-01-22,Social Media,Discount Offer,Linear,49929,1306,29672.32,150,553200,33822,5,22.72,197.82,18.64
2025-01-29,Email,Discount Offer,Last Touch,5448,354,6814.5,37,99234,4349,5,19.25,184.18,14.56
2025-05-29,Meta Ads,Loyalty,First Touch,23645,1685,49589.55,89,150766,14480,1,29.43,557.19,3.04
2025-01-28,Display Ads,Winter Sale,First Touch,14971,345,18943.95,43,175182,10001,4,54.91,440.56,9.25
2025-06-08,Social Media,Lead Gen,Linear,30624,1353,54742.38,150,604500,24199,2,40.46,364.95,11.04
2025-04-29,Meta Ads,Loyalty,First Touch,21206,1266,40220.82,164,604176,12270,4,31.77,245.25,15.02
2025-03-21,Email,Loyalty,First Touch,25536,803,12671.34,37,143597,13184,1,15.78,342.47,11.33
2025-01-26,Meta Ads,Brand Awareness,Linear,25620,1869,36109.08,156,528060,25384,2,19.32,231.47,14.62
2025-03-02,Email,Retargeting,Linear,21430,1629,95443.11,226,407704,14840,4,58.59,422.31,4.27
2025-02-14,Display Ads,App Install,First Touch,46270,1599,77679.42,50,88550,33395,2,48.58,1553.59,1.14
2025-03-06,Meta Ads,New Product Launch,Linear,32781,1523,15306.15,148,410848,17361,3,10.05,103.42,26.84
2025-02-04,Social Media,New Product Launch,Linear,46581,3541,149996.76,505,1626605,44254,4,42.36,297.02,10.84
2025-04-12,Display Ads,Winter Sale,First Touch,40329,2502,136559.16,262,458238,22622,1,54.58,521.22,3.36
2025-04-25,Direct Traffic,Summer Sale,First Touch,24143,1703,18205.07,112,234640,23522,1,10.69,162.55,12.89
2025-04-05,Google Ads,Brand Awareness,Linear,49119,3382,159731.86,464,1493616,29298,3,47.23,344.25,9.35
2025-04-29,Meta Ads,Summer Sale,Last Touch,16983,780,17979.0,30,127530,11888,5,23.05,599.3,7.09
2025-02-15,Display Ads,Festive Offer,Linear,20331,1115,27417.85,64,222400,11859,5,24.59,428.4,8.11
2025-02-13,Social Media,Loyalty,First Touch,29990,1765,103164.25,218,955276,28662,4,58.45,473.23,9.26
2025-05-21,Direct Traffic,Festive Offer,Linear,6398,311,18398.76,52,120796,3938,2,59.16,353.82,6.57
2025-04-01,Display Ads,New Product Launch,First Touch,39148,2225,60297.5,145,221850,33545,5,27.1,415.84,3.68
2025-06-01,Meta Ads,Discount Offer,Linear,17528,685,16611.25,68,97444,14435,1,24.25,244.28,5.87
2025-05-01,Direct Traffic,Brand Awareness,Last Touch,36423,1547,70558.67,174,760554,27960,5,45.61,405.51,10.78
2025-03-14,Direct Traffic,Loyalty,Linear,45105,3046,87633.42,448,1374464,34934,5,28.77,195.61,15.68
2025-04-17,Direct Traffic,Festive Offer,First Touch,9632,330,18674.7,50,178500,7752,1,56.59,373.49,9.56
2025-06-06,Email,Lead Gen,Last Touch,28527,1046,17687.86,172,616792,19715,3,16.91,102.84,34.87
2025-01-26,Meta Ads,New Product Launch,Linear,7265,468,18645.12,38,60572,6015,4,39.84,490.66,3.25
2025-02-23,Direct Traffic,Summer Sale,First Touch,11520,248,7281.28,18,29502,11269,2,29.36,404.52,4.05
2025-04-20,Meta Ads,Festive Offer,Last Touch,44675,919,48137.22,128,285568,24463,4,52.38,376.07,5.93
2025-03-02,Display Ads,Retargeting,First Touch,20548,732,21835.56,99,322443,17910,1,29.83,220.56,14.77
2025-02-20,Direct Traffic,Retargeting,First Touch,46504,3233,44712.39,347,1043429,25320,5,13.83,128.85,23.34
2025-06-09,Direct Traffic,Loyalty,First Touch,28154,2158,51727.26,208,830544,28029,3,23.97,248.69,16.06
2025-02-05,Google Ads,Discount Offer,First Touch,33916,2202,126174.6,205,881910,33277,2,57.3,615.49,6.99
2025-01-19,Google Ads,Winter Sale,Linear,18490,634,37646.92,104,352664,17500,4,59.38,361.99,9.37
2025-02-11,Meta Ads,Brand Awareness,Last Touch,26910,1799,68793.76,123,160761,13893,2,38.24,559.3,2.34
2025-05-17,Google Ads,Lead Gen,First Touch,20955,1305,30654.45,225,929025,11995,1,23.49,136.24,30.31
2025-01-12,Meta Ads,Discount Offer,Linear,15031,575,25719.75,19,29583,11182,1,44.73,1353.67,1.15
2025-02-04,Social Media,Winter Sale,Last Touch,9107,414,15156.54,45,172215,6122,2,36.61,336.81,11.36
2025-01-17,Email,Loyalty,Linear,42613,2075,115307.75,65,254930,25512,1,55.57,1773.97,2.21
2025-03-13,Meta Ads,Winter Sale,Linear,37478,1324,60453.84,100,173100,22162,1,45.66,604.54,2.86
2025-04-16,Email,Discount Offer,First Touch,6363,239,6823.45,9,33984,4378,1,28.55,758.16,4.98
2025-02-21,Google Ads,New Product Launch,Last Touch,29011,1161,54276.75,134,233830,15280,4,46.75,405.05,4.31
2025-02-07,Direct Traffic,Retargeting,Linear,20205,1127,29955.66,161,649796,17708,2,26.58,186.06,21.69
2025-06-18,Google Ads,App Install,Last Touch,10030,628,31173.92,75,322950,9596,5,49.64,415.65,10.36
2025-05-22,Display Ads,Lead Gen,Last Touch,37185,1688,78070.0,283,413180,25726,5,46.25,275.87,5.29
2025-05-03,Display Ads,Discount Offer,First Touch,18964,1069,13223.53,187,395318,16960,2,12.37,70.71,29.9
2025-01-11,Email,Lead Gen,Last Touch,19734,440,11783.2,51,127806,15463,5,26.78,231.04,10.85
2025-04-15,Social Media,Discount Offer,Linear,34900,2432,47691.52,114,396150,18453,4,19.61,418.35,8.31
2025-05-29,Direct Traffic,Festive Offer,Last Touch,49389,1106,44870.42,165,432960,40568,3,40.57,271.94,9.65
2025-05-11,Email,Loyalty,First Touch,42272,1114,65937.66,139,302464,33958,2,59.19,474.37,4.59
2025-01-09,Email,Winter Sale,Last Touch,44383,1396,28269.0,80,122560,44285,5,20.25,353.36,4.34
2025-03-22,Email,Brand Awareness,Last Touch,19935,1016,52903.12,167,206078,12265,1,52.07,316.79,3.9
2025-04-30,Direct Traffic,Discount Offer,Last Touch,17924,851,35869.65,49,196637,14636,3,42.15,732.03,5.48
2025-06-24,Direct Traffic,Summer Sale,Linear,27057,1768,76094.72,123,530130,14118,4,43.04,618.66,6.97
2025-05-13,Direct Traffic,Loyalty,Linear,32078,1519,67322.08,160,536320,24854,5,44.32,420.76,7.97
2025-02-12,Direct Traffic,Retargeting,First Touch,7050,454,14387.26,23,90344,3562,3,31.69,625.53,6.28
2025-01-06,Social Media,Winter Sale,Last Touch,9459,749,36461.32,55,89760,8362,3,48.68,662.93,2.46
2025-06-21,Display Ads,Lead Gen,Linear,6023,442,9958.26,75,97050,5853,3,22.53,132.78,9.75
2025-05-22,Display Ads,Festive Offer,Last Touch,10362,531,11347.47,37,110075,6213,3,21.37,306.69,9.7
2025-03-18,Display Ads,Brand Awareness,Linear,21958,1180,34869.0,49,220402,11235,1,29.55,711.61,6.32
2025-05-09,Display Ads,App Install,First Touch,20134,695,17354.15,101,407838,14740,3,24.97,171.82,23.5
2025-02-27,Google Ads,App Install,First Touch,13821,531,14634.36,49,165179,11549,5,27.56,298.66,11.29
2025-05-04,Direct Traffic,Winter Sale,Linear,49519,1168,22332.16,170,385560,32216,5,19.12,131.37,17.26
2025-01-26,Display Ads,App Install,Linear,43980,3197,108729.97,378,674352,30546,4,34.01,287.65,6.2
2025-05-27,Meta Ads,Winter Sale,Last Touch,6463,238,8429.96,10,39850,4015,1,35.42,843.0,4.73
2025-01-24,Social Media,Festive Offer,Last Touch,21060,592,7311.2,41,109183,16738,3,12.35,178.32,14.93
2025-01-25,Social Media,Discount Offer,First Touch,35390,1487,18141.4,226,323632,18401,2,12.2,80.27,17.84
2025-03-11,Meta Ads,App Install,Last Touch,17963,1144,18349.76,186,743256,16665,3,16.04,98.65,40.5
2025-01-08,Direct Traffic,Summer Sale,First Touch,29899,845,10773.75,107,196238,18315,1,12.75,100.69,18.21
2025-01-19,Email,Winter Sale,First Touch,46745,1121,43472.38,188,246280,44346,2,38.78,231.24,5.67
2025-01-08,Display Ads,Brand Awareness,Last Touch,11714,408,11791.2,47,66552,6127,3,28.9,250.88,5.64
2025-02-02,Meta Ads,Discount Offer,Linear,25269,906,37716.78,84,251328,23348,2,41.63,449.01,6.66
2025-04-04,Meta Ads,Lead Gen,Last Touch,48894,1377,66509.1,66,189816,28007,3,48.3,1007.71,2.85
2025-06-21,Social Media,Loyalty,Linear,45049,1741,80434.2,160,651840,25318,5,46.2,502.71,8.1
2025-03-12,Email,Summer Sale,First Touch,33743,2219,132762.77,171,313101,30026,5,59.83,776.39,2.36
2025-02-02,Direct Traffic,Loyalty,Last Touch,8933,464,10217.28,56,217840,7013,1,22.02,182.45,21.32
2025-02-16,Meta Ads,Retargeting,First Touch,27763,1480,57483.2,227,747511,14797,2,38.84,253.23,13.0
2025-06-21,Direct Traffic,Summer Sale,Linear,16232,819,7837.83,28,126000,12177,3,9.57,279.92,16.08
2025-01-12,Display Ads,Lead Gen,First Touch,43398,2654,144297.98,406,839202,33518,3,54.37,355.41,5.82
2025-03-17,Meta Ads,Summer Sale,First Touch,23382,1454,47414.94,150,335400,16364,3,32.61,316.1,7.07
2025-05-25,Display Ads,Winter Sale,Linear,21074,464,14017.44,70,97930,17660,1,30.21,200.25,6.99
2025-04-09,Social Media,Lead Gen,Linear,13894,603,21955.23,29,122902,12448,4,36.41,757.08,5.6
2025-04-04,Email,New Product Launch,Last Touch,35319,1964,95902.12,299,1047397,29181,3,48.83,320.74,10.92
2025-06-17,Display Ads,Brand Awareness,Linear,11597,329,3010.35,51,66249,9630,2,9.15,59.03,22.01
2025-04-03,Email,Summer Sale,Linear,17983,1010,10362.6,144,208368,12637,2,10.26,71.96,20.11
2025-06-11,Direct Traffic,Winter Sale,Last Touch,7036,326,5036.7,56,149856,6255,1,15.45,89.94,29.75
2025-06-30,Display Ads,Winter Sale,First Touch,13151,804,38784.96,50,136100,7056,2,48.24,775.7,3.51
2025-06-24,Direct Traffic,Loyalty,Last Touch,21156,1278,49931.46,217,490203,14959,2,39.07,230.1,9.82
2025-04-28,Social Media,Loyalty,Last Touch,15177,927,19124.01,40,129800,12433,3,20.63,478.1,6.79
2025-05-26,Display Ads,Winter Sale,Last Touch,25073,1410,66157.2,117,438984,18336,4,46.92,565.45,6.64
2025-05-10,Google Ads,Retargeting,Last Touch,17651,1121,37710.44,180,718020,11179,4,33.64,209.5,19.04
2025-01-28,Social Media,New Product Launch,First Touch,14507,1101,24827.55,36,74628,12165,2,22.55,689.65,3.01
2025-04-11,Direct Traffic,Retargeting,Last Touch,30392,794,23224.5,120,493200,15694,3,29.25,193.54,21.24
2025-01-11,Email,Festive Offer,Last Touch,48501,2036,24839.2,229,491663,40786,1,12.2,108.47,19.79
2025-02-01,Google Ads,Summer Sale,First Touch,13903,868,43261.12,95,348650,8277,1,49.84,455.38,8.06
2025-05-03,Direct Traffic,Winter Sale,Linear,46709,1882,49948.28,280,939120,27772,4,26.54,178.39,18.8
2025-04-18,Display Ads,App Install,Last Touch,16964,549,10392.57,74,154512,12237,4,18.93,140.44,14.87
2025-02-19,Direct Traffic,Retargeting,Linear,33866,1733,33325.59,160,680960,23064,1,19.23,208.28,20.43
2025-03-30,Google Ads,Brand Awareness,First Touch,14040,600,20082.0,86,127022,9129,2,33.47,233.51,6.33
2025-06-10,Direct Traffic,Winter Sale,Linear,39204,1690,90600.9,219,605973,30850,2,53.61,413.7,6.69
2025-05-08,Google Ads,Summer Sale,Last Touch,36221,1264,73842.88,105,127785,24484,1,58.42,703.27,1.73
2025-05-23,Display Ads,New Product Launch,First Touch,48598,3333,197913.54,125,468750,31166,2,59.38,1583.31,2.37
2025-04-30,Display Ads,New Product Launch,First Touch,13531,767,45575.14,125,290875,7466,3,59.42,364.6,6.38
2025-05-13,Email,Brand Awareness,First Touch,49850,3061,131102.63,549,2022516,45860,1,42.83,238.8,15.43
2025-05-15,Meta Ads,Festive Offer,Linear,6214,124,1371.44,6,7872,5403,4,11.06,228.57,5.74
2025-01-22,Meta Ads,Discount Offer,Linear,43295,3061,179741.92,251,553204,41183,3,58.72,716.1,3.08
2025-05-26,Display Ads,Brand Awareness,First Touch,20373,663,33329.01,100,439300,18641,4,50.27,333.29,13.18
2025-03-31,Google Ads,App Install,Last Touch,34194,2303,21970.62,126,158256,18954,4,9.54,174.37,7.2
2025-01-01,Social Media,Winter Sale,First Touch,35464,1424,23923.2,212,497140,21721,2,16.8,112.85,20.78
2025-01-07,Google Ads,App Install,Linear,45977,2426,81683.42,199,809731,38867,3,33.67,410.47,9.91
2025-03-29,Direct Traffic,Lead Gen,Last Touch,5320,293,11104.7,13,33449,2836,3,37.9,854.21,3.01
2025-06-08,Display Ads,Retargeting,First Touch,30613,1369,31692.35,121,365904,18222,5,23.15,261.92,11.55
2025-04-20,Email,Discount Offer,Linear,13181,491,21540.17,17,75633,8441,5,43.87,1267.07,3.51
2025-03-11,Direct Traffic,Summer Sale,First Touch,49694,3839,82461.72,346,565364,40804,4,21.48,238.33,6.86
2025-03-08,Direct Traffic,New Product Launch,Last Touch,44634,3222,169573.86,533,871988,36267,4,52.63,318.15,5.14
2025-04-25,Email,Brand Awareness,Last Touch,41432,3052,113259.72,493,1438574,39185,5,37.11,229.74,12.7
2025-06-28,Email,Lead Gen,Last Touch,34263,1241,14792.72,177,251871,30083,4,11.92,83.57,17.03
2025-04-28,Direct Traffic,Retargeting,Last Touch,23985,1846,63151.66,228,883500,21479,4,34.21,276.98,13.99
2025-05-18,Social Media,Summer Sale,First Touch,34787,1682,19797.14,90,319950,24364,1,11.77,219.97,16.16
2025-04-21,Direct Traffic,Winter Sale,Last Touch,49288,2967,104201.04,154,347886,32732,4,35.12,676.63,3.34
2025-05-20,Google Ads,Winter Sale,Last Touch,5179,194,6419.46,22,61446,4000,1,33.09,291.79,9.57
2025-05-11,Display Ads,Summer Sale,Last Touch,43004,1320,40220.4,177,639678,26075,1,30.47,227.23,15.9
2025-02-26,Direct Traffic,Retargeting,Last Touch,18653,1451,70184.87,69,185679,15705,4,48.37,1017.17,2.65
2025-02-17,Google Ads,Retargeting,First Touch,5318,114,5538.12,11,35992,5018,3,48.58,503.47,6.5
2025-05-31,Google Ads,Summer Sale,First Touch,14297,891,15539.04,130,358670,7309,1,17.44,119.53,23.08
2025-05-29,Social Media,Brand Awareness,Last Touch,37185,2553,48685.71,326,452814,25327,1,19.07,149.34,9.3
2025-02-21,Email,Discount Offer,First Touch,46738,2072,87065.44,101,334411,33958,4,42.02,862.03,3.84
2025-05-18,Email,Loyalty,Linear,44456,3551,110365.08,490,1473430,23132,4,31.08,225.23,13.35
2025-01-12,Display Ads,Brand Awareness,First Touch,37684,1369,37811.78,211,933464,26693,2,27.62,179.2,24.69
2025-04-24,Google Ads,Brand Awareness,Last Touch,43748,1083,57528.96,111,273615,31170,2,53.12,518.28,4.76
2025-04-10,Social Media,App Install,First Touch,48274,3074,156620.3,508,1105408,40643,4,50.95,308.31,7.06
2025-04-22,Meta Ads,Discount Offer,Last Touch,36326,2269,112542.4,351,1483677,28813,3,49.6,320.63,13.18
2025-04-06,Social Media,Festive Offer,Last Touch,12991,667,15407.7,73,236885,9014,1,23.1,211.06,15.37
2025-03-12,Meta Ads,App Install,Linear,28694,2093,85059.52,141,588252,26373,5,40.64,603.26,6.92
2025-05-09,Social Media,App Install,First Touch,32411,1051,22522.93,121,185856,26575,2,21.43,186.14,8.25
2025-02-04,Meta Ads,New Product Launch,Linear,43353,3037,107084.62,474,877848,25695,3,35.26,225.92,8.2
2025-05-25,Google Ads,Brand Awareness,Last Touch,13055,426,24891.18,55,67485,8898,3,58.43,452.57,2.71
2025-05-11,Email,Summer Sale,Last Touch,34712,2617,86648.87,221,868751,26069,1,33.11,392.08,10.03
2025-04-29,Direct Traffic,Festive Offer,Last Touch,5463,206,6122.32,24,51456,5093,1,29.72,255.1,8.4
2025-01-26,Display Ads,Winter Sale,Last Touch,33847,2002,67187.12,296,1164168,31672,4,33.56,226.98,17.33
2025-04-06,Display Ads,Festive Offer,Last Touch,31271,2241,73930.59,199,696898,21415,2,32.99,371.51,9.43
2025-01-03,Social Media,Summer Sale,Linear,14153,780,18844.8,126,246582,7654,4,24.16,149.56,13.08
2025-04-04,Google Ads,Winter Sale,Linear,45842,2394,80797.5,120,418320,39346,4,33.75,673.31,5.18
2025-02-06,Display Ads,Summer Sale,Last Touch,23079,657,5426.82,27,109782,20615,3,8.26,200.99,20.23
2025-06-27,Google Ads,Festive Offer,Linear,16152,899,32256.12,132,283800,13362,5,35.88,244.36,8.8
2025-04-21,Direct Traffic,Winter Sale,First Touch,9043,386,12703.26,29,86072,6177,5,32.91,438.04,6.78
2025-01-10,Meta Ads,Retargeting,First Touch,21839,760,13748.4,84,166068,20203,2,18.09,163.67,12.08
2025-03-03,Google Ads,Discount Offer,First Touch,12342,839,28886.77,109,309560,9068,3,34.43,265.02,10.72
2025-05-09,Social Media,Summer Sale,Last Touch,39279,1959,53519.88,263,698528,24668,5,27.32,203.5,13.05
2025-04-11,Google Ads,Summer Sale,First Touch,23119,729,28904.85,124,324756,19010,5,39.65,233.1,11.24
2025-02-24,Email,Discount Offer,Last Touch,42478,3091,56843.49,325,1338350,24155,2,18.39,174.9,23.54
2025-03-26,Email,Festive Offer,Last Touch,45476,2088,111895.92,268,544576,40518,5,53.59,417.52,4.87
2025-04-01,Direct Traffic,Lead Gen,Last Touch,48535,1699,54588.87,187,332112,34982,4,32.13,291.92,6.08
2025-01-12,Direct Traffic,Discount Offer,Linear,45286,2943,175549.95,430,1810300,36804,2,59.65,408.26,10.31
2025-03-09,Display Ads,Loyalty,Last Touch,46538,2244,100059.96,123,246246,36157,5,44.59,813.5,2.46
2025-03-14,Meta Ads,Festive Offer,Linear,28716,2015,66958.45,238,471954,21470,4,33.23,281.34,7.05
2025-05-25,Direct Traffic,Loyalty,First Touch,10928,751,6158.2,96,309600,6095,5,8.2,64.15,50.27
2025-01-15,Direct Traffic,Loyalty,Last Touch,49308,3541,182396.91,206,804430,39537,2,51.51,885.42,4.41
2025-01-26,Meta Ads,Discount Offer,Last Touch,46742,1145,11633.2,81,213921,35911,2,10.16,143.62,18.39
2025-03-20,Direct Traffic,Winter Sale,Last Touch,16984,493,6349.84,39,111969,12048,2,12.88,162.82,17.63
2025-06-04,Meta Ads,Summer Sale,First Touch,39204,1150,20481.5,57,98325,30187,2,17.81,359.32,4.8
2025-06-22,Social Media,Discount Offer,Last Touch,5949,202,8372.9,15,54570,5132,3,41.45,558.19,6.52
2025-01-17,Direct Traffic,Winter Sale,First Touch,9016,256,5816.32,19,81396,7346,1,22.72,306.12,13.99
2025-05-05,Email,Summer Sale,First Touch,44337,1451,77033.59,248,821128,23941,5,53.09,310.62,10.66
2025-06-13,Social Media,Loyalty,Last Touch,6601,187,4119.61,14,61964,4128,1,22.03,294.26,15.04
2025-01-07,Social Media,Brand Awareness,Last Touch,36733,946,34983.08,61,155245,26280,2,36.98,573.49,4.44
2025-05-06,Display Ads,New Product Launch,Last Touch,33584,1386,29632.68,124,371008,20962,4,21.38,238.97,12.52
2025-04-02,Display Ads,New Product Launch,Last Touch,26003,1003,56358.57,73,116654,15945,4,56.19,772.04,2.07
2025-04-15,Display Ads,Discount Offer,Last Touch,49783,1733,33429.57,252,1071252,29070,5,19.29,132.66,32.05
2025-03-10,Meta Ads,App Install,Linear,8342,583,33819.83,47,179916,4975,2,58.01,719.57,5.32
2025-03-07,Meta Ads,New Product Launch,Linear,8312,384,12506.88,60,204600,6863,5,32.57,208.45,16.36
2025-02-16,Email,App Install,Last Touch,17382,572,30888.0,65,113035,9402,2,54.0,475.2,3.66
2025-04-26,Google Ads,Loyalty,First Touch,14701,1164,30298.92,77,312158,13801,3,26.03,393.49,10.3
2025-03-22,Display Ads,Discount Offer,Last Touch,16846,422,19601.9,39,154362,11486,2,46.45,502.61,7.87
2025-01-09,Direct Traffic,Festive Offer,Linear,49104,1940,24482.8,59,137470,32790,2,12.62,414.96,5.61
2025-04-11,Email,New Product Launch,Last Touch,22501,841,15920.13,45,197415,20481,4,18.93,353.78,12.4
2025-05-31,Google Ads,Winter Sale,First Touch,15243,935,55155.65,127,480822,8082,4,58.99,434.3,8.72
2025-06-11,Meta Ads,Retargeting,Last Touch,31081,1960,40042.8,105,344715,16309,5,20.43,381.36,8.61
2025-04-25,Social Media,Summer Sale,Linear,36614,966,37944.48,60,204780,30501,2,39.28,632.41,5.4
2025-01-11,Google Ads,Brand Awareness,Linear,7843,580,24713.8,35,62125,5322,5,42.61,706.11,2.51
2025-04-19,Direct Traffic,App Install,Last Touch,26673,987,26866.14,90,284670,16050,5,27.22,298.51,10.6
2025-06-18,Email,App Install,Linear,6822,235,5231.1,21,43827,4313,2,22.26,249.1,8.38
2025-03-15,Display Ads,Summer Sale,Linear,48919,2190,115894.8,159,692922,26590,3,52.92,728.9,5.98
2025-03-17,Direct Traffic,Festive Offer,Linear,18152,725,23352.25,75,186300,10189,5,32.21,311.36,7.98
2025-04-04,Google Ads,App Install,Last Touch,42282,2557,68195.19,390,1044420,40143,4,26.67,174.86,15.32
2025-03-25,Display Ads,Brand Awareness,First Touch,46980,3537,197223.12,227,475792,38160,3,55.76,868.82,2.41
2025-02-09,Meta Ads,Loyalty,Last Touch,22828,1163,47857.45,50,175450,14031,2,41.15,957.15,3.67
2025-02-02,Email,Discount Offer,Linear,22404,903,29762.88,106,287048,14445,4,32.96,280.78,9.64
2025-06-14,Meta Ads,New Product Launch,Last Touch,30984,1387,30791.4,100,295900,20520,2,22.2,307.91,9.61
2025-01-15,Meta Ads,Loyalty,Last Touch,8030,423,8240.04,43,83076,6433,5,19.48,191.63,10.08
2025-02-06,Google Ads,Brand Awareness,Linear,18127,755,35764.35,57,225093,12179,5,47.37,627.44,6.29
2025-02-09,Meta Ads,Loyalty,Linear,29201,641,29005.25,84,205884,23902,4,45.25,345.3,7.1
2025-02-04,Social Media,Winter Sale,First Touch,35203,2404,103852.8,312,794040,24093,5,43.2,332.86,7.65
2025-01-14,Social Media,App Install,Linear,18921,1126,47438.38,160,456000,16962,5,42.13,296.49,9.61
2025-01-07,Google Ads,App Install,Linear,15212,587,16882.12,103,282735,12583,3,28.76,163.9,16.75
2025-06-26,Social Media,New Product Launch,Last Touch,49845,3448,149505.28,395,974070,31815,5,43.36,378.49,6.52
2025-04-15,Social Media,Retargeting,Linear,28329,2105,18629.25,166,592952,17125,3,8.85,112.22,31.83
2025-06-12,Display Ads,Retargeting,Linear,36242,2448,67564.8,281,505519,25025,2,27.6,240.44,7.48
2025-03-25,Display Ads,Retargeting,Last Touch,21059,1219,29036.58,187,540617,19381,5,23.82,155.28,18.62
2025-02-12,Display Ads,Brand Awareness,Linear,49697,1800,30960.0,264,1052040,32743,3,17.2,117.27,33.98
2025-06-13,Email,Festive Offer,Last Touch,31067,817,21552.46,139,336519,25355,4,26.38,155.05,15.61
2025-01-23,Social Media,Brand Awareness,Last Touch,38633,1690,57645.9,189,813267,36353,5,34.11,305.0,14.11
2025-05-01,Social Media,Retargeting,Last Touch,21422,1204,71300.88,196,840448,14738,5,59.22,363.78,11.79
2025-04-03,Google Ads,Lead Gen,Last Touch,45736,2855,84764.95,122,479704,32688,3,29.69,694.79,5.66
2025-01-13,Social Media,Lead Gen,First Touch,47976,1636,21726.08,109,143117,27962,4,13.28,199.32,6.59
2025-05-29,Direct Traffic,New Product Launch,Last Touch,35730,1616,18648.64,81,359235,24532,4,11.54,230.23,19.26
2025-05-07,Social Media,New Product Launch,Linear,44971,2386,19374.32,349,644254,27726,1,8.12,55.51,33.25
2025-01-20,Display Ads,New Product Launch,First Touch,37844,2492,43310.96,76,138852,26801,5,17.38,569.88,3.21
2025-01-26,Email,Retargeting,First Touch,9796,741,15264.6,114,434226,6674,1,20.6,133.9,28.45
2025-03-16,Google Ads,Loyalty,Linear,16628,411,13653.42,23,39100,15300,4,33.22,593.63,2.86
2025-02-17,Google Ads,Discount Offer,First Touch,45791,1871,16726.74,294,647682,26095,4,8.94,56.89,38.72
2025-05-05,Direct Traffic,Summer Sale,Last Touch,42702,2641,23003.11,356,1433612,24798,5,8.71,64.62,62.32
2025-06-13,Direct Traffic,Discount Offer,Last Touch,29655,2138,110812.54,347,1493141,17680,3,51.83,319.34,13.47
2025-03-21,Social Media,New Product Launch,Last Touch,19333,1296,44763.84,190,316350,15772,1,34.54,235.6,7.07
2025-03-22,Email,App Install,Last Touch,33531,1915,26637.65,337,484943,31582,1,13.91,79.04,18.21
2025-02-04,Display Ads,Retargeting,Linear,17214,1280,66406.4,48,180096,12496,5,51.88,1383.47,2.71
2025-01-03,Social Media,New Product Launch,Last Touch,46097,2895,119737.2,164,334396,28544,1,41.36,730.1,2.79
2025-04-08,Direct Traffic,Brand Awareness,First Touch,29553,2117,112751.42,131,299466,26210,1,53.26,860.7,2.66
2025-05-20,Meta Ads,Retargeting,Linear,27957,872,27424.4,47,84788,24718,1,31.45,583.5,3.09
2025-02-11,Google Ads,New Product Launch,First Touch,11470,529,19747.57,73,137094,10069,2,37.33,270.51,6.94
2025-02-12,Display Ads,App Install,Linear,6741,175,8293.25,15,49050,3823,1,47.39,552.88,5.91
2025-04-21,Display Ads,Lead Gen,Last Touch,13893,1072,8972.64,83,212812,8492,5,8.37,108.1,23.72
2025-04-12,Email,Retargeting,Last Touch,33994,1156,10195.92,64,237952,26790,1,8.82,159.31,23.34
2025-05-04,Direct Traffic,Summer Sale,First Touch,46989,3356,76214.76,439,1175642,29961,1,22.71,173.61,15.43
2025-06-05,Social Media,Winter Sale,First Touch,8974,537,5063.91,42,105378,4508,5,9.43,120.57,20.81
2025-03-08,Social Media,Summer Sale,First Touch,40897,1532,86266.92,148,318644,36719,5,56.31,582.88,3.69
2025-03-06,Display Ads,App Install,Linear,37252,855,7147.8,109,232170,19402,4,8.36,65.58,32.48
2025-04-11,Email,Winter Sale,First Touch,27265,2072,41605.76,164,201884,15011,4,20.08,253.69,4.85
2025-02-11,Display Ads,Retargeting,Last Touch,47024,2619,81241.38,443,781009,41485,2,31.02,183.39,9.61
2025-05-25,Google Ads,Discount Offer,Linear,40857,3042,44960.76,255,399840,25593,1,14.78,176.32,8.89
2025-02-19,Email,Brand Awareness,Last Touch,17808,1264,45225.92,51,190281,9551,3,35.78,886.78,4.21
2025-01-08,Meta Ads,Winter Sale,First Touch,31294,1216,13911.04,122,502762,29277,3,11.44,114.02,36.14
2025-05-02,Google Ads,Discount Offer,Last Touch,8212,493,10905.16,40,120040,7674,5,22.12,272.63,11.01
2025-05-23,Display Ads,New Product Launch,Linear,48080,1219,66435.5,180,403560,25875,4,54.5,369.09,6.07
2025-06-19,Social Media,Brand Awareness,Last Touch,46597,1764,76928.04,301,1029721,44847,5,43.61,255.57,13.39
2025-01-31,Social Media,Brand Awareness,First Touch,11540,920,52752.8,65,167245,11493,4,57.34,811.58,3.17
2025-05-08,Direct Traffic,Festive Offer,Last Touch,33768,1518,17760.6,241,416689,25664,5,11.7,73.7,23.46
2025-04-13,Direct Traffic,Brand Awareness,First Touch,36715,820,13095.4,36,105444,28397,3,15.97,363.76,8.05
2025-01-20,Display Ads,App Install,First Touch,13449,982,41833.2,111,247530,12490,3,42.6,376.88,5.92
2025-02-28,Email,App Install,Linear,15627,725,30573.25,56,110656,13781,2,42.17,545.95,3.62
2025-01-16,Social Media,Summer Sale,Linear,43538,2553,44651.97,179,628290,39975,4,17.49,249.45,14.07
2025-03-02,Email,Lead Gen,Last Touch,16445,1294,74767.32,159,314502,11743,3,57.78,470.23,4.21
2025-06-29,Display Ads,Brand Awareness,First Touch,21707,473,23843.93,31,101060,17421,4,50.41,769.16,4.24
2025-02-20,Direct Traffic,Loyalty,Linear,25207,1662,38026.56,121,212234,23700,4,22.88,314.27,5.58
2025-03-05,Social Media,Lead Gen,First Touch,25912,1642,46682.06,216,374976,24590,2,28.43,216.12,8.03
2025-06-04,Google Ads,Lead Gen,Linear,41232,1854,58604.94,101,185537,36125,2,31.61,580.25,3.17
2025-03-27,Meta Ads,New Product Launch,Last Touch,5194,396,16156.8,15,24405,4280,4,40.8,1077.12,1.51
2025-02-19,Meta Ads,Winter Sale,First Touch,12647,451,24187.13,19,53789,11973,2,53.63,1273.01,2.22
2025-03-07,Direct Traffic,Summer Sale,First Touch,32236,1054,17823.14,168,584472,22992,2,16.91,106.09,32.79
2025-02-25,Meta Ads,Summer Sale,Last Touch,7107,262,5724.7,22,90970,4033,3,21.85,260.21,15.89
2025-02-22,Email,Winter Sale,First Touch,10508,259,8363.11,18,64044,7424,3,32.29,464.62,7.66
2025-05-26,Email,App Install,Linear,23928,717,36043.59,89,300464,23737,3,50.27,404.98,8.34
2025-02-15,Direct Traffic,Winter Sale,Last Touch,20573,1035,56676.6,42,157752,12108,1,54.76,1349.44,2.78
2025-04-15,Email,App Install,Linear,45006,1369,28872.21,120,231480,41725,5,21.09,240.6,8.02
2025-05-09,Display Ads,Retargeting,Last Touch,33896,2159,53564.79,275,1030150,33195,3,24.81,194.78,19.23
2025-06-15,Social Media,Discount Offer,Last Touch,20719,1476,16501.68,114,192432,14636,3,11.18,144.75,11.66
2025-06-16,Google Ads,Lead Gen,First Touch,23216,1133,42578.14,189,408240,12406,3,37.58,225.28,9.59
2025-04-30,Social Media,Retargeting,Last Touch,26252,1690,101197.2,57,185820,14629,2,59.88,1775.39,1.84
2025-03-06,Display Ads,Winter Sale,First Touch,36352,1894,82180.66,334,630592,28286,2,43.39,246.05,7.67
2025-01-13,Direct Traffic,Discount Offer,Last Touch,46412,2086,62872.04,292,1056456,35961,1,30.14,215.32,16.8
2025-01-07,Display Ads,Loyalty,Linear,32080,1108,34558.52,84,135996,30473,2,31.19,411.41,3.94
2025-01-17,Social Media,App Install,Linear,46210,1026,26245.08,96,419040,31829,4,25.58,273.39,15.97
2025-01-22,Email,Loyalty,First Touch,11709,309,5117.04,9,37602,7418,1,16.56,568.56,7.35
2025-04-17,Google Ads,Brand Awareness,Last Touch,8453,264,15605.04,14,52402,7630,5,59.11,1114.65,3.36
2025-02-28,Direct Traffic,Retargeting,First Touch,16314,385,10910.9,16,68176,13907,5,28.34,681.93,6.25
2025-05-21,Email,Retargeting,Last Touch,7404,525,21084.0,75,279750,6178,4,40.16,281.12,13.27
2025-05-10,Email,Retargeting,First Touch,9040,531,12143.97,38,87552,5637,3,22.87,319.58,7.21
2025-04-11,Google Ads,App Install,First Touch,37003,1116,49874.04,122,357826,20720,3,44.69,408.8,7.17
2025-05-29,Email,Retargeting,Linear,26106,1681,75392.85,201,617271,18355,4,44.85,375.09,8.19
2025-06-28,Display Ads,New Product Launch,Last Touch,44898,2255,87584.2,77,191499,38797,4,38.84,1137.46,2.19
2025-05-28,Display Ads,Loyalty,Linear,40038,2839,53571.93,274,346336,35388,3,18.87,195.52,6.46
2025-06-10,Google Ads,Brand Awareness,Last Touch,43445,1438,31880.46,188,305124,32091,1,22.17,169.58,9.57
2025-03-13,Meta Ads,Loyalty,First Touch,20491,829,41483.16,117,204282,18940,3,50.04,354.56,4.92
2025-05-22,Direct Traffic,Festive Offer,Linear,46466,3616,108950.08,116,432448,36967,2,30.13,939.22,3.97
2025-04-02,Email,App Install,Last Touch,6120,455,11370.45,19,36138,3416,1,24.99,598.44,3.18
2025-01-23,Social Media,Winter Sale,First Touch,30521,912,13780.32,69,267996,19941,1,15.11,199.71,19.45
2025-05-15,Google Ads,Retargeting,Last Touch,27625,1517,16944.89,124,548080,23749,2,11.17,136.65,32.34
2025-03-24,Display Ads,Summer Sale,First Touch,27044,796,17806.52,53,231345,20946,5,22.37,335.97,12.99
2025-03-26,Google Ads,App Install,Linear,32351,2435,136798.3,355,894955,23691,2,56.18,385.35,6.54
2025-05-05,Email,Lead Gen,Linear,28109,1789,84083.0,142,269516,16848,3,47.0,592.13,3.21
2025-05-22,Email,Festive Offer,Last Touch,43835,3100,33077.0,399,1795101,32554,2,10.67,82.9,54.27
2025-02-10,Display Ads,Loyalty,Linear,16479,943,35136.18,135,398655,13608,2,37.26,260.27,11.35
2025-02-23,Social Media,Festive Offer,Last Touch,21698,1317,50585.97,224,834400,11713,2,38.41,225.83,16.49
2025-01-16,Meta Ads,Lead Gen,Last Touch,22642,504,4057.2,57,245727,12790,3,8.05,71.18,60.57
2025-05-27,Direct Traffic,Discount Offer,First Touch,23538,673,25129.82,52,130572,15396,5,37.34,483.27,5.2
2025-03-29,Google Ads,New Product Launch,Linear,44863,3241,89159.91,217,403403,42584,3,27.51,410.88,4.52
2025-04-17,Google Ads,Winter Sale,First Touch,33467,2171,19821.23,84,222600,21344,1,9.13,235.97,11.23
2025-04-12,Meta Ads,New Product Launch,Last Touch,31713,779,27584.39,81,261711,18950,4,35.41,340.55,9.49
2025-02-06,Social Media,Retargeting,Linear,30060,2227,133219.14,365,719780,25827,2,59.82,364.98,5.4
2025-06-27,Social Media,Brand Awareness,Last Touch,11711,734,29264.58,74,332630,9005,1,39.87,395.47,11.37
2025-03-04,Meta Ads,New Product Launch,First Touch,38069,2623,60801.14,112,432544,28909,2,23.18,542.87,7.11
2025-04-18,Direct Traffic,Festive Offer,First Touch,48579,1498,13227.34,180,362700,27145,2,8.83,73.49,27.42
2025-05-01,Social Media,Lead Gen,First Touch,15377,938,10758.86,109,316209,11665,4,11.47,98.71,29.39
2025-05-08,Display Ads,App Install,Last Touch,20739,1476,38066.04,255,700230,15466,3,25.79,149.28,18.4
2025-03-31,Email,Summer Sale,Linear,8812,286,15664.22,30,111360,7116,3,54.77,522.14,7.11
2025-02-21,Email,Discount Offer,First Touch,8311,235,9508.1,27,73467,5837,2,40.46,352.15,7.73
2025-01-13,Social Media,Loyalty,Linear,13866,437,9163.89,55,84480,8618,3,20.97,166.62,9.22
2025-06-23,Direct Traffic,Discount Offer,Last Touch,47914,2453,62526.97,362,1122924,24705,2,25.49,172.73,17.96
2025-04-07,Email,Brand Awareness,Last Touch,14084,957,28681.29,84,197568,12918,1,29.97,341.44,6.89
2025-03-23,Direct Traffic,Discount Offer,Linear,24461,937,32204.69,89,145871,19112,3,34.37,361.85,4.53
2025-05-24,Meta Ads,Winter Sale,Linear,13900,655,35173.5,107,327099,8991,1,53.7,328.72,9.3
2025-02-14,Social Media,Winter Sale,First Touch,33624,1815,92383.5,304,794048,22308,1,50.9,303.89,8.6
2025-02-10,Meta Ads,Summer Sale,Linear,45632,1477,47308.31,69,188508,40713,2,32.03,685.63,3.98
2025-05-18,Email,Lead Gen,Linear,44491,3276,127010.52,535,2215970,41560,3,38.77,237.4,17.45
2025-06-04,Email,Discount Offer,Last Touch,49479,3142,127251.0,125,511875,47689,5,40.5,1018.01,4.02
2025-03-12,Email,Festive Offer,Linear,24215,1934,58967.66,280,501480,16010,5,30.49,210.6,8.5
2025-01-02,Google Ads,Winter Sale,First Touch,29274,883,47152.2,156,658320,23260,4,53.4,302.26,13.96
2025-05-07,Social Media,Summer Sale,Last Touch,21754,1079,9160.71,43,155144,18576,4,8.49,213.04,16.94
2025-06-03,Direct Traffic,Summer Sale,First Touch,13187,970,22959.9,94,129532,12725,5,23.67,244.25,5.64
2025-06-23,Meta Ads,Festive Offer,Last Touch,14388,942,54221.52,155,657510,8244,5,57.56,349.82,12.13
2025-06-28,Google Ads,Brand Awareness,Linear,25289,1516,48496.84,250,333000,23051,4,31.99,193.99,6.87
2025-03-03,Email,Festive Offer,First Touch,49100,1713,50550.63,108,261360,24962,4,29.51,468.06,5.17
2025-05-31,Social Media,Retargeting,Linear,10754,463,10162.85,47,90522,9373,3,21.95,216.23,8.91
2025-03-15,Direct Traffic,Retargeting,Linear,37953,2379,101511.93,143,245102,37376,4,42.67,709.87,2.41
2025-05-06,Direct Traffic,Lead Gen,Last Touch,10918,846,36682.56,79,221358,9727,5,43.36,464.34,6.03
2025-01-18,Email,Summer Sale,Linear,35677,948,23614.68,147,584178,31482,1,24.91,160.64,24.74
2025-04-18,Display Ads,Lead Gen,Linear,24760,1951,73006.42,181,770336,16295,4,37.42,403.35,10.55
2025-03-06,Display Ads,Brand Awareness,Last Touch,42268,3083,74947.73,414,694278,23485,2,24.31,181.03,9.26
2025-02-23,Social Media,Summer Sale,Last Touch,17312,540,11642.4,46,69230,17024,2,21.56,253.1,5.95
2025-04-06,Display Ads,Loyalty,Last Touch,9415,523,6401.52,27,110808,8226,5,12.24,237.09,17.31
2025-04-26,Direct Traffic,Winter Sale,Linear,30417,1666,61275.48,181,640559,27556,5,36.78,338.54,10.45
2025-06-10,Social Media,Festive Offer,Linear,17989,451,13570.59,28,73444,11648,4,30.09,484.66,5.41
2025-06-10,Google Ads,Winter Sale,Linear,18426,798,42693.0,142,275338,14907,5,53.5,300.65,6.45
2025-01-21,Display Ads,Winter Sale,First Touch,20404,413,5893.51,42,120120,19809,1,14.27,140.32,20.38
2025-01-29,Display Ads,Festive Offer,First Touch,12072,786,9982.2,120,352920,8032,4,12.7,83.19,35.35
2025-06-24,Direct Traffic,Brand Awareness,Linear,28777,1727,34125.52,152,443840,27300,2,19.76,224.51,13.01
2025-02-14,Meta Ads,Brand Awareness,Last Touch,17357,709,23014.14,89,235405,16711,4,32.46,258.59,10.23
2025-04-06,Display Ads,Loyalty,Linear,23961,718,28447.16,54,79110,12010,3,39.62,526.8,2.78
2025-01-03,Direct Traffic,Brand Awareness,First Touch,15442,743,6657.28,106,261078,14004,5,8.96,62.8,39.22
2025-02-14,Direct Traffic,App Install,Last Touch,29965,971,47850.88,47,195896,18738,3,49.28,1018.1,4.09
2025-04-16,Google Ads,Discount Offer,Linear,38741,2379,37730.94,415,1415980,19478,4,15.86,90.92,37.53
2025-06-22,Direct Traffic,Loyalty,Last Touch,38133,2286,67391.28,116,170984,37487,3,29.48,580.96,2.54
2025-02-21,Direct Traffic,Discount Offer,Linear,11748,301,16967.37,31,47151,9696,4,56.37,547.33,2.78
2025-06-04,Google Ads,New Product Launch,Linear,30644,1392,39602.4,123,510327,25425,3,28.45,321.97,12.89
2025-05-03,Meta Ads,Lead Gen,First Touch,47601,1655,48888.7,260,931060,40689,3,29.54,188.03,19.04
2025-03-28,Google Ads,New Product Launch,First Touch,49818,2465,26030.4,137,536903,44609,3,10.56,190.0,20.63
2025-01-08,Meta Ads,App Install,Last Touch,19333,786,34426.8,102,167280,12957,2,43.8,337.52,4.86
2025-03-06,Direct Traffic,Summer Sale,First Touch,34374,2652,66724.32,259,414659,28403,1,25.16,257.62,6.21
2025-03-05,Google Ads,Summer Sale,Last Touch,37854,1789,20036.8,265,454475,31969,3,11.2,75.61,22.68
2025-02-08,Email,Loyalty,Last Touch,40508,2277,77486.31,122,507764,39894,5,34.03,635.13,6.55
2025-03-02,Social Media,Lead Gen,First Touch,5260,391,4629.44,18,64872,4542,4,11.84,257.19,14.01
2025-05-08,Display Ads,Winter Sale,Linear,10849,377,17247.75,34,89794,9032,4,45.75,507.29,5.21
2025-03-30,Meta Ads,Lead Gen,First Touch,13773,856,42680.16,75,264300,12255,3,49.86,569.07,6.19
2025-06-18,Email,Loyalty,Linear,6553,480,27724.8,54,189054,4355,5,57.76,513.42,6.82
2025-03-17,Meta Ads,Winter Sale,Linear,25961,1232,63263.2,219,617142,14238,2,51.35,288.87,9.76
2025-05-19,Social Media,Festive Offer,Last Touch,45981,1857,89878.8,322,431158,42081,1,48.4,279.13,4.8
2025-06-28,Email,Loyalty,Last Touch,31232,2020,70316.2,103,211459,24861,3,34.81,682.68,3.01
2025-06-01,Meta Ads,Festive Offer,First Touch,12669,693,15807.33,36,110952,6585,4,22.81,439.09,7.02
2025-04-09,Google Ads,Lead Gen,Last Touch,48997,1655,16202.45,181,613590,25860,4,9.79,89.52,37.87
2025-02-04,Google Ads,Retargeting,First Touch,19646,1484,66809.68,167,575983,11464,1,45.02,400.06,8.62
2025-02-10,Google Ads,Loyalty,Linear,32978,1443,47315.97,255,768570,21859,1,32.79,185.55,16.24
2025-02-21,Direct Traffic,App Install,First Touch,24348,1618,55287.06,288,788256,18098,4,34.17,191.97,14.26
2025-05-04,Google Ads,App Install,Linear,11595,634,28035.48,52,202800,8467,4,44.22,539.14,7.23
2025-03-15,Meta Ads,Loyalty,Last Touch,37054,1804,44234.08,159,484155,25120,5,24.52,278.2,10.95
2025-03-04,Google Ads,Festive Offer,Last Touch,44124,897,51317.37,160,369280,36011,5,57.21,320.73,7.2
2025-06-17,Social Media,App Install,Linear,20799,1312,13907.2,108,351864,17423,5,10.6,128.77,25.3
2025-02-01,Google Ads,Retargeting,Last Touch,18916,1491,22514.1,176,338096,16378,4,15.1,127.92,15.02
2025-02-02,Email,Winter Sale,Last Touch,38317,2823,123336.87,323,1069776,20853,3,43.69,381.85,8.67
2025-01-04,Google Ads,Winter Sale,Last Touch,13005,909,36032.76,90,378270,6608,1,39.64,400.36,10.5
2025-01-07,Google Ads,Loyalty,Linear,8643,673,37762.03,65,216190,8469,3,56.11,580.95,5.73
2025-03-07,Display Ads,App Install,Linear,20190,1167,53541.96,84,239064,19474,2,45.88,637.4,4.46
2025-05-27,Direct Traffic,Brand Awareness,Linear,44608,1631,30907.45,189,472878,41153,4,18.95,163.53,15.3
2025-05-08,Google Ads,Lead Gen,First Touch,14401,382,22106.34,31,53165,12609,5,57.87,713.11,2.4
2025-06-13,Email,Retargeting,Last Touch,46304,1114,13925.0,184,715208,24523,2,12.5,75.68,51.36
2025-04-01,Social Media,Winter Sale,Linear,5943,324,5388.12,37,53946,3714,3,16.63,145.62,10.01
2025-05-25,Display Ads,Loyalty,Linear,43641,968,42137.04,139,246169,29910,5,43.53,303.14,5.84
2025-05-19,Direct Traffic,App Install,Linear,32442,2570,72576.8,242,917422,22565,2,28.24,299.9,12.64
2025-05-15,Social Media,Summer Sale,First Touch,18239,1219,62461.56,39,80730,16825,5,51.24,1601.58,1.29
2025-02-25,Social Media,App Install,Last Touch,24018,1444,60546.92,47,75623,20373,2,41.93,1288.23,1.25
2025-04-15,Meta Ads,Retargeting,Linear,42255,2529,103562.55,406,1231398,21406,2,40.95,255.08,11.89
2025-04-09,Display Ads,New Product Launch,Linear,15934,1157,37648.78,95,234175,12548,1,32.54,396.3,6.22
2025-05-22,Email,Discount Offer,First Touch,19631,1364,18386.72,207,680202,16613,1,13.48,88.82,36.99
2025-03-29,Display Ads,App Install,Last Touch,34643,1718,66709.94,306,1347624,21737,1,38.83,218.01,20.2
2025-02-28,Google Ads,Retargeting,Linear,34092,1335,41077.95,46,150052,23131,2,30.77,893.0,3.65
2025-06-23,Google Ads,New Product Launch,Last Touch,5849,249,8321.58,25,90875,5559,2,33.42,332.86,10.92
2025-03-10,Social Media,App Install,Linear,16466,702,18083.52,113,165206,11335,4,25.76,160.03,9.14
2025-03-14,Social Media,Festive Offer,Last Touch,21958,1358,17558.94,192,479040,14728,4,12.93,91.45,27.28
2025-04-02,Meta Ads,Summer Sale,Last Touch,24690,1934,45352.3,293,973346,21058,2,23.45,154.79,21.46
2025-03-24,Meta Ads,Festive Offer,Linear,44553,2423,25489.96,113,376516,34246,1,10.52,225.57,14.77
2025-01-27,Google Ads,Summer Sale,Linear,33362,1620,33987.6,105,274050,19124,3,20.98,323.69,8.06
2025-04-28,Display Ads,Winter Sale,Linear,32555,1616,16046.88,137,535259,23055,5,9.93,117.13,33.36
2025-01-03,Social Media,Lead Gen,First Touch,38030,2438,145329.18,387,818118,27507,4,59.61,375.53,5.63
2025-03-24,Direct Traffic,Brand Awareness,First Touch,36776,1441,82943.96,54,203148,28192,3,57.56,1536.0,2.45
2025-04-07,Meta Ads,New Product Launch,First Touch,40420,2210,45747.0,273,729456,24745,3,20.7,167.57,15.95
2025-03-24,Display Ads,Brand Awareness,Last Touch,10054,392,21085.68,31,96937,9372,2,53.79,680.18,4.6
2025-04-14,Meta Ads,Lead Gen,Linear,5495,381,7059.93,20,46060,3342,4,18.53,353.0,6.52
2025-01-23,Display Ads,Discount Offer,Linear,39428,2556,72232.56,138,554484,36466,4,28.26,523.42,7.68
2025-05-29,Display Ads,Winter Sale,Last Touch,32391,2053,35619.55,336,699888,26559,4,17.35,106.01,19.65
2025-01-07,Meta Ads,Lead Gen,Last Touch,47693,3797,123098.74,545,2332600,46621,2,32.42,225.87,18.95
2025-04-16,Social Media,Discount Offer,Linear,17400,1306,64542.52,69,287385,13296,1,49.42,935.4,4.45
2025-02-14,Direct Traffic,New Product Launch,First Touch,38451,2507,20181.35,428,1200112,25301,3,8.05,47.15,59.47
2025-03-03,Direct Traffic,Loyalty,Last Touch,11212,837,22389.75,68,159052,6133,5,26.75,329.26,7.1
2025-06-06,Meta Ads,Summer Sale,Linear,39723,2910,161941.5,124,537664,19978,1,55.65,1305.98,3.32
2025-03-01,Email,Festive Offer,First Touch,6834,219,12169.83,23,68195,5361,2,55.57,529.12,5.6
2025-03-25,Direct Traffic,Winter Sale,Linear,5594,215,6714.45,32,110048,4354,3,31.23,209.83,16.39
2025-04-24,Google Ads,Festive Offer,Linear,43287,2719,114252.38,119,214795,33658,1,42.02,960.1,1.88
2025-05-15,Display Ads,Retargeting,Linear,31724,2361,57395.91,174,654240,19307,3,24.31,329.86,11.4
2025-04-23,Display Ads,Brand Awareness,Linear,49569,2549,136142.09,282,581766,25448,5,53.41,482.77,4.27
2025-02-13,Email,Lead Gen,Last Touch,16605,850,41777.5,107,301526,15950,2,49.15,390.44,7.22
2025-04-11,Meta Ads,Discount Offer,Last Touch,18261,632,33053.6,46,63066,10819,4,52.3,718.56,1.91
2025-02-10,Direct Traffic,Festive Offer,First Touch,38695,2560,51840.0,156,446004,29557,5,20.25,332.31,8.6
2025-01-13,Social Media,Winter Sale,Linear,37742,1391,16970.2,60,130860,27198,2,12.2,282.84,7.71
2025-06-24,Google Ads,New Product Launch,First Touch,9001,565,24780.9,49,105938,7574,4,43.86,505.73,4.27
2025-02-15,Meta Ads,Lead Gen,Last Touch,28778,2020,48298.2,148,179080,23128,3,23.91,326.34,3.71
2025-04-27,Social Media,Festive Offer,First Touch,15671,1155,30376.5,166,269916,13027,1,26.3,182.99,8.89
2025-05-11,Email,Lead Gen,Last Touch,10229,226,10400.52,33,140613,5472,1,46.02,315.17,13.52
2025-02-16,Display Ads,Brand Awareness,Last Touch,32449,1799,73992.87,173,641484,27039,3,41.13,427.7,8.67
2025-02-21,Social Media,Loyalty,First Touch,29886,2195,32859.15,168,251496,15334,4,14.97,195.59,7.65
2025-04-10,Direct Traffic,App Install,Linear,40674,1516,89913.96,244,513376,25170,1,59.31,368.5,5.71
2025-04-21,Email,Brand Awareness,First Touch,49780,1813,99062.32,264,935352,31281,3,54.64,375.24,9.44
2025-03-10,Direct Traffic,Winter Sale,First Touch,35206,865,9964.8,145,582030,32809,2,11.52,68.72,58.41
2025-06-07,Social Media,Summer Sale,First Touch,16071,556,23496.56,99,377784,15654,1,42.26,237.34,16.08
2025-04-19,Display Ads,App Install,First Touch,21553,1130,22792.1,71,143065,12775,4,20.17,321.02,6.28
2025-01-21,Email,App Install,Linear,25761,1066,49302.5,42,147210,21930,2,46.25,1173.87,2.99
2025-03-16,Social Media,Retargeting,First Touch,5379,372,6454.2,64,220672,2984,3,17.35,100.85,34.19
2025-06-17,Meta Ads,Brand Awareness,Linear,43437,3108,134762.88,157,471628,34578,5,43.36,858.36,3.5
2025-01-01,Google Ads,Retargeting,Last Touch,44798,2052,52079.76,75,190575,24268,4,25.38,694.4,3.66
2025-02-28,Direct Traffic,Retargeting,Last Touch,44330,1055,57117.7,78,110838,30260,2,54.14,732.28,1.94
2025-04-04,Google Ads,Retargeting,Last Touch,21423,1200,60396.0,177,386037,19904,2,50.33,341.22,6.39
2025-05-10,Email,Winter Sale,First Touch,49510,3484,115181.04,309,695868,31652,5,33.06,372.75,6.04
2025-05-30,Social Media,Winter Sale,First Touch,41840,2738,126878.92,90,190800,21781,5,46.34,1409.77,1.5
2025-04-16,Direct Traffic,Winter Sale,First Touch,23840,1272,53525.76,196,709324,22550,1,42.08,273.09,13.25
2025-05-12,Email,Brand Awareness,Last Touch,8750,570,12631.2,74,238946,5241,3,22.16,170.69,18.92
2025-05-30,Google Ads,Summer Sale,First Touch,41509,1142,21686.58,117,190593,22698,5,18.99,185.36,8.79
2025-01-14,Display Ads,Winter Sale,Last Touch,21852,1053,46258.29,121,487993,12101,4,43.93,382.3,10.55
2025-02-01,Display Ads,Winter Sale,Linear,5647,122,5480.24,10,33620,5606,5,44.92,548.02,6.13
2025-06-26,Email,Lead Gen,Last Touch,26597,1607,53529.17,98,235494,26089,3,33.31,546.22,4.4
2025-06-03,Display Ads,Festive Offer,Last Touch,5321,247,4789.33,21,30177,3856,4,19.39,228.06,6.3
2025-03-09,Google Ads,Retargeting,First Touch,41590,1095,8847.6,104,377832,27699,5,8.08,85.07,42.7
2025-06-13,Meta Ads,Summer Sale,First Touch,39962,2425,93241.25,175,429275,27057,5,38.45,532.81,4.6
2025-03-05,Email,Discount Offer,Last Touch,6193,174,6890.4,23,73094,4902,3,39.6,299.58,10.61
2025-02-03,Direct Traffic,Festive Offer,Last Touch,41742,1560,57813.6,58,227882,24103,4,37.06,996.79,3.94
2025-02-20,Display Ads,App Install,Linear,9554,454,7159.58,70,242690,5326,2,15.77,102.28,33.9
2025-03-28,Meta Ads,App Install,Last Touch,22539,662,33867.92,113,242046,21316,2,51.16,299.72,7.15
2025-01-03,Meta Ads,Loyalty,Last Touch,20750,1161,17473.05,156,440856,11059,5,15.05,112.01,25.23
2025-06-17,Social Media,Summer Sale,First Touch,16851,943,34947.58,94,203886,13180,1,37.06,371.78,5.83
2025-01-24,Google Ads,Winter Sale,Linear,44479,2194,99673.42,215,547605,31162,4,45.43,463.6,5.49
2025-02-21,Direct Traffic,App Install,Last Touch,7420,271,10460.6,33,117414,5418,4,38.6,316.99,11.22
2025-05-17,Google Ads,Loyalty,Last Touch,28894,2004,56613.0,318,1130490,22299,4,28.25,178.03,19.97
2025-03-01,Social Media,Festive Offer,First Touch,7052,421,20296.41,28,72940,5451,2,48.21,724.87,3.59
2025-04-13,Social Media,Loyalty,First Touch,8354,427,19975.06,31,51088,8247,3,46.78,644.36,2.56
2025-04-20,Social Media,Winter Sale,First Touch,7077,342,15424.2,18,29268,6342,5,45.1,856.9,1.9
2025-06-19,Social Media,App Install,Linear,34748,2366,102282.18,221,786760,20679,4,43.23,462.82,7.69
2025-03-23,Social Media,App Install,First Touch,20178,900,21627.0,36,47916,14409,5,24.03,600.75,2.22
2025-03-26,Display Ads,Lead Gen,Linear,32497,1525,84591.75,260,722020,21616,4,55.47,325.35,8.54
2025-06-27,Meta Ads,Lead Gen,First Touch,41256,3223,166725.79,380,638780,26075,4,51.73,438.75,3.83
2025-05-24,Social Media,Lead Gen,Linear,29053,2170,35935.2,253,1001627,24069,1,16.56,142.04,27.87
2025-06-09,Display Ads,Brand Awareness,Linear,39722,1490,67631.1,122,426268,30829,3,45.39,554.35,6.3
2025-02-19,Display Ads,New Product Launch,First Touch,23225,763,41781.88,46,154974,16869,3,54.76,908.3,3.71
2025-05-25,Display Ads,App Install,First Touch,37312,2585,79178.55,318,714228,27020,5,30.63,248.99,9.02
2025-01-25,Email,Winter Sale,First Touch,5313,125,5772.5,4,12080,4169,4,46.18,1443.12,2.09
2025-01-12,Meta Ads,New Product Launch,First Touch,8336,530,12847.2,77,232540,8151,2,24.24,166.85,18.1
2025-05-30,Display Ads,Lead Gen,Linear,15572,476,17711.96,61,155672,13923,3,37.21,290.36,8.79
2025-02-09,Display Ads,New Product Launch,Linear,22522,799,30849.39,82,347188,21078,2,38.61,376.21,11.25
2025-04-06,Google Ads,Loyalty,Last Touch,17773,1221,35665.41,187,470679,13405,4,29.21,190.72,13.2
2025-04-04,Social Media,App Install,Linear,48712,3802,78549.32,494,728156,26316,3,20.66,159.01,9.27
2025-02-18,Social Media,Retargeting,Last Touch,47438,2980,32392.6,281,907349,38778,1,10.87,115.28,28.01
2025-05-23,Email,New Product Launch,Linear,31299,629,25807.87,63,133497,27128,1,41.03,409.65,5.17
2025-03-07,Google Ads,Retargeting,Last Touch,29708,2294,25371.64,169,341887,29605,1,11.06,150.13,13.48
2025-04-15,Direct Traffic,Festive Offer,Last Touch,35464,1458,48084.84,262,784166,21352,2,32.98,183.53,16.31
2025-04-25,Social Media,App Install,First Touch,33775,1546,71966.3,121,348601,26574,2,46.55,594.76,4.84
2025-06-28,Display Ads,Retargeting,Linear,44812,3361,147043.75,207,712701,43019,1,43.75,710.36,4.85
2025-05-05,Direct Traffic,Festive Offer,Last Touch,31059,873,46234.08,137,410315,16096,2,52.96,337.48,8.87
2025-03-31,Email,New Product Launch,First Touch,30969,1809,107725.95,210,525840,23844,3,59.55,512.98,4.88
2025-04-18,Email,App Install,First Touch,26984,1217,62018.32,106,330084,21886,2,50.96,585.08,5.32
2025-06-17,Google Ads,New Product Launch,Last Touch,45655,971,42791.97,44,180752,34325,1,44.07,972.54,4.22
2025-06-19,Meta Ads,Festive Offer,First Touch,20568,728,32381.44,116,363080,13993,1,44.48,279.15,11.21
2025-02-04,Meta Ads,Brand Awareness,Linear,33308,1433,43907.12,251,595623,16793,3,30.64,174.93,13.57
2025-03-01,Direct Traffic,Retargeting,Last Touch,15274,880,36872.0,117,337779,12267,3,41.9,315.15,9.16
2025-02-26,Email,New Product Launch,Linear,15922,1221,41550.63,116,174000,11781,5,34.03,358.2,4.19
2025-06-20,Google Ads,Summer Sale,Linear,9442,324,18882.72,11,28193,8432,2,58.28,1716.61,1.49
2025-02-17,Google Ads,New Product Launch,Last Touch,34070,2433,115251.21,406,1418564,29645,3,47.37,283.87,12.31
2025-04-02,Email,Summer Sale,First Touch,31788,845,11999.0,81,341010,21592,3,14.2,148.14,28.42
2025-05-08,Google Ads,Summer Sale,First Touch,45822,3518,34757.84,315,1013670,31657,3,9.88,110.34,29.16
2025-01-24,Meta Ads,New Product Launch,Last Touch,49147,2712,139776.48,474,1629138,43884,4,51.54,294.89,11.66
2025-06-17,Meta Ads,Summer Sale,Linear,31027,1731,92539.26,115,340860,15921,1,53.46,804.69,3.68
2025-04-09,Direct Traffic,Retargeting,Last Touch,48614,1981,53566.24,202,872236,43554,4,27.04,265.18,16.28
2025-06-27,Email,Discount Offer,Linear,18156,880,30879.2,104,217568,10174,2,35.09,296.92,7.05
2025-04-27,Meta Ads,Winter Sale,Last Touch,26904,1393,12578.79,55,176935,20384,2,9.03,228.71,14.07
2025-01-29,Meta Ads,Winter Sale,Last Touch,10844,474,20633.22,19,34371,8957,3,43.53,1085.96,1.67
2025-03-05,Meta Ads,Retargeting,First Touch,49246,3321,182488.95,485,659600,48919,5,54.95,376.27,3.61
2025-01-25,Google Ads,Discount Offer,Last Touch,39604,2434,40720.82,336,502656,38098,5,16.73,121.19,12.34
2025-03-11,Google Ads,Lead Gen,Linear,48142,1688,52783.76,250,609250,42218,1,31.27,211.14,11.54
2025-02-04,Display Ads,Lead Gen,First Touch,36950,2410,94664.8,75,94350,35553,1,39.28,1262.2,1.0
2025-03-24,Social Media,Lead Gen,Linear,44847,3245,81579.3,415,1361200,23792,5,25.14,196.58,16.69
2025-01-31,Email,Brand Awareness,First Touch,19197,709,36619.85,57,76152,18656,1,51.65,642.45,2.08
2025-06-27,Direct Traffic,Brand Awareness,Last Touch,29684,2340,105136.2,189,723303,23332,4,44.93,556.28,6.88
2025-06-01,Social Media,Brand Awareness,Linear,17083,1327,64293.15,238,380324,15273,4,48.45,270.14,5.92
2025-05-26,Email,Festive Offer,First Touch,13984,1085,12911.5,181,432590,10515,4,11.9,71.33,33.5
2025-04-19,Email,Retargeting,Linear,12520,362,15797.68,50,175900,10550,2,43.64,315.95,11.13
2025-04-12,Meta Ads,Brand Awareness,Last Touch,22529,1291,65621.53,190,433010,20845,3,50.83,345.38,6.6
2025-06-03,Google Ads,Retargeting,Last Touch,5294,379,5961.67,25,38075,3710,4,15.73,238.47,6.39
2025-04-05,Display Ads,Summer Sale,Last Touch,12863,843,23873.76,87,286926,11606,1,28.32,274.41,12.02
2025-02-24,Google Ads,Winter Sale,Linear,45869,1867,20499.66,121,393613,41605,4,10.98,169.42,19.2
2025-03-16,Direct Traffic,Discount Offer,Last Touch,22738,934,33128.98,48,199920,20602,3,35.47,690.19,6.03
2025-02-18,Meta Ads,Retargeting,First Touch,6505,314,4923.52,22,91938,5515,4,15.68,223.8,18.67
2025-04-09,Email,Discount Offer,First Touch,32080,831,16046.61,132,355212,29388,3,19.31,121.57,22.14
2025-05-06,Email,Summer Sale,Linear,31008,840,39303.6,111,362304,18782,5,46.79,354.09,9.22
2025-03-04,Email,Brand Awareness,Linear,19368,816,33407.04,137,243312,17447,5,40.94,243.85,7.28
2025-05-16,Email,Loyalty,Linear,38419,1056,17888.64,100,276900,31427,4,16.94,178.89,15.48
2025-06-06,Meta Ads,Retargeting,Last Touch,48535,3636,107516.52,186,572322,38540,2,29.57,578.05,5.32
2025-02-05,Meta Ads,Festive Offer,Linear,20463,511,8712.55,41,91881,12242,5,17.05,212.5,10.55
2025-02-22,Social Media,Loyalty,Linear,27569,2148,88089.48,215,751855,27238,1,41.01,409.72,8.54
2025-02-11,Meta Ads,Lead Gen,First Touch,10762,771,26098.35,101,132209,8825,2,33.85,258.4,5.07
2025-05-25,Email,Summer Sale,First Touch,13750,892,37776.2,103,236385,10600,2,42.35,366.76,6.26
2025-04-04,Direct Traffic,New Product Launch,Last Touch,11257,896,46251.52,64,141440,10717,1,51.62,722.68,3.06
2025-01-08,Direct Traffic,New Product Launch,First Touch,20619,1322,19076.46,144,563760,17304,4,14.43,132.48,29.55
2025-05-27,Direct Traffic,Brand Awareness,Last Touch,32658,1906,110357.4,130,412620,26911,2,57.9,848.9,3.74
2025-01-14,Direct Traffic,Discount Offer,First Touch,48376,3499,81701.65,394,1294684,32390,2,23.35,207.36,15.85
2025-04-30,Social Media,Retargeting,Last Touch,6169,416,17226.56,40,164560,5032,5,41.41,430.66,9.55
2025-03-30,Direct Traffic,New Product Launch,First Touch,23514,671,16687.77,79,294038,13881,2,24.87,211.24,17.62
2025-03-09,Meta Ads,Summer Sale,Last Touch,36253,1706,29752.64,167,448061,32737,3,17.44,178.16,15.06
2025-01-13,Meta Ads,Discount Offer,Linear,39155,2017,52240.3,88,207152,36823,3,25.9,593.64,3.97
2025-04-21,Google Ads,New Product Launch,Linear,29802,935,18681.3,144,592416,27448,5,19.98,129.73,31.71
2025-05-06,Social Media,Lead Gen,Last Touch,16557,1137,10028.34,161,633052,12953,4,8.82,62.29,63.13
2025-03-26,Direct Traffic,Loyalty,Linear,21160,891,30427.65,106,321286,18359,1,34.15,287.05,10.56
2025-04-09,Social Media,New Product Launch,Linear,43649,1338,34386.6,66,251922,23612,2,25.7,521.01,7.33
2025-03-23,Email,Festive Offer,First Touch,32504,2039,90959.79,206,491722,22994,4,44.61,441.55,5.41
2025-06-15,Display Ads,Lead Gen,Linear,9472,484,23043.24,52,154908,6499,4,47.61,443.14,6.72
2025-01-21,Meta Ads,Loyalty,Last Touch,45527,2873,139541.61,227,1002432,41957,2,48.57,614.72,7.18
2025-06-30,Google Ads,Discount Offer,Linear,41718,1673,51511.67,107,405530,31744,1,30.79,481.42,7.87
2025-01-23,Social Media,Winter Sale,Last Touch,19009,943,35541.67,47,186261,12726,5,37.69,756.21,5.24
2025-05-30,Display Ads,Summer Sale,Last Touch,41878,3208,172109.2,422,1491770,23753,4,53.65,407.84,8.67
2025-05-22,Direct Traffic,Retargeting,First Touch,6332,143,6483.62,6,26586,3289,1,45.34,1080.6,4.1
2025-03-07,Meta Ads,Lead Gen,Last Touch,48765,2193,24123.0,125,193875,34927,4,11.0,192.98,8.04
2025-03-24,Social Media,Summer Sale,First Touch,21604,1555,74484.5,224,787136,17315,4,47.9,332.52,10.57
2025-01-26,Direct Traffic,Brand Awareness,Linear,38505,788,35523.04,98,259308,36122,4,45.08,362.48,7.3
2025-02-16,Email,Retargeting,Linear,16435,805,34631.1,101,419251,14673,4,43.02,342.88,12.11
2025-03-31,Direct Traffic,Retargeting,Linear,24491,1689,30942.48,62,162068,14128,4,18.32,499.07,5.24
2025-02-01,Social Media,App Install,First Touch,26750,637,26709.41,101,227048,16744,2,41.93,264.45,8.5
2025-03-25,Meta Ads,Festive Offer,Last Touch,29454,1782,77249.7,186,385206,18834,2,43.35,415.32,4.99
2025-04-10,Email,Lead Gen,Last Touch,26146,598,25480.78,18,73854,23674,5,42.61,1415.6,2.9
2025-04-23,Social Media,Discount Offer,Last Touch,5066,244,8008.08,30,120240,3279,5,32.82,266.94,15.01
2025-01-08,Display Ads,Discount Offer,Linear,42776,2386,78809.58,166,467290,34267,4,33.03,474.76,5.93
2025-06-04,Display Ads,Winter Sale,Last Touch,14932,1009,55182.21,143,440583,8446,2,54.69,385.89,7.98
2025-03-16,Meta Ads,Summer Sale,Last Touch,32734,1637,82013.7,241,1014851,17193,2,50.1,340.31,12.37
2025-02-09,Email,New Product Launch,Last Touch,42540,1799,27902.49,151,510229,35867,4,15.51,184.78,18.29
2025-05-06,Meta Ads,Summer Sale,Linear,5689,275,10210.75,12,17112,5552,4,37.13,850.9,1.68
2025-02-15,Social Media,New Product Launch,Linear,44019,1666,53295.34,146,609258,35614,1,31.99,365.04,11.43
2025-02-16,Direct Traffic,Festive Offer,First Touch,22059,1247,51413.81,151,587088,17662,2,41.23,340.49,11.42
2025-01-28,Social Media,Festive Offer,First Touch,33927,1357,60115.1,92,328992,18216,5,44.3,653.42,5.47
2025-03-23,Google Ads,Loyalty,Last Touch,30771,2256,65085.6,405,588060,26066,4,28.85,160.71,9.04
2025-02-21,Display Ads,Retargeting,Linear,12741,860,9288.0,113,315496,8491,1,10.8,82.19,33.97
2025-04-25,Social Media,App Install,Linear,47465,1107,26147.34,184,302128,26694,2,23.62,142.11,11.55
2025-06-17,Email,New Product Launch,Linear,36222,2351,140284.17,293,1076775,31729,3,59.67,478.79,7.68
2025-02-10,Display Ads,Retargeting,Linear,25768,1413,51277.77,135,421200,24303,1,36.29,379.84,8.21
2025-03-27,Email,Winter Sale,Linear,43844,2415,116064.9,244,474824,41183,5,48.06,475.68,4.09
2025-04-09,Social Media,Loyalty,First Touch,26342,989,36147.95,174,549492,13326,1,36.55,207.75,15.2
2025-06-18,Meta Ads,Loyalty,First Touch,19214,1278,65075.76,79,136433,16014,5,50.92,823.74,2.1
2025-05-27,Meta Ads,App Install,Last Touch,32570,689,7820.15,65,223080,30118,5,11.35,120.31,28.53
2025-03-15,Google Ads,Summer Sale,Last Touch,36590,915,13761.6,110,162360,35540,3,15.04,125.11,11.8
2025-02-14,Direct Traffic,Summer Sale,First Touch,43694,1799,53088.49,76,226784,43684,3,29.51,698.53,4.27
2025-03-28,Social Media,Loyalty,First Touch,15167,503,13666.51,81,326349,12062,3,27.17,168.72,23.88
2025-05-23,Display Ads,Brand Awareness,Last Touch,17776,361,15407.48,52,178880,11793,5,42.68,296.3,11.61
2025-02-27,Meta Ads,Summer Sale,First Touch,40597,2891,102370.31,302,825668,26651,3,35.41,338.97,8.07
2025-06-03,Direct Traffic,Festive Offer,Last Touch,36747,2814,82590.9,364,1536080,34718,3,29.35,226.9,18.6
2025-04-16,Email,Summer Sale,Last Touch,7216,341,5404.85,36,58320,6713,1,15.85,150.13,10.79
2025-02-01,Social Media,Summer Sale,Linear,49845,1144,41653.04,194,614204,35279,4,36.41,214.71,14.75
2025-03-21,Email,Brand Awareness,Linear,49410,1991,27435.98,63,212247,25050,1,13.78,435.49,7.74
2025-01-01,Social Media,Lead Gen,Linear,32555,1601,53745.57,280,626640,24461,4,33.57,191.95,11.66
2025-01-21,Social Media,New Product Launch,Last Touch,39825,2735,125673.25,473,1297439,26264,4,45.95,265.69,10.32
2025-06-12,Email,Festive Offer,Last Touch,20875,1589,32050.13,242,729146,14967,5,20.17,132.44,22.75
2025-04-15,Meta Ads,New Product Launch,Last Touch,42824,3153,49470.57,469,1892884,35515,2,15.69,105.48,38.26
2025-05-09,Google Ads,Loyalty,First Touch,27605,552,10692.24,40,138000,24268,4,19.37,267.31,12.91
2025-03-04,Email,Summer Sale,First Touch,26176,2036,28504.0,149,373692,23465,1,14.0,191.3,13.11
2025-03-06,Display Ads,Retargeting,Last Touch,6731,386,20434.84,48,141552,4036,5,52.94,425.73,6.93
2025-01-20,Email,Summer Sale,Linear,36903,1736,102042.08,158,199870,35904,3,58.78,645.84,1.96
2025-05-29,Google Ads,Loyalty,Linear,11103,514,12079.0,90,193410,8736,4,23.5,134.21,16.01
2025-04-04,Meta Ads,Loyalty,Last Touch,47306,2446,64085.2,238,577388,40232,5,26.2,269.27,9.01
2025-06-24,Direct Traffic,Summer Sale,Linear,28737,1355,28089.15,203,752521,23137,3,20.73,138.37,26.79
2025-03-09,Email,Loyalty,Last Touch,9228,693,14303.52,79,153339,7390,4,20.64,181.06,10.72
2025-03-06,Display Ads,App Install,Last Touch,23197,793,32742.97,33,69630,19914,3,41.29,992.21,2.13
2025-05-12,Display Ads,App Install,Last Touch,30132,2234,26316.52,354,1324668,16399,5,11.78,74.34,50.34
2025-05-25,Social Media,App Install,Last Touch,29465,1460,77759.6,161,338744,16810,2,53.26,482.98,4.36
2025-06-02,Google Ads,Brand Awareness,First Touch,26213,1450,35699.0,119,198016,20284,2,24.62,299.99,5.55
2025-04-08,Email,Lead Gen,Last Touch,23637,518,23791.74,20,42340,16360,3,45.93,1189.59,1.78
2025-02-17,Email,Festive Offer,First Touch,48103,3096,100341.36,548,1080108,44041,2,32.41,183.1,10.76
2025-03-05,Google Ads,Festive Offer,Last Touch,20515,659,35335.58,39,160797,16293,5,53.62,906.04,4.55
2025-05-01,Email,Loyalty,Linear,40500,858,24530.22,130,424190,26341,1,28.59,188.69,17.29
2025-06-02,Display Ads,Brand Awareness,Linear,37118,1989,94915.08,156,487812,35082,5,47.72,608.43,5.14
2025-02-07,Direct Traffic,App Install,First Touch,35478,2523,75942.3,93,290160,32669,2,30.1,816.58,3.82
2025-05-29,Direct Traffic,Lead Gen,Linear,21204,1527,79358.19,140,494340,18786,5,51.97,566.84,6.23
2025-05-08,Social Media,Summer Sale,Last Touch,5729,386,18223.06,51,122247,4000,3,47.21,357.31,6.71
2025-06-19,Google Ads,App Install,Linear,14207,796,12871.32,96,401952,13438,1,16.17,134.08,31.23
2025-06-25,Google Ads,Brand Awareness,Last Touch,45118,1528,26678.88,263,751391,34214,2,17.46,101.44,28.16
2025-04-25,Social Media,Retargeting,Last Touch,23982,1034,9119.88,127,501269,13275,3,8.82,71.81,54.96
2025-04-19,Display Ads,Discount Offer,First Touch,35068,1631,30287.67,183,797148,32027,2,18.57,165.51,26.32
2025-03-13,Direct Traffic,Summer Sale,Linear,10934,688,26625.6,107,370755,9238,1,38.7,248.84,13.92
2025-05-10,Direct Traffic,Lead Gen,Last Touch,5468,271,12200.42,39,157131,4989,1,45.02,312.83,12.88
2025-04-04,Meta Ads,Festive Offer,Last Touch,45539,2623,40341.74,283,1057288,34924,1,15.38,142.55,26.21
2025-04-27,Direct Traffic,Brand Awareness,Last Touch,10378,704,36826.24,64,185664,8862,2,52.31,575.41,5.04
2025-01-17,Meta Ads,Lead Gen,First Touch,25812,1117,23010.2,108,142020,15906,4,20.6,213.06,6.17
2025-05-14,Email,New Product Launch,Last Touch,42300,3072,113510.4,163,388266,39942,2,36.95,696.38,3.42
2025-03-21,Google Ads,New Product Launch,Last Touch,11778,574,4666.62,93,373860,7463,5,8.13,50.18,80.11
2025-01-10,Social Media,Summer Sale,Linear,19139,421,15610.68,55,179025,12914,4,37.08,283.83,11.47
2025-05-13,Google Ads,Festive Offer,Last Touch,15609,498,14202.96,40,115760,8180,4,28.52,355.07,8.15
2025-05-02,Display Ads,Summer Sale,Last Touch,41970,1735,84668.0,243,1041255,31704,3,48.8,348.43,12.3
2025-01-26,Google Ads,Summer Sale,Linear,46864,2818,87301.64,465,806775,35025,1,30.98,187.75,9.24
2025-03-17,Google Ads,Retargeting,Last Touch,39943,2359,109316.06,264,344520,37684,3,46.34,414.08,3.15
2025-03-25,Social Media,App Install,First Touch,18843,764,26128.8,109,480908,17164,2,34.2,239.71,18.41
2025-01-12,Social Media,Brand Awareness,First Touch,23882,1826,16160.1,133,360962,12912,4,8.85,121.5,22.34
2025-03-19,Social Media,New Product Launch,First Touch,31612,1351,47555.2,64,277696,26955,1,35.2,743.05,5.84
2025-01-23,Email,Summer Sale,Linear,30061,2349,29714.85,298,377864,26574,3,12.65,99.71,12.72
2025-04-23,Direct Traffic,Summer Sale,First Touch,7758,174,8894.88,13,31616,4017,5,51.12,684.22,3.55
2025-05-31,Meta Ads,Retargeting,Linear,36297,776,41484.96,89,355288,19364,4,53.46,466.12,8.56
2025-03-21,Social Media,Winter Sale,Linear,20859,832,34736.0,117,451620,18722,1,41.75,296.89,13.0
2025-06-23,Meta Ads,Festive Offer,First Touch,41858,1383,32127.09,70,131180,30903,3,23.23,458.96,4.08
2025-03-25,Social Media,Discount Offer,Last Touch,7515,386,7523.14,31,136524,6882,3,19.49,242.68,18.15
2025-06-14,Direct Traffic,Retargeting,Last Touch,22835,1343,71635.62,163,669604,18084,4,53.34,439.48,9.35
2025-06-29,Meta Ads,Loyalty,First Touch,7662,488,10496.88,30,123240,6078,1,21.51,349.9,11.74
2025-03-11,Direct Traffic,Lead Gen,Linear,32336,1608,26724.96,124,301940,16335,5,16.62,215.52,11.3
2025-04-07,Google Ads,App Install,First Touch,42003,2300,131445.0,141,456699,21456,5,57.15,932.23,3.47
2025-05-09,Google Ads,Festive Offer,Last Touch,39950,2982,39779.88,489,1046949,37852,3,13.34,81.35,26.32
2025-04-08,Social Media,Discount Offer,Linear,16837,891,24030.27,40,89320,13751,3,26.97,600.76,3.72
2025-04-15,Display Ads,Retargeting,Last Touch,33782,1145,18377.25,94,275138,20430,2,16.05,195.5,14.97
2025-04-23,Display Ads,Loyalty,Linear,34650,1513,72699.65,82,352272,28946,4,48.05,886.58,4.85
2025-06-13,Social Media,Winter Sale,Last Touch,23356,977,36031.76,121,466092,19961,5,36.88,297.78,12.94
2025-04-26,Google Ads,App Install,First Touch,47731,1586,75239.84,231,366135,37768,1,47.44,325.71,4.87
2025-03-13,Meta Ads,Festive Offer,First Touch,22370,1567,75278.68,152,442168,16640,1,48.04,495.25,5.87
2025-03-09,Email,Discount Offer,Last Touch,17147,785,17866.6,64,249664,16768,2,22.76,279.17,13.97
2025-06-03,Display Ads,Loyalty,Last Touch,29190,1033,43706.23,161,719509,29069,1,42.31,271.47,16.46
2025-02-26,Direct Traffic,App Install,Linear,7918,279,9572.49,43,75379,4044,5,34.31,222.62,7.87
2025-02-18,Social Media,New Product Launch,Last Touch,21156,1177,66394.57,165,409035,13422,4,56.41,402.39,6.16
2025-06-21,Display Ads,Brand Awareness,Linear,36840,1358,58597.7,104,236184,27275,1,43.15,563.44,4.03
2025-02-13,Display Ads,Discount Offer,First Touch,28088,884,14197.04,73,202794,15458,5,16.06,194.48,14.28
2025-02-20,Meta Ads,Festive Offer,Linear,14990,1047,19694.07,71,120913,14565,3,18.81,277.38,6.14
2025-03-30,Google Ads,Brand Awareness,Linear,48713,2001,112756.35,321,1211454,36218,2,56.35,351.27,10.74
2025-05-04,Email,Brand Awareness,Last Touch,31343,2324,79411.08,91,211211,26275,5,34.17,872.65,2.66
2025-02-14,Direct Traffic,Brand Awareness,Last Touch,15246,735,11664.45,42,103152,7890,2,15.87,277.73,8.84
2025-06-18,Social Media,New Product Launch,Last Touch,39701,3024,139497.12,203,581595,35246,2,46.13,687.18,4.17
2025-04-26,Meta Ads,New Product Launch,First Touch,31832,876,27375.0,121,362758,20690,4,31.25,226.24,13.25
2025-06-07,Email,Lead Gen,Linear,13101,718,37278.56,103,350303,10206,4,51.92,361.93,9.4
2025-03-17,Social Media,Retargeting,Linear,23974,865,34383.75,128,259072,18820,4,39.75,268.62,7.53
2025-03-30,Direct Traffic,App Install,First Touch,31429,1399,30148.45,212,258216,30620,3,21.55,142.21,8.56
2025-02-28,Display Ads,Festive Offer,Last Touch,47347,2371,113072.99,82,123738,36676,1,47.69,1378.94,1.09
2025-02-22,Google Ads,App Install,Last Touch,44116,921,19018.65,33,67617,40230,5,20.65,576.32,3.56
2025-02-26,Meta Ads,New Product Launch,First Touch,47872,1873,109739.07,320,1338240,27076,5,58.59,342.93,12.19
2025-01-05,Google Ads,Festive Offer,Last Touch,23320,1222,10496.98,82,143746,20470,1,8.59,128.01,13.69
2025-01-31,Social Media,New Product Launch,Linear,39636,2782,128973.52,339,913944,26173,1,46.36,380.45,7.09
2025-01-29,Email,Winter Sale,Linear,20792,1118,40583.4,49,156065,14427,3,36.3,828.23,3.85
2025-01-23,Email,Loyalty,First Touch,6408,387,18688.23,12,35052,3955,2,48.29,1557.35,1.88
2025-04-08,Email,Brand Awareness,Last Touch,31029,691,10599.94,115,445510,18374,2,15.34,92.17,42.03
2025-03-21,Display Ads,Lead Gen,Linear,44657,1246,70423.92,216,351864,43244,5,56.52,326.04,5.0
2025-06-28,Meta Ads,Festive Offer,Linear,11507,881,42613.97,71,206113,6780,1,48.37,600.2,4.84
2025-01-16,Social Media,Winter Sale,First Touch,10071,396,13052.16,48,171984,9101,1,32.96,271.92,13.18
2025-04-12,Meta Ads,Loyalty,Linear,9213,204,12227.76,20,52980,6112,4,59.94,611.39,4.33
2025-05-16,Display Ads,Festive Offer,Last Touch,8251,650,12447.5,73,315652,7330,5,19.15,170.51,25.36
2025-06-22,Meta Ads,Discount Offer,Last Touch,7750,360,7110.0,64,90880,6027,4,19.75,111.09,12.78
2025-01-22,Email,New Product Launch,Linear,6172,195,1661.4,31,56885,3193,1,8.52,53.59,34.24
2025-03-29,Direct Traffic,Festive Offer,First Touch,31070,2105,69633.4,262,1013940,30866,3,33.08,265.78,14.56
2025-05-07,Email,Lead Gen,Last Touch,47813,2244,79033.68,247,832143,44092,2,35.22,319.97,10.53
2025-01-17,Meta Ads,Retargeting,Last Touch,19969,1037,56277.99,177,323025,19749,2,54.27,317.95,5.74
2025-02-14,Meta Ads,Loyalty,Last Touch,48949,2973,172820.49,235,317720,28148,3,58.13,735.41,1.84
2025-06-01,Direct Traffic,New Product Launch,Linear,49822,3838,208902.34,396,1071576,34467,2,54.43,527.53,5.13
2025-06-14,Google Ads,Lead Gen,Linear,31333,2106,56377.62,147,505092,16519,1,26.77,383.52,8.96
2025-05-02,Direct Traffic,Loyalty,First Touch,22668,1478,28481.06,135,493020,19906,2,19.27,210.97,17.31
2025-05-03,Email,Summer Sale,Linear,47570,1994,17726.66,308,793716,41615,2,8.89,57.55,44.78
2025-05-19,Display Ads,Summer Sale,First Touch,5892,426,14479.74,42,55776,5473,5,33.99,344.76,3.85
2025-01-14,Direct Traffic,New Product Launch,First Touch,34084,2296,29710.24,371,1650950,24481,3,12.94,80.08,55.57
2025-05-31,Direct Traffic,Lead Gen,First Touch,23530,743,15082.9,112,306320,22796,4,20.3,134.67,20.31
2025-05-29,Display Ads,Winter Sale,First Touch,12571,288,6981.12,9,33579,11832,2,24.24,775.68,4.81
2025-02-23,Email,Retargeting,First Touch,33493,1004,17128.24,176,250448,23531,1,17.06,97.32,14.62
2025-04-10,Direct Traffic,Winter Sale,First Touch,30318,1331,75494.32,86,236672,16707,3,56.72,877.84,3.13
2025-01-14,Social Media,Retargeting,First Touch,11907,243,7950.96,32,54240,10885,5,32.72,248.47,6.82
2025-03-17,Email,App Install,Linear,21387,487,23205.55,58,220864,20075,3,47.65,400.1,9.52
2025-01-08,Social Media,Discount Offer,Linear,5761,117,5985.72,17,49147,4686,2,51.16,352.1,8.21
2025-06-13,Email,Retargeting,Last Touch,19800,829,22540.51,83,246510,13809,3,27.19,271.57,10.94
2025-02-16,Email,Discount Offer,First Touch,47739,3662,57859.6,211,708749,36201,4,15.8,274.22,12.25
2025-01-26,Google Ads,Festive Offer,Last Touch,26399,1704,15557.52,126,237636,16365,3,9.13,123.47,15.27
2025-04-25,Display Ads,App Install,Last Touch,10318,617,23544.72,52,80600,9241,3,38.16,452.78,3.42
2025-02-19,Meta Ads,Retargeting,Linear,37505,2693,108931.85,330,1062600,30151,2,40.45,330.1,9.75
2025-04-11,Google Ads,Summer Sale,Linear,35447,2716,95548.88,367,1227982,21502,4,35.18,260.35,12.85
2025-05-22,Meta Ads,Discount Offer,Last Touch,11939,466,26920.82,20,45140,7300,3,57.77,1346.04,1.68
2025-01-30,Meta Ads,Winter Sale,Linear,37817,1463,39413.22,110,319550,33312,2,26.94,358.3,8.11
2025-01-20,Direct Traffic,New Product Launch,Last Touch,9872,744,24135.36,116,478384,7096,1,32.44,208.06,19.82
2025-05-27,Google Ads,Festive Offer,Last Touch,44132,1733,95384.32,134,190146,39850,3,55.04,711.82,1.99
2025-05-02,Direct Traffic,Brand Awareness,First Touch,21657,442,6347.12,78,122538,18904,4,14.36,81.37,19.31
2025-01-23,Display Ads,Brand Awareness,Last Touch,11833,383,20528.8,18,71136,6945,4,53.6,1140.49,3.47
2025-02-24,Social Media,New Product Launch,First Touch,48559,3745,152945.8,477,1461051,29598,1,40.84,320.64,9.55
2025-03-04,Email,App Install,Linear,29948,1241,64048.01,85,112625,16016,5,51.61,753.51,1.76
2025-01-17,Direct Traffic,Summer Sale,Last Touch,13511,903,41167.77,123,368016,11284,2,45.59,334.7,8.94
2025-03-16,Google Ads,Discount Offer,Last Touch,23360,755,35968.2,42,164052,23269,1,47.64,856.39,4.56
2025-02-01,Email,App Install,Last Touch,24113,1435,81823.7,74,316942,20709,2,57.02,1105.73,3.87
2025-02-02,Meta Ads,Brand Awareness,Linear,32880,2422,130497.36,118,177000,19036,4,53.88,1105.91,1.36
2025-05-11,Email,Festive Offer,First Touch,19700,1006,57704.16,120,314880,11452,3,57.36,480.87,5.46
2025-06-07,Meta Ads,New Product Launch,Last Touch,32693,1420,22208.8,222,716616,21042,4,15.64,100.04,32.27
2025-03-07,Email,New Product Launch,First Touch,11458,879,41409.69,62,275652,8305,1,47.11,667.9,6.66
2025-04-21,Google Ads,Summer Sale,Linear,23873,625,27456.25,38,147250,13643,2,43.93,722.53,5.36
2025-06-14,Direct Traffic,Winter Sale,Linear,32871,2122,104126.54,265,1139500,16824,4,49.07,392.93,10.94
2025-05-20,Social Media,Brand Awareness,Linear,36688,1912,72617.76,253,636295,33183,4,37.98,287.03,8.76
2025-01-14,Google Ads,Lead Gen,Linear,19904,1573,35014.98,211,531931,14511,3,22.26,165.95,15.19
2025-05-06,Email,App Install,First Touch,20605,742,14535.78,131,507494,20275,4,19.59,110.96,34.91
2025-03-05,Display Ads,Loyalty,Last Touch,7256,185,5583.3,26,47814,7052,3,30.18,214.74,8.56
2025-03-03,Google Ads,App Install,Last Touch,8196,288,2364.48,32,100480,4249,1,8.21,73.89,42.5
2025-01-30,Social Media,Summer Sale,Linear,31072,1659,73360.98,116,147668,27623,5,44.22,632.42,2.01
2025-04-02,Meta Ads,Loyalty,First Touch,26466,1679,70803.43,139,507767,18969,4,42.17,509.38,7.17
2025-05-27,Meta Ads,Lead Gen,First Touch,39775,1432,65814.72,126,411894,21513,4,45.96,522.34,6.26
2025-02-22,Direct Traffic,Loyalty,Linear,46622,3426,78729.48,321,1220442,26419,1,22.98,245.26,15.5
2025-06-02,Email,Winter Sale,First Touch,46697,3257,159723.28,184,588432,40151,5,49.04,868.06,3.68
2025-01-07,Social Media,Lead Gen,Linear,48000,1115,38043.8,67,289507,28021,2,34.12,567.82,7.61
2025-06-20,Google Ads,App Install,Linear,26773,1503,80666.01,78,144768,16821,2,53.67,1034.18,1.79
2025-01-21,Meta Ads,Summer Sale,Last Touch,36853,1839,47814.0,282,1156482,25444,5,26.0,169.55,24.19
2025-03-30,Display Ads,Discount Offer,Last Touch,16459,1009,44759.24,175,397075,9735,2,44.36,255.77,8.87
2025-03-13,Meta Ads,App Install,Linear,37411,1171,21640.08,149,320648,34763,3,18.48,145.24,14.82
2025-02-16,Google Ads,Winter Sale,Linear,14899,308,6511.12,10,36320,9402,4,21.14,651.11,5.58
2025-03-08,Google Ads,Summer Sale,Linear,38304,1812,72697.44,221,394927,30371,1,40.12,328.95,5.43
2025-06-19,Email,Loyalty,First Touch,48456,3758,185156.66,240,918000,24299,5,49.27,771.49,4.96
2025-04-04,Email,Lead Gen,Last Touch,37399,2111,123113.52,255,718845,28378,2,58.32,482.8,5.84
2025-05-06,Meta Ads,App Install,Linear,27821,1313,25695.41,181,290867,20828,1,19.57,141.96,11.32
2025-02-02,Social Media,Retargeting,First Touch,20686,811,10786.3,132,198132,14264,2,13.3,81.71,18.37
2025-01-13,Google Ads,Brand Awareness,Last Touch,26507,828,47336.76,108,208332,17515,4,57.17,438.3,4.4
2025-05-28,Email,Lead Gen,Last Touch,11788,356,5429.0,49,95158,7762,2,15.25,110.8,17.53
2025-01-09,Social Media,App Install,First Touch,39322,2562,138604.2,407,1279201,21601,5,54.1,340.55,9.23
2025-03-19,Meta Ads,Loyalty,First Touch,21289,1038,61418.46,182,637182,17846,5,59.17,337.46,10.37
2025-02-22,Display Ads,Loyalty,First Touch,13119,439,26054.65,41,173553,11096,2,59.35,635.48,6.66
2025-02-05,Display Ads,Brand Awareness,Linear,5427,309,15480.9,18,26568,4238,1,50.1,860.05,1.72
2025-06-09,Meta Ads,Discount Offer,Last Touch,40615,1547,69847.05,172,760584,28379,5,45.15,406.09,10.89
2025-01-01,Meta Ads,App Install,Linear,23239,1837,56506.12,259,556073,20527,1,30.76,218.17,9.84
2025-01-25,Meta Ads,New Product Launch,Last Touch,9010,543,20574.27,48,117792,7505,3,37.89,428.63,5.73
2025-03-20,Google Ads,App Install,Last Touch,5999,125,6940.0,20,50360,5661,5,55.52,347.0,7.26
2025-05-13,Meta Ads,New Product Launch,Last Touch,41160,2610,111420.9,383,502496,38779,2,42.69,290.92,4.51
2025-05-25,Direct Traffic,New Product Launch,Linear,26103,612,34504.56,85,288235,17643,4,56.38,405.94,8.35
2025-05-04,Social Media,Lead Gen,First Touch,27322,1391,64389.39,87,129369,19741,4,46.29,740.11,2.01
2025-03-17,Google Ads,Summer Sale,First Touch,19179,1239,38656.8,40,115320,16406,4,31.2,966.42,2.98
2025-01-16,Direct Traffic,Festive Offer,First Touch,20265,515,19467.0,91,377013,17189,1,37.8,213.92,19.37
2025-01-27,Social Media,Summer Sale,Last Touch,19432,418,8665.14,25,41675,12834,3,20.73,346.61,4.81
2025-06-25,Google Ads,New Product Launch,Last Touch,37302,2139,125281.23,66,137280,34564,5,58.57,1898.2,1.1
2025-06-11,Direct Traffic,New Product Launch,First Touch,32142,830,29880.0,41,57728,30753,1,36.0,728.78,1.93
2025-03-15,Email,Lead Gen,First Touch,7954,386,19276.84,34,78438,5815,3,49.94,566.97,4.07
2025-02-02,Email,Festive Offer,Linear,22695,1722,35610.96,144,638352,16610,1,20.68,247.3,17.93
2025-04-19,Email,Retargeting,Linear,48291,2721,69222.24,445,1234875,38600,5,25.44,155.56,17.84
2025-06-12,Google Ads,Retargeting,First Touch,34510,2733,150697.62,388,519920,28579,4,55.14,388.4,3.45
2025-05-21,Direct Traffic,Loyalty,First Touch,20345,789,46330.08,61,207400,11789,5,58.72,759.51,4.48
2025-06-04,Display Ads,Lead Gen,Linear,22239,815,24971.6,140,424060,19943,1,30.64,178.37,16.98
2025-04-25,Email,Winter Sale,First Touch,7203,563,12127.02,95,361380,5081,1,21.54,127.65,29.8
2025-04-05,Direct Traffic,Summer Sale,Last Touch,36742,2493,56316.87,285,545205,19960,1,22.59,197.6,9.68
2025-04-11,Direct Traffic,App Install,Last Touch,44414,2850,123519.0,100,129800,24551,2,43.34,1235.19,1.05
2025-03-07,Direct Traffic,Discount Offer,Last Touch,7180,293,11930.96,11,41580,5550,1,40.72,1084.63,3.49
2025-05-27,Google Ads,Winter Sale,Last Touch,33402,1388,48580.0,42,58800,17145,1,35.0,1156.67,1.21
2025-03-17,Google Ads,Brand Awareness,Last Touch,32023,1130,30125.8,139,386003,24668,2,26.66,216.73,12.81
2025-03-17,Direct Traffic,Lead Gen,Last Touch,28003,846,24643.98,61,210999,23519,5,29.13,404.0,8.56
2025-02-06,Email,Festive Offer,Last Touch,13817,538,16113.1,22,43736,11252,1,29.95,732.41,2.71
2025-06-28,Display Ads,Loyalty,Last Touch,10185,258,8867.46,14,22918,8238,3,34.37,633.39,2.58
2025-02-15,Direct Traffic,Summer Sale,First Touch,41495,2510,68121.4,199,257108,30848,2,27.14,342.32,3.77
2025-01-28,Email,Brand Awareness,Last Touch,9629,640,13664.0,79,316000,7062,4,21.35,172.96,23.13
2025-05-04,Direct Traffic,Festive Offer,First Touch,11653,670,29426.4,109,477638,7106,2,43.92,269.97,16.23
2025-02-01,Social Media,App Install,Last Touch,35920,843,22626.12,147,236376,31502,5,26.84,153.92,10.45
2025-03-07,Email,Winter Sale,Last Touch,43909,1983,53541.0,341,1114388,41842,2,27.0,157.01,20.81
2025-03-06,Direct Traffic,Winter Sale,First Touch,48534,2549,44938.87,418,616550,27151,2,17.63,107.51,13.72
2025-04-24,Direct Traffic,Retargeting,Last Touch,49751,3026,144975.66,514,1870446,48148,2,47.91,282.05,12.9
2025-05-29,Display Ads,Summer Sale,Linear,11050,696,15200.64,107,360697,10237,3,21.84,142.06,23.73
2025-01-06,Google Ads,Loyalty,Linear,25285,1089,56889.36,173,388212,19280,2,52.24,328.84,6.82
2025-05-29,Meta Ads,Winter Sale,Linear,37973,1885,16870.75,327,1399233,26978,4,8.95,51.59,82.94
2025-04-12,Direct Traffic,App Install,Last Touch,21688,1544,50087.36,93,313875,11585,3,32.44,538.57,6.27
2025-03-05,Email,Retargeting,Last Touch,12308,661,34676.06,64,187776,7192,5,52.46,541.81,5.42
2025-05-27,Display Ads,Winter Sale,Last Touch,33522,2293,69913.57,307,871573,18640,5,30.49,227.73,12.47
2025-01-21,Social Media,Discount Offer,Linear,17433,1283,21182.33,199,341484,14327,5,16.51,106.44,16.12
2025-06-18,Direct Traffic,Loyalty,First Touch,12420,582,30822.72,60,75780,10559,3,52.96,513.71,2.46
2025-04-18,Display Ads,Summer Sale,Linear,12653,272,7477.28,34,142970,8067,5,27.49,219.92,19.12
2025-06-16,Direct Traffic,Festive Offer,Last Touch,8041,480,25200.0,70,220850,7976,4,52.5,360.0,8.76
2025-01-29,Email,Brand Awareness,Last Touch,34509,2441,78941.94,412,721824,29220,1,32.34,191.61,9.14
2025-06-28,Google Ads,Summer Sale,Last Touch,23487,830,18816.1,104,458848,21915,5,22.67,180.92,24.39
2025-05-18,Email,App Install,Last Touch,13662,576,34358.4,35,79030,9019,5,59.65,981.67,2.3
2025-03-10,Email,Summer Sale,Linear,27074,1694,71198.82,150,642450,24565,4,42.03,474.66,9.02
2025-02-23,Meta Ads,Summer Sale,Linear,22792,1784,14575.28,295,757265,11828,5,8.17,49.41,51.96
2025-03-29,Meta Ads,Brand Awareness,Linear,34446,1020,57405.6,102,342924,21905,4,56.28,562.8,5.97
2025-04-10,Social Media,Summer Sale,Linear,38260,2787,94451.43,479,1664046,38170,3,33.89,197.18,17.62
2025-02-10,Direct Traffic,Festive Offer,Last Touch,6497,221,12400.31,33,112629,3375,2,56.11,375.77,9.08
2025-04-29,Display Ads,Winter Sale,Last Touch,40452,1227,67521.81,147,660471,29580,2,55.03,459.33,9.78
2025-06-27,Email,Brand Awareness,First Touch,36584,2055,58978.5,93,246729,25629,4,28.7,634.18,4.18
2025-05-07,Display Ads,Lead Gen,Last Touch,14146,519,7016.88,92,323012,7602,5,13.52,76.27,46.03
2025-01-29,Display Ads,New Product Launch,Linear,33070,1816,16580.08,282,882096,22223,3,9.13,58.79,53.2
2025-06-05,Meta Ads,Summer Sale,First Touch,11495,497,5889.45,46,144946,10090,1,11.85,128.03,24.61
2025-05-03,Social Media,Lead Gen,First Touch,18641,432,18502.56,14,20426,12542,2,42.83,1321.61,1.1
2025-03-20,Direct Traffic,Loyalty,First Touch,14268,463,22261.04,34,65552,13943,4,48.08,654.74,2.94
2025-05-27,Direct Traffic,Retargeting,Last Touch,45862,1691,62076.61,73,200969,44975,5,36.71,850.36,3.24
2025-06-13,Email,Loyalty,Linear,12721,344,15170.4,39,94770,9804,3,44.1,388.98,6.25
2025-01-11,Meta Ads,Discount Offer,First Touch,40546,1189,38083.67,142,225212,28896,4,32.03,268.19,5.91
2025-04-02,Social Media,Summer Sale,First Touch,10381,614,5790.02,35,75040,9801,1,9.43,165.43,12.96
2025-04-05,Social Media,Festive Offer,Last Touch,49562,2278,86882.92,121,429550,34286,2,38.14,718.04,4.94
2025-05-23,Direct Traffic,New Product Launch,Linear,36566,1515,80007.15,214,508250,23493,5,52.81,373.87,6.35
2025-05-09,Email,Festive Offer,First Touch,36066,2278,46812.9,282,1065960,28666,1,20.55,166.0,22.77
2025-03-04,Google Ads,Retargeting,Last Touch,36122,2435,106068.6,102,312018,24757,1,43.56,1039.89,2.94
2025-04-13,Meta Ads,Summer Sale,First Touch,26627,1095,17749.95,105,386715,15699,3,16.21,169.05,21.79
2025-06-17,Direct Traffic,Winter Sale,Linear,38490,1338,43110.36,119,414953,34363,4,32.22,362.27,9.63
2025-05-31,Meta Ads,Lead Gen,Linear,39504,2139,46972.44,254,1138428,25370,5,21.96,184.93,24.24
2025-04-22,Display Ads,Retargeting,Linear,36954,1803,61103.67,199,741275,21211,1,33.89,307.05,12.13
2025-03-17,Google Ads,App Install,Last Touch,15839,883,46834.32,153,422280,10487,2,53.04,306.11,9.02
2025-03-14,Google Ads,Summer Sale,Last Touch,19444,475,16492.0,24,56880,10052,3,34.72,687.17,3.45
2025-01-20,Direct Traffic,Brand Awareness,Last Touch,11703,632,9480.0,92,215832,7893,2,15.0,103.04,22.77
2025-04-27,Google Ads,Retargeting,Last Touch,28882,1336,74816.0,98,276360,18078,3,56.0,763.43,3.69
2025-03-23,Google Ads,Discount Offer,Linear,18730,790,43402.6,102,135048,11229,3,54.94,425.52,3.11
2025-05-11,Email,Summer Sale,Last Touch,34027,2402,138427.26,105,220080,32648,1,57.63,1318.35,1.59
2025-06-27,Google Ads,Discount Offer,Linear,35223,1286,23032.26,213,649011,29389,4,17.91,108.13,28.18
2025-01-08,Display Ads,New Product Launch,First Touch,17116,1311,58588.59,177,535071,12049,4,44.69,331.01,9.13
2025-02-24,Meta Ads,Loyalty,Last Touch,46524,2769,34169.46,450,550350,26463,3,12.34,75.93,16.11
2025-05-25,Meta Ads,Festive Offer,First Touch,10029,698,41133.14,85,156995,6318,3,58.93,483.92,3.82
2025-01-04,Google Ads,Festive Offer,First Touch,18678,961,24409.4,150,544650,16324,4,25.4,162.73,22.31
2025-01-14,Meta Ads,Summer Sale,First Touch,22750,795,28786.95,28,65324,19091,1,36.21,1028.11,2.27
2025-01-17,Social Media,Brand Awareness,First Touch,24846,1002,12334.62,77,168784,13570,1,12.31,160.19,13.68
2025-05-27,Email,Loyalty,Linear,31636,743,43190.59,75,274425,28605,2,58.13,575.87,6.35
2025-06-29,Email,App Install,Last Touch,44777,2069,21890.02,163,530891,33276,4,10.58,134.29,24.25
2025-02-08,Email,App Install,Last Touch,5539,389,6535.2,29,65772,3002,4,16.8,225.35,10.06
2025-06-01,Email,Lead Gen,Last Touch,12184,814,38681.28,65,146640,6959,5,47.52,595.1,3.79
2025-02-10,Display Ads,App Install,First Touch,12589,478,17695.56,70,193690,6748,3,37.02,252.79,10.95
2025-05-23,Google Ads,Discount Offer,Linear,37716,2273,120173.51,188,602916,20235,5,52.87,639.22,5.02
2025-02-13,Display Ads,App Install,Linear,40940,1755,101421.45,286,650650,29344,3,57.79,354.62,6.42
2025-01-24,Email,Winter Sale,Linear,14004,804,45080.28,116,494856,10314,4,56.07,388.62,10.98
2025-06-11,Google Ads,Lead Gen,Linear,8970,556,28967.6,22,37554,6347,4,52.1,1316.71,1.3
2025-06-21,Social Media,Festive Offer,First Touch,31916,1614,86574.96,277,836263,16662,3,53.64,312.54,9.66
2025-02-06,Email,Discount Offer,Last Touch,41925,2512,35293.6,131,160082,35553,4,14.05,269.42,4.54
2025-06-18,Social Media,Discount Offer,Last Touch,47819,986,29895.52,41,93644,31116,4,30.32,729.16,3.13
2025-04-03,Social Media,App Install,First Touch,49020,3721,145081.79,474,1476036,37336,4,38.99,306.08,10.17
2025-01-27,Direct Traffic,Brand Awareness,Last Touch,21487,586,18675.82,24,32496,11222,4,31.87,778.16,1.74
2025-04-21,Google Ads,Discount Offer,Linear,34960,1428,82824.0,194,659406,17675,1,58.0,426.93,7.96
2025-04-25,Display Ads,Lead Gen,Last Touch,16732,843,49433.52,71,212219,10047,5,58.64,696.25,4.29
2025-06-10,Display Ads,App Install,Last Touch,7997,367,12250.46,48,176352,6972,2,33.38,255.22,14.4
2025-02-15,Social Media,New Product Launch,Last Touch,43416,3119,66964.93,98,372498,41102,2,21.47,683.32,5.56
2025-01-29,Email,Retargeting,Last Touch,16580,1073,43295.55,118,236354,15217,4,40.35,366.91,5.46
2025-03-13,Direct Traffic,Brand Awareness,Linear,49424,2697,45498.39,392,1024688,44143,5,16.87,116.07,22.52
2025-03-10,Email,App Install,Linear,30629,1698,88397.88,302,1029518,15793,1,52.06,292.71,11.65
2025-02-15,Direct Traffic,Retargeting,Last Touch,31542,2140,23882.4,133,211869,27944,1,11.16,179.57,8.87
2025-05-24,Social Media,Brand Awareness,First Touch,28440,1406,59375.38,209,596068,24852,2,42.23,284.09,10.04
2025-01-13,Direct Traffic,Festive Offer,Linear,20791,986,19503.08,84,216720,20537,3,19.78,232.18,11.11
2025-06-09,Google Ads,Summer Sale,First Touch,30652,1418,39278.6,58,237104,22098,2,27.7,677.22,6.04
2025-05-27,Display Ads,Summer Sale,Linear,30989,2337,109371.6,205,291510,17669,3,46.8,533.52,2.67
2025-03-04,Display Ads,Lead Gen,Last Touch,17321,1308,65517.72,160,308480,14004,3,50.09,409.49,4.71
2025-04-03,Google Ads,Lead Gen,First Touch,30376,1727,15456.65,165,739035,22775,2,8.95,93.68,47.81
2025-06-16,Social Media,App Install,First Touch,40115,3004,123374.28,219,367920,21889,1,41.07,563.35,2.98
2025-06-13,Google Ads,Festive Offer,Last Touch,26142,1369,47627.51,244,533384,24728,5,34.79,195.19,11.2
2025-03-01,Google Ads,Brand Awareness,Last Touch,33219,787,35005.76,60,231720,30177,1,44.48,583.43,6.62
2025-05-17,Social Media,App Install,First Touch,30153,1102,58218.66,145,453270,21186,5,52.83,401.51,7.79
2025-01-02,Email,Winter Sale,Last Touch,45016,3540,145281.6,609,2595558,40676,2,41.04,238.56,17.87
2025-01-15,Email,App Install,First Touch,13289,655,23285.25,21,64365,10129,3,35.55,1108.82,2.76
2025-04-05,Google Ads,New Product Launch,First Touch,49933,3827,40106.96,643,2865208,26602,1,10.48,62.37,71.44
2025-06-09,Social Media,Summer Sale,Last Touch,26522,1005,19004.55,111,485403,13264,5,18.91,171.21,25.54
2025-03-14,Meta Ads,App Install,Last Touch,6596,283,9777.65,29,127919,3308,4,34.55,337.16,13.08
2025-02-11,Email,Summer Sale,First Touch,17044,354,15597.24,61,163297,9717,3,44.06,255.69,10.47
2025-04-05,Google Ads,Discount Offer,First Touch,26592,782,25289.88,34,101728,22354,5,32.34,743.82,4.02
2025-05-02,Direct Traffic,Summer Sale,First Touch,28687,783,46306.62,96,387072,16315,5,59.14,482.36,8.36
2025-06-12,Email,Discount Offer,Linear,6606,274,3509.94,20,34400,3393,1,12.81,175.5,9.8
2025-05-07,Email,Brand Awareness,Last Touch,29489,709,21447.25,85,176035,18287,2,30.25,252.32,8.21
2025-05-02,Display Ads,Loyalty,First Touch,30078,1615,87936.75,189,573615,18743,5,54.45,465.27,6.52
2025-04-30,Social Media,New Product Launch,First Touch,42181,3211,138297.77,182,370188,40840,1,43.07,759.88,2.68
2025-04-07,Google Ads,Summer Sale,Last Touch,18021,805,8339.8,33,80355,11026,2,10.36,252.72,9.64
2025-05-03,Meta Ads,Loyalty,Last Touch,45347,1142,47450.1,125,185500,41268,2,41.55,379.6,3.91
2025-04-21,Display Ads,Loyalty,Last Touch,17431,799,15013.21,75,298275,11909,1,18.79,200.18,19.87
2025-06-18,Email,Summer Sale,Linear,44071,3459,78035.04,597,2065620,25880,3,22.56,130.71,26.47
2025-01-09,Social Media,Loyalty,Last Touch,12134,909,25306.56,59,228625,6950,5,27.84,428.92,9.03
2025-04-25,Social Media,Lead Gen,Linear,36386,2643,128476.23,174,688866,19712,2,48.61,738.37,5.36
2025-02-20,Google Ads,Winter Sale,First Touch,18775,646,12622.84,69,261234,13307,1,19.54,182.94,20.7
2025-06-19,Social Media,Festive Offer,First Touch,14514,572,22737.0,78,142584,11317,1,39.75,291.5,6.27
2025-03-08,Google Ads,Brand Awareness,Last Touch,21066,1400,50974.0,133,366282,17557,5,36.41,383.26,7.19
2025-03-19,Display Ads,Brand Awareness,Last Touch,47750,1392,14240.16,75,186600,39493,5,10.23,189.87,13.1
2025-06-05,Display Ads,Festive Offer,First Touch,32087,1611,42788.16,282,899016,19213,5,26.56,151.73,21.01
2025-01-15,Social Media,Lead Gen,First Touch,18188,571,29937.53,65,85865,10623,5,52.43,460.58,2.87
2025-05-29,Social Media,Retargeting,Last Touch,35417,1770,72233.7,177,284262,34866,4,40.81,408.1,3.94
2025-02-05,Google Ads,Brand Awareness,Linear,38227,2278,122032.46,292,845340,25277,4,53.57,417.92,6.93
2025-04-28,Social Media,Retargeting,Linear,47527,2804,150658.92,313,1111463,36451,1,53.73,481.34,7.38
2025-01-04,Display Ads,Festive Offer,Linear,49625,3696,41727.84,613,1956696,44079,1,11.29,68.07,46.89
2025-03-21,Direct Traffic,Retargeting,Last Touch,16262,856,18703.6,67,86765,11590,5,21.85,279.16,4.64
2025-01-20,Direct Traffic,App Install,Linear,13792,405,9254.25,52,192244,13336,4,22.85,177.97,20.77
2025-06-04,Display Ads,Brand Awareness,First Touch,13081,294,3304.56,18,62784,12478,1,11.24,183.59,19.0
2025-06-08,Social Media,Summer Sale,Linear,21939,777,27661.2,76,269724,11698,3,35.6,363.96,9.75
2025-05-17,Meta Ads,New Product Launch,Last Touch,32294,2389,58649.95,206,831004,23648,2,24.55,284.71,14.17
2025-04-10,Google Ads,Retargeting,First Touch,19191,464,27737.92,61,178669,16517,4,59.78,454.72,6.44
2025-03-18,Google Ads,Summer Sale,Linear,44704,3265,107026.7,432,911952,43334,1,32.78,247.75,8.52
2025-05-16,Display Ads,Lead Gen,First Touch,18870,881,14968.19,155,678590,14914,2,16.99,96.57,45.34
2025-04-23,Google Ads,Retargeting,Last Touch,39464,2038,18749.6,364,556192,30664,3,9.2,51.51,29.66
2025-05-05,Social Media,Discount Offer,First Touch,46401,2971,54696.11,123,231732,27113,4,18.41,444.68,4.24
2025-06-21,Email,Festive Offer,First Touch,22701,1108,43566.56,193,430776,15384,2,39.32,225.73,9.89
2025-01-29,Display Ads,Lead Gen,First Touch,34463,1156,57765.32,95,353875,32880,4,49.97,608.06,6.13
2025-04-22,Meta Ads,Brand Awareness,Linear,25244,1754,98083.68,168,390264,24336,4,55.92,583.83,3.98
2025-03-06,Google Ads,Discount Offer,Last Touch,33981,1595,46462.35,140,234920,32908,5,29.13,331.87,5.06
2025-06-19,Email,Festive Offer,Last Touch,46361,1275,70061.25,165,401115,28085,3,54.95,424.61,5.73
2025-03-27,Social Media,Festive Offer,Last Touch,34780,1059,18310.11,128,396416,22698,2,17.29,143.05,21.65
2025-04-18,Display Ads,Loyalty,Last Touch,7862,361,3328.42,27,117936,4995,1,9.22,123.27,35.43
2025-02-28,Social Media,Retargeting,Last Touch,20295,1084,46492.76,117,253773,20241,2,42.89,397.37,5.46
2025-02-21,Social Media,Loyalty,Linear,30577,864,22999.68,140,410620,25924,5,26.62,164.28,17.85
2025-04-18,Meta Ads,Loyalty,Last Touch,33228,2624,29231.36,220,599940,32907,3,11.14,132.87,20.52
2025-06-14,Social Media,Brand Awareness,Linear,25457,815,34140.35,34,83300,25376,5,41.89,1004.13,2.44
2025-02-11,Display Ads,Retargeting,Last Touch,20192,1163,9548.23,104,147056,11360,2,8.21,91.81,15.4
2025-04-20,Display Ads,Winter Sale,Last Touch,46726,3255,125122.2,309,731094,43183,1,38.44,404.93,5.84
2025-05-26,Google Ads,Brand Awareness,First Touch,44144,1164,33057.6,180,653040,32658,3,28.4,183.65,19.75
2025-03-28,Email,New Product Launch,First Touch,8583,221,11938.42,35,99330,5358,4,54.02,341.1,8.32
2025-03-18,Direct Traffic,Retargeting,First Touch,47382,1842,93407.82,91,357084,45802,5,50.71,1026.46,3.82
2025-05-27,Social Media,App Install,Linear,17943,419,20208.37,25,41150,15715,4,48.23,808.33,2.04
2025-04-06,Display Ads,Loyalty,First Touch,8004,520,5756.4,57,224295,5656,1,11.07,100.99,38.96
2025-01-31,Display Ads,Discount Offer,First Touch,48840,3651,29390.55,189,252693,25155,4,8.05,155.51,8.6
2025-03-11,Meta Ads,Retargeting,Last Touch,32559,2425,51846.5,185,657860,26868,3,21.38,280.25,12.69
2025-06-21,Display Ads,Summer Sale,First Touch,33249,2008,111564.48,78,195780,22930,3,55.56,1430.31,1.75
2025-05-08,Display Ads,Winter Sale,First Touch,10353,825,7235.25,87,354177,9870,3,8.77,83.16,48.95
2025-02-19,Direct Traffic,Lead Gen,Linear,37671,1529,59890.93,252,811692,29203,5,39.17,237.66,13.55
2025-02-17,Google Ads,Winter Sale,Linear,9571,577,31065.68,31,137423,9121,2,53.84,1002.12,4.42
2025-02-28,Google Ads,Discount Offer,Last Touch,22942,1461,13236.66,188,708384,13664,5,9.06,70.41,53.52
2025-05-07,Display Ads,Winter Sale,Last Touch,47163,3135,62135.7,458,822110,43017,3,19.82,135.67,13.23
2025-03-30,Direct Traffic,App Install,Linear,33087,2545,141476.55,340,1426640,25795,1,55.59,416.11,10.08
2025-03-17,Display Ads,App Install,First Touch,22159,1289,61549.75,177,661980,18956,2,47.75,347.74,10.76
2025-05-11,Meta Ads,Winter Sale,First Touch,41891,2836,83151.52,352,1564640,23385,1,29.32,236.23,18.82
2025-01-09,Social Media,Loyalty,Last Touch,41637,1561,92379.98,190,356440,39788,5,59.18,486.21,3.86
2025-03-05,Google Ads,Festive Offer,Linear,22017,613,9004.97,30,79680,19297,3,14.69,300.17,8.85
2025-06-04,Display Ads,Brand Awareness,First Touch,23624,1203,14087.13,97,260833,19505,5,11.71,145.23,18.52
2025-05-27,Social Media,Discount Offer,Last Touch,39654,2561,50938.29,337,888332,32242,3,19.89,151.15,17.44
2025-01-30,Direct Traffic,Retargeting,First Touch,23797,768,16734.72,29,90306,23232,1,21.79,577.06,5.4
2025-05-12,Google Ads,Festive Offer,Linear,19185,465,21459.75,55,203445,14383,2,46.15,390.18,9.48
2025-03-24,Display Ads,Lead Gen,Linear,47979,3597,189058.32,442,1874080,39474,2,52.56,427.73,9.91
2025-06-26,Direct Traffic,Discount Offer,First Touch,39278,1170,48122.1,174,338778,32531,3,41.13,276.56,7.04
2025-06-13,Meta Ads,Discount Offer,Linear,38480,951,20265.81,138,478446,35795,5,21.31,146.85,23.61
2025-02-25,Display Ads,App Install,First Touch,36954,868,45570.0,83,310918,30634,1,52.5,549.04,6.82
2025-06-13,Display Ads,Retargeting,Last Touch,48825,1613,50132.04,91,204295,47801,2,31.08,550.9,4.08
2025-02-03,Display Ads,Summer Sale,Last Touch,15021,303,14540.97,36,50940,9601,4,47.99,403.92,3.5
2025-01-11,Display Ads,Lead Gen,Linear,46994,1621,63899.82,174,561324,45240,3,39.42,367.24,8.78
2025-02-11,Direct Traffic,New Product Launch,Linear,43595,2498,128547.08,148,520516,25363,5,51.46,868.56,4.05
2025-03-18,Email,Winter Sale,Last Touch,12053,867,43297.98,96,203424,10178,3,49.94,451.02,4.7
2025-04-26,Direct Traffic,Loyalty,First Touch,39557,1184,59259.2,167,212591,23074,4,50.05,354.85,3.59
2025-04-01,Google Ads,Summer Sale,Linear,42833,1662,54929.1,120,537600,39221,4,33.05,457.74,9.79
2025-01-26,Email,Summer Sale,Linear,19672,621,11581.65,109,329834,19242,2,18.65,106.25,28.48
2025-01-19,Direct Traffic,New Product Launch,Linear,24579,1696,42620.48,148,216080,22385,4,25.13,287.98,5.07
2025-01-25,Display Ads,Festive Offer,Last Touch,46317,1066,14764.1,35,44905,24578,2,13.85,421.83,3.04
2025-05-08,Social Media,Festive Offer,Last Touch,48444,2744,102296.32,447,1491639,46187,4,37.28,228.85,14.58
2025-01-15,Google Ads,Summer Sale,First Touch,46713,1285,32035.05,137,530053,25106,4,24.93,233.83,16.55
2025-02-19,Google Ads,Loyalty,Linear,5183,206,3959.32,21,58149,5040,2,19.22,188.54,14.69
2025-02-13,Direct Traffic,Lead Gen,Last Touch,46529,2537,129539.22,139,450221,32667,4,51.06,931.94,3.48
2025-02-17,Meta Ads,Festive Offer,Linear,49323,2794,68453.0,121,515339,36061,2,24.5,565.73,7.53
2025-06-21,Email,New Product Launch,Linear,37243,1044,43983.72,100,302700,24939,1,42.13,439.84,6.88
2025-03-21,Direct Traffic,Winter Sale,Last Touch,47869,2705,135466.4,405,1470555,47083,5,50.08,334.48,10.86
2025-04-07,Direct Traffic,Winter Sale,Last Touch,49468,2695,157792.25,389,1079086,30494,3,58.55,405.64,6.84
2025-06-21,Meta Ads,Lead Gen,Last Touch,5415,422,24176.38,58,103066,4726,4,57.29,416.83,4.26
2025-06-20,Google Ads,Summer Sale,Last Touch,19976,1197,35347.41,95,365750,17273,1,29.53,372.08,10.35
2025-03-24,Direct Traffic,Discount Offer,Linear,15227,623,25923.03,29,38425,9181,1,41.61,893.9,1.48
2025-06-17,Social Media,Festive Offer,Last Touch,13557,1082,35489.6,126,292446,9053,3,32.8,281.66,8.24
2025-04-17,Display Ads,Discount Offer,Linear,31750,2170,99537.9,288,1284768,16031,1,45.87,345.62,12.91
2025-03-27,Google Ads,Winter Sale,First Touch,22833,1819,87257.43,54,105786,17841,3,47.97,1615.88,1.21
2025-03-29,Display Ads,Festive Offer,Linear,24929,1188,35402.4,150,652800,18932,3,29.8,236.02,18.44
2025-04-28,Meta Ads,Retargeting,Linear,47132,2290,134331.4,97,139680,34627,1,58.66,1384.86,1.04
2025-04-21,Social Media,Summer Sale,Linear,6377,430,21366.7,22,48356,3411,5,49.69,971.21,2.26
2025-03-18,Display Ads,Retargeting,First Touch,25356,1576,64773.6,251,401600,18825,3,41.1,258.06,6.2
2025-02-26,Display Ads,New Product Launch,First Touch,26101,841,45001.91,62,212288,22821,1,53.51,725.84,4.72
2025-05-06,Direct Traffic,Lead Gen,First Touch,46611,3423,101765.79,399,580545,42163,4,29.73,255.05,5.7
2025-01-29,Email,Brand Awareness,Last Touch,12310,880,9354.4,78,220506,11102,1,10.63,119.93,23.57
2025-02-26,Display Ads,App Install,First Touch,26735,1458,32076.0,69,268410,22773,4,22.0,464.87,8.37
2025-04-24,Social Media,Festive Offer,Linear,18286,479,18158.89,34,102510,9671,5,37.91,534.09,5.65
2025-06-09,Display Ads,Brand Awareness,Linear,35224,1277,38118.45,51,92259,22513,5,29.85,747.42,2.42
2025-05-11,Meta Ads,Brand Awareness,Linear,48878,3179,114857.27,243,758403,39260,5,36.13,472.66,6.6
2025-05-19,Social Media,Lead Gen,First Touch,21774,1451,45953.17,178,600750,17304,5,31.67,258.16,13.07
2025-06-25,Display Ads,Retargeting,Last Touch,21622,1626,28845.24,218,272500,11396,5,17.74,132.32,9.45
2025-04-23,Google Ads,Summer Sale,Last Touch,36989,2547,98568.9,212,354676,24864,2,38.7,464.95,3.6
2025-04-09,Display Ads,Retargeting,Linear,48114,1215,62499.6,106,459192,48039,5,51.44,589.62,7.35
2025-01-17,Email,Brand Awareness,Linear,15445,1148,20078.52,85,243185,10249,5,17.49,236.22,12.11
2025-06-14,Google Ads,New Product Launch,Last Touch,10225,462,11526.9,53,209032,6485,2,24.95,217.49,18.13
2025-06-19,Google Ads,Summer Sale,Linear,31759,1852,60004.8,205,914505,19527,1,32.4,292.71,15.24
2025-06-17,Social Media,Discount Offer,Last Touch,11960,607,7211.16,40,143040,6171,1,11.88,180.28,19.84
2025-03-12,Display Ads,Loyalty,First Touch,24914,1144,27307.28,137,197965,18144,5,23.87,199.32,7.25
2025-01-17,Email,Discount Offer,Linear,19597,1116,61603.2,116,407392,11323,1,55.2,531.06,6.61
2025-06-09,Direct Traffic,Retargeting,Last Touch,40055,2234,20329.4,234,688896,21664,4,9.1,86.88,33.89
2025-05-14,Google Ads,Winter Sale,Last Touch,10290,470,19368.7,75,209400,5931,1,41.21,258.25,10.81
2025-05-03,Display Ads,Retargeting,Linear,23239,692,5605.2,112,349440,12440,5,8.1,50.05,62.34
2025-01-08,Email,Lead Gen,Linear,27586,1469,33155.33,193,433092,24001,4,22.57,171.79,13.06
2025-05-05,Direct Traffic,Loyalty,Linear,26122,1622,27882.18,291,389067,16837,1,17.19,95.82,13.95
2025-02-20,Google Ads,Summer Sale,First Touch,39073,2808,35942.4,230,802010,33796,2,12.8,156.27,22.31
2025-02-08,Direct Traffic,Winter Sale,Linear,24906,1445,46745.75,100,161100,22447,3,32.35,467.46,3.45
2025-05-31,Email,Lead Gen,First Touch,16871,1345,16018.95,155,238390,8599,2,11.91,103.35,14.88
2025-04-14,Meta Ads,New Product Launch,Last Touch,45813,3211,189866.43,309,1322211,38841,4,59.13,614.45,6.96
2025-01-15,Social Media,Summer Sale,Linear,25050,1779,29531.4,188,406268,22633,3,16.6,157.08,13.76
2025-04-05,Email,New Product Launch,Linear,23235,821,40204.37,35,116900,21997,1,48.97,1148.7,2.91
2025-01-31,Google Ads,Summer Sale,Linear,27208,1323,52007.13,194,766882,19676,1,39.31,268.08,14.75
2025-02-23,Social Media,Lead Gen,Last Touch,29144,1992,41672.64,330,672540,22281,3,20.92,126.28,16.14
2025-01-04,Social Media,New Product Launch,Linear,37438,1292,41434.44,212,531908,23622,2,32.07,195.45,12.84
2025-02-07,Email,New Product Launch,Last Touch,14486,373,6948.99,30,127170,11196,5,18.63,231.63,18.3
2025-04-21,Email,Festive Offer,First Touch,41156,839,15320.14,53,67681,20981,4,18.26,289.06,4.42
2025-03-08,Direct Traffic,Summer Sale,Last Touch,39288,890,48460.5,131,248769,29232,1,54.45,369.93,5.13
2025-05-02,Direct Traffic,Lead Gen,First Touch,39038,1668,45036.0,136,408680,25407,5,27.0,331.15,9.07
2025-02-18,Direct Traffic,App Install,First Touch,33034,2398,38799.64,302,989050,31689,2,16.18,128.48,25.49
2025-04-08,Google Ads,Lead Gen,First Touch,29064,1195,17817.45,157,457184,16884,2,14.91,113.49,25.66
2025-06-30,Direct Traffic,Discount Offer,Last Touch,35158,1490,13469.6,63,126630,22024,4,9.04,213.8,9.4
2025-01-07,Meta Ads,Winter Sale,First Touch,23716,1807,56161.56,304,1307504,18079,5,31.08,184.74,23.28
2025-05-11,Direct Traffic,Festive Offer,First Touch,36952,938,55660.92,167,602369,36076,4,59.34,333.3,10.82
2025-01-03,Social Media,Brand Awareness,Linear,26808,935,16437.3,159,549345,25505,1,17.58,103.38,33.42
2025-02-15,Direct Traffic,Retargeting,Linear,19614,1550,82429.0,137,349624,17227,3,53.18,601.67,4.24
2025-02-19,Direct Traffic,App Install,Last Touch,22683,1551,39193.77,83,210986,17623,2,25.27,472.21,5.38
2025-02-13,Meta Ads,Brand Awareness,Linear,48044,1553,35082.27,141,317250,46193,3,22.59,248.81,9.04
2025-02-03,Social Media,Loyalty,Linear,30339,828,28922.04,80,279120,26273,4,34.93,361.53,9.65
2025-01-12,Direct Traffic,Festive Offer,Linear,43838,2974,55108.22,356,922752,24351,1,18.53,154.8,16.74
2025-04-09,Direct Traffic,Lead Gen,First Touch,38993,2465,98723.25,100,179600,38574,5,40.05,987.23,1.82
2025-04-07,Google Ads,Winter Sale,Linear,17159,842,23079.22,87,388977,10312,1,27.41,265.28,16.85
2025-03-04,Display Ads,New Product Launch,Linear,5817,242,9467.04,30,115920,4608,2,39.12,315.57,12.24
2025-03-22,Direct Traffic,Brand Awareness,Linear,43094,1853,43730.8,94,235658,27055,5,23.6,465.22,5.39
2025-05-16,Social Media,Loyalty,Linear,49244,3329,26931.61,582,2005572,41478,5,8.09,46.27,74.47
2025-04-09,Google Ads,Lead Gen,First Touch,11013,804,6584.76,36,131040,6934,2,8.19,182.91,19.9
2025-06-30,Display Ads,Brand Awareness,First Touch,32131,1628,55986.92,130,453310,26916,5,34.39,430.67,8.1
2025-03-15,Email,Winter Sale,First Touch,36979,1037,14383.19,61,180987,34687,4,13.87,235.79,12.58
2025-04-17,Meta Ads,Lead Gen,First Touch,9761,614,7337.3,103,146672,7373,2,11.95,71.24,19.99
2025-05-12,Email,New Product Launch,First Touch,43749,3456,130083.84,356,1551804,34188,5,37.64,365.4,11.93
2025-03-08,Meta Ads,Discount Offer,Linear,12964,691,40050.36,27,90504,12600,4,57.96,1483.35,2.26
2025-03-13,Display Ads,Retargeting,Linear,10996,690,30366.9,44,74932,6804,4,44.01,690.16,2.47
2025-04-02,Social Media,App Install,Last Touch,30404,621,6818.58,82,134234,17379,1,10.98,83.15,19.69
2025-05-06,Social Media,Discount Offer,Last Touch,6111,235,10473.95,37,119251,4344,5,44.57,283.08,11.39
2025-05-20,Social Media,Discount Offer,First Touch,39934,1559,78292.98,52,108940,20763,3,50.22,1505.63,1.39
2025-01-30,Display Ads,Summer Sale,First Touch,34722,1043,29829.8,117,411840,20733,1,28.6,254.96,13.81
2025-05-28,Email,New Product Launch,First Touch,7786,164,8977.36,6,21990,6591,2,54.74,1496.23,2.45
2025-03-24,Google Ads,New Product Launch,Last Touch,46761,1411,25595.54,180,271260,30435,4,18.14,142.2,10.6
2025-01-09,Meta Ads,Brand Awareness,Linear,47773,3498,189451.68,152,553888,34100,1,54.16,1246.39,2.92
2025-01-20,Email,Festive Offer,Linear,30396,758,33829.54,115,154790,22823,4,44.63,294.17,4.58
2025-02-06,Display Ads,Retargeting,First Touch,46469,3000,80850.0,403,1426620,41302,1,26.95,200.62,17.65
2025-04-22,Direct Traffic,New Product Launch,Linear,49905,3655,95907.2,241,493327,36827,1,26.24,397.96,5.14
2025-01-29,Display Ads,Retargeting,Last Touch,13653,539,6225.45,41,145960,9055,4,11.55,151.84,23.45
2025-01-31,Display Ads,New Product Launch,First Touch,28801,1726,86524.38,297,478467,17790,2,50.13,291.33,5.53
2025-06-18,Meta Ads,Brand Awareness,Linear,30939,1441,15663.67,230,828460,29148,2,10.87,68.1,52.89
2025-03-17,Google Ads,App Install,Last Touch,11118,647,11956.56,74,294964,8996,4,18.48,161.58,24.67
2025-03-28,Meta Ads,New Product Launch,Linear,8269,275,7689.0,35,116165,7098,4,27.96,219.69,15.11
2025-03-13,Meta Ads,New Product Launch,Linear,11630,642,34302.06,21,26187,6041,5,53.43,1633.43,0.76
2025-03-18,Google Ads,Festive Offer,First Touch,49673,2117,56629.75,92,227240,38943,5,26.75,615.54,4.01
2025-03-03,Direct Traffic,Discount Offer,Last Touch,30646,1279,74412.22,188,398936,24785,3,58.18,395.81,5.36
2025-06-12,Email,Summer Sale,Linear,49270,3132,179870.76,276,1170792,34058,2,57.43,651.71,6.51
2025-01-16,Google Ads,Lead Gen,First Touch,47310,3543,32276.73,219,264552,26765,4,9.11,147.38,8.2
2025-03-31,Google Ads,Loyalty,Linear,40884,3102,25932.72,439,1594448,24115,4,8.36,59.07,61.48
2025-03-31,Google Ads,App Install,Last Touch,12863,966,45044.58,163,455748,10211,4,46.63,276.35,10.12
2025-06-12,Email,Brand Awareness,Last Touch,31295,802,22744.72,43,77185,26683,5,28.36,528.95,3.39
2025-06-10,Email,New Product Launch,Linear,44590,2694,69990.12,298,1265010,43150,5,25.98,234.87,18.07
2025-06-13,Display Ads,Retargeting,First Touch,14318,1049,22417.13,184,639584,11141,1,21.37,121.83,28.53
2025-01-08,Meta Ads,Festive Offer,Linear,27240,916,30566.92,130,203060,17757,3,33.37,235.13,6.64
2025-02-06,Direct Traffic,App Install,First Touch,49972,3718,210624.7,634,1635720,32125,1,56.65,332.22,7.77
2025-03-17,Email,Loyalty,Last Touch,28273,591,21937.92,22,39468,24427,5,37.12,997.18,1.8
2025-01-05,Display Ads,Loyalty,Last Touch,24989,1205,70661.2,112,250992,14709,4,58.64,630.9,3.55
2025-06-26,Meta Ads,Loyalty,Last Touch,18312,819,10507.77,141,521559,9562,5,12.83,74.52,49.64
2025-05-14,Meta Ads,Winter Sale,Last Touch,8715,511,7179.55,69,270687,6791,4,14.05,104.05,37.7
2025-01-11,Meta Ads,New Product Launch,Last Touch,5395,250,3460.0,9,26568,2749,2,13.84,384.44,7.68
2025-02-14,Email,Retargeting,Last Touch,26168,1949,36075.99,250,492500,17255,1,18.51,144.3,13.65
2025-04-26,Display Ads,Retargeting,First Touch,40781,884,33547.8,66,97878,36504,3,37.95,508.3,2.92
2025-03-10,Direct Traffic,Brand Awareness,First Touch,30452,1060,62381.0,129,340173,27863,5,58.85,483.57,5.45
2025-03-10,Social Media,Retargeting,Linear,12445,581,23187.71,35,129570,12307,4,39.91,662.51,5.59
2025-06-08,Direct Traffic,Discount Offer,First Touch,40597,1210,46488.2,154,407946,34521,1,38.42,301.87,8.78
2025-02-04,Google Ads,Festive Offer,Last Touch,30327,1111,32507.86,190,601160,21323,3,29.26,171.09,18.49
2025-04-29,Social Media,Summer Sale,Last Touch,16113,642,6728.16,44,116380,8530,1,10.48,152.91,17.3
2025-06-16,Email,New Product Launch,Linear,43033,2318,61473.36,376,1344576,40487,2,26.52,163.49,21.87
2025-05-12,Display Ads,Discount Offer,First Touch,14453,740,30110.6,107,175266,9281,2,40.69,281.41,5.82
2025-05-16,Direct Traffic,Retargeting,Last Touch,49792,1992,17091.36,115,454710,48652,5,8.58,148.62,26.6
2025-04-15,Email,Loyalty,First Touch,40174,2641,37898.35,411,1825662,37424,1,14.35,92.21,48.17
2025-03-31,Meta Ads,Lead Gen,First Touch,44631,2958,159288.3,465,1202955,28696,1,53.85,342.56,7.55
2025-04-21,Display Ads,New Product Launch,First Touch,48957,2569,129015.18,164,550876,33964,1,50.22,786.68,4.27
2025-01-27,Direct Traffic,Festive Offer,Linear,36113,1727,49910.3,88,353760,20191,5,28.9,567.16,7.09
2025-06-15,Google Ads,Brand Awareness,Last Touch,5832,412,22173.84,48,64464,5381,3,53.82,461.95,2.91
2025-05-05,Email,Winter Sale,Last Touch,23176,497,15257.9,85,142460,16657,2,30.7,179.5,9.34
2025-05-11,Display Ads,Festive Offer,Last Touch,18582,987,23559.69,46,185518,14491,3,23.87,512.17,7.87
2025-04-16,Display Ads,Festive Offer,Linear,25608,1433,45884.66,78,214032,15754,4,32.02,588.26,4.66
2025-02-28,Meta Ads,App Install,First Touch,15970,1242,71141.76,128,176000,9546,5,57.28,555.79,2.47
2025-01-21,Social Media,Brand Awareness,Last Touch,31808,1410,34827.0,212,349164,31041,3,24.7,164.28,10.03
2025-01-17,Direct Traffic,New Product Launch,Last Touch,17530,372,11647.32,40,85760,11227,5,31.31,291.18,7.36
2025-05-10,Display Ads,Festive Offer,Linear,40868,1027,42024.84,97,257050,23276,5,40.92,433.25,6.12
2025-01-27,Display Ads,Brand Awareness,First Touch,49610,1790,94905.8,168,366912,39269,3,53.02,564.92,3.87
2025-06-19,Meta Ads,App Install,First Touch,40003,908,17551.64,37,84212,26317,3,19.33,474.37,4.8
2025-01-20,Meta Ads,Summer Sale,Linear,36558,2301,114704.85,327,583695,31846,1,49.85,350.78,5.09
2025-01-17,Google Ads,Winter Sale,Last Touch,30018,2266,38227.42,219,491655,22566,5,16.87,174.55,12.86
2025-05-04,Meta Ads,Summer Sale,Last Touch,12932,476,27674.64,80,356000,9886,3,58.14,345.93,12.86
2025-04-26,Meta Ads,Discount Offer,Linear,11403,760,26311.2,60,115260,9014,4,34.62,438.52,4.38
2025-03-01,Display Ads,Brand Awareness,First Touch,40745,2937,103323.66,354,748710,38355,2,35.18,291.87,7.25
2025-01-12,Google Ads,Winter Sale,Linear,48771,2046,70321.02,366,595116,37642,3,34.37,192.13,8.46
2025-04-21,Google Ads,Lead Gen,Linear,8095,594,29218.86,41,60680,6128,5,49.19,712.66,2.08
2025-01-10,Direct Traffic,Retargeting,Last Touch,23634,1816,90672.88,104,349232,14610,4,49.93,871.85,3.85
2025-01-17,Display Ads,New Product Launch,Last Touch,29742,655,37236.75,73,152643,27390,4,56.85,510.09,4.1
2025-02-21,Google Ads,Winter Sale,Linear,17789,1091,38021.35,63,110061,11379,5,34.85,603.51,2.89
2025-02-21,Social Media,Brand Awareness,Last Touch,27240,555,11055.6,81,310230,22215,2,19.92,136.49,28.06
2025-03-12,Social Media,Discount Offer,Linear,10302,454,15199.92,30,58710,9060,2,33.48,506.66,3.86
2025-05-24,Direct Traffic,Festive Offer,Linear,11275,363,7318.08,50,192900,6714,2,20.16,146.36,26.36
2025-06-12,Display Ads,Lead Gen,First Touch,41586,1019,26453.24,62,221588,26868,3,25.96,426.67,8.38
2025-06-26,Social Media,Lead Gen,First Touch,7239,549,6917.4,49,71491,5290,1,12.6,141.17,10.33
2025-06-16,Meta Ads,New Product Launch,Linear,25375,618,28273.5,88,269544,19300,1,45.75,321.29,9.53
2025-02-09,Social Media,App Install,Last Touch,44180,3518,114510.9,323,1301690,30310,5,32.55,354.52,11.37
2025-05-11,Google Ads,Brand Awareness,Last Touch,6984,243,3056.94,24,36120,4203,5,12.58,127.37,11.82
2025-05-11,Direct Traffic,New Product Launch,Last Touch,44949,2608,102468.32,289,1097333,41064,2,39.29,354.56,10.71
2025-01-15,Social Media,Retargeting,First Touch,34362,2019,70422.72,143,506649,28596,2,34.88,492.47,7.19
2025-06-01,Email,New Product Launch,Last Touch,43670,2226,35014.98,382,1672778,27547,1,15.73,91.66,47.77
2025-04-23,Meta Ads,Winter Sale,Linear,32153,834,36120.54,67,299825,30647,2,43.31,539.11,8.3
2025-03-01,Google Ads,Festive Offer,Last Touch,41211,896,38814.72,64,205568,21830,1,43.32,606.48,5.3
2025-03-12,Direct Traffic,Discount Offer,First Touch,41789,3060,24633.0,227,370010,26086,1,8.05,108.52,15.02
2025-05-24,Meta Ads,Festive Offer,First Touch,23675,1252,30035.48,99,194139,15344,4,23.99,303.39,6.46
2025-05-20,Direct Traffic,Lead Gen,Last Touch,9602,468,9130.68,70,312690,8504,4,19.51,130.44,34.25
2025-04-15,Google Ads,Festive Offer,First Touch,45056,3269,142855.3,412,1685492,30398,4,43.7,346.74,11.8
2025-05-23,Social Media,Loyalty,First Touch,32960,1370,44757.9,56,161896,24705,2,32.67,799.25,3.62
2025-04-17,Display Ads,New Product Launch,Linear,21160,1027,52767.26,88,387112,11982,5,51.38,599.63,7.34
2025-03-11,Email,New Product Launch,Last Touch,36578,1725,77883.75,281,753923,22814,5,45.15,277.17,9.68
2025-03-12,Email,Lead Gen,First Touch,32131,784,45934.56,132,435732,31007,2,58.59,347.99,9.49
2025-04-23,Email,Winter Sale,Linear,42065,3122,55852.58,383,1051335,22261,3,17.89,145.83,18.82
2025-02-03,Email,Winter Sale,Last Touch,5284,163,8361.9,14,53522,2896,2,51.3,597.28,6.4
2025-01-31,Display Ads,Lead Gen,First Touch,45491,1818,105262.2,205,306065,35785,1,57.9,513.47,2.91
2025-01-01,Meta Ads,App Install,Linear,31937,1037,17027.54,76,160512,29632,5,16.42,224.05,9.43
2025-01-08,Email,New Product Launch,Last Touch,21741,552,8914.8,67,231016,11027,5,16.15,133.06,25.91
2025-04-07,Email,Summer Sale,First Touch,5994,308,14904.12,13,47203,4891,1,48.39,1146.47,3.17
2025-05-07,Direct Traffic,Lead Gen,First Touch,45936,3098,134081.44,202,757298,32929,1,43.28,663.77,5.65
2025-02-12,Direct Traffic,App Install,Last Touch,43538,1630,43472.1,59,168268,34007,4,26.67,736.82,3.87
2025-04-04,Email,Summer Sale,Last Touch,24744,1269,24149.07,66,98406,12548,4,19.03,365.89,4.07
2025-06-21,Direct Traffic,Brand Awareness,Last Touch,30840,726,39378.24,129,407769,18863,5,54.24,305.26,10.36
2025-06-10,Email,Discount Offer,First Touch,42502,1882,91277.0,267,735318,25066,4,48.5,341.86,8.06
2025-06-22,Google Ads,Summer Sale,First Touch,10196,473,13769.03,71,132983,7500,3,29.11,193.93,9.66
2025-06-27,Email,Festive Offer,Linear,35344,2196,27999.0,93,192696,25213,4,12.75,301.06,6.88
2025-06-08,Display Ads,Summer Sale,Last Touch,26784,1896,50850.72,168,213024,19691,5,26.82,302.68,4.19
2025-02-18,Email,Retargeting,Last Touch,6402,271,5485.04,29,53476,5780,3,20.24,189.14,9.75
2025-06-05,Direct Traffic,Loyalty,Last Touch,43560,1917,87702.75,214,941600,25558,5,45.75,409.83,10.74
2025-04-30,Email,Lead Gen,Linear,7372,275,6333.25,9,26244,4599,3,23.03,703.69,4.14
2025-05-15,Display Ads,Winter Sale,Last Touch,11900,336,15671.04,16,56144,7925,4,46.64,979.44,3.58
2025-06-06,Google Ads,Retargeting,First Touch,47923,3093,122420.94,500,1830000,45147,3,39.58,244.84,14.95
2025-03-17,Meta Ads,Discount Offer,Linear,15703,393,7176.18,70,288400,10501,3,18.26,102.52,40.19
2025-04-23,Social Media,Loyalty,Linear,7002,526,17210.72,42,117012,6702,5,32.72,409.78,6.8
2025-05-05,Meta Ads,New Product Launch,First Touch,30007,1753,99815.82,144,483552,18248,4,56.94,693.17,4.84
2025-06-28,Google Ads,Summer Sale,First Touch,8447,313,6347.64,32,101728,7333,4,20.28,198.36,16.03
2025-06-05,Email,Loyalty,Linear,47189,1514,22240.66,261,603171,43303,4,14.69,85.21,27.12
2025-05-03,Meta Ads,App Install,First Touch,43623,1976,48036.56,290,1039940,25686,2,24.31,165.64,21.65
2025-01-08,Social Media,Winter Sale,Last Touch,22299,1342,75111.74,148,556184,15700,3,55.97,507.51,7.4
2025-02-22,Social Media,Lead Gen,First Touch,29711,2092,65354.08,242,410190,18714,4,31.24,270.06,6.28
2025-04-10,Display Ads,Winter Sale,Linear,39138,1784,61226.88,318,890400,19836,5,34.32,192.54,14.54
2025-05-03,Social Media,Festive Offer,First Touch,42017,3141,186324.12,234,797472,28851,3,59.32,796.26,4.28
2025-05-30,Google Ads,Loyalty,Last Touch,44970,1042,23590.88,76,236360,31621,2,22.64,310.41,10.02
2025-04-28,Google Ads,App Install,First Touch,28743,1092,28250.04,57,199272,21120,1,25.87,495.61,7.05
2025-01-16,Social Media,Summer Sale,Last Touch,35150,2447,40326.56,247,351728,32529,3,16.48,163.27,8.72
2025-01-24,Social Media,New Product Launch,Linear,13120,995,27720.7,30,91140,11033,2,27.86,924.02,3.29
2025-05-24,Google Ads,New Product Launch,Last Touch,32125,1650,64531.5,220,872960,30874,1,39.11,293.32,13.53
2025-05-24,Direct Traffic,Summer Sale,Linear,37427,1827,14652.54,252,672084,19676,1,8.02,58.15,45.87
2025-02-18,Social Media,Loyalty,First Touch,44362,2558,151510.34,227,692350,42233,4,59.23,667.45,4.57
2025-06-27,Email,Festive Offer,First Touch,11028,725,23867.0,74,245976,8817,2,32.92,322.53,10.31
2025-04-15,Display Ads,App Install,Linear,39571,1767,51243.0,114,242478,38191,4,29.0,449.5,4.73
2025-02-23,Social Media,Discount Offer,First Touch,5678,433,6672.53,64,110784,4080,5,15.41,104.26,16.6
2025-05-13,Display Ads,Winter Sale,First Touch,44979,1581,45248.22,239,557587,41069,4,28.62,189.32,12.32
2025-04-26,Google Ads,Summer Sale,First Touch,30830,1165,67709.8,175,393925,24641,3,58.12,386.91,5.82
2025-03-15,Google Ads,Retargeting,First Touch,47779,2288,38575.68,379,1467109,24918,1,16.86,101.78,38.03
2025-06-29,Meta Ads,Lead Gen,Linear,21353,1575,87774.75,85,105145,11062,5,55.73,1032.64,1.2
2025-02-11,Google Ads,Summer Sale,First Touch,30252,1188,27347.76,98,328104,22110,5,23.02,279.06,12.0
2025-04-18,Social Media,Brand Awareness,First Touch,10218,572,30647.76,33,145761,7698,2,53.58,928.72,4.76
2025-03-18,Google Ads,Winter Sale,First Touch,25529,1486,37164.86,198,801306,15146,4,25.01,187.7,21.56
2025-04-19,Social Media,Festive Offer,First Touch,47706,3274,107976.52,498,2082636,42551,2,32.98,216.82,19.29
2025-03-03,Meta Ads,New Product Launch,Last Touch,33566,2561,102465.61,424,543144,19852,5,40.01,241.66,5.3
2025-03-10,Email,Summer Sale,Last Touch,30804,2396,29638.52,384,1588992,26354,2,12.37,77.18,53.61
2025-05-28,Direct Traffic,Summer Sale,First Touch,32159,1186,10341.92,49,120393,17111,4,8.72,211.06,11.64
2025-03-04,Direct Traffic,Retargeting,Linear,31734,1336,20454.16,91,268723,21920,3,15.31,224.77,13.14
2025-03-14,Display Ads,Discount Offer,First Touch,48194,3277,63770.42,471,1105908,37576,4,19.46,135.39,17.34
2025-06-22,Meta Ads,Festive Offer,Last Touch,24838,1502,17963.92,180,771660,20824,5,11.96,99.8,42.96
2025-02-14,Direct Traffic,Lead Gen,Linear,12505,919,39829.46,141,291588,9034,3,43.34,282.48,7.32
2025-02-16,Email,Festive Offer,First Touch,39927,2399,71946.01,341,412269,36232,5,29.99,210.99,5.73
2025-01-22,Meta Ads,Lead Gen,Last Touch,34793,2355,122530.65,157,680124,25827,1,52.03,780.45,5.55
2025-04-29,Direct Traffic,Winter Sale,Linear,10780,540,24964.2,17,69054,9778,2,46.23,1468.48,2.77
2025-06-21,Email,Brand Awareness,Last Touch,49015,3726,178773.48,345,910455,27065,2,47.98,518.18,5.09
2025-01-16,Display Ads,Loyalty,First Touch,48376,2788,84755.2,123,541692,47847,3,30.4,689.07,6.39
2025-06-01,Display Ads,New Product Launch,Linear,33811,991,20216.4,29,48894,27246,5,20.4,697.12,2.42
2025-03-11,Display Ads,Winter Sale,First Touch,44055,2949,65231.88,457,787411,39952,1,22.12,142.74,12.07
2025-06-26,Email,Winter Sale,Linear,6105,144,8563.68,21,88095,3915,1,59.47,407.79,10.29
2025-05-28,Email,Brand Awareness,Last Touch,41713,2076,18227.28,327,1308981,27047,5,8.78,55.74,71.81
2025-01-07,Google Ads,New Product Launch,Last Touch,46551,2973,121565.97,510,2170050,43681,2,40.89,238.36,17.85
2025-04-10,Meta Ads,Brand Awareness,Last Touch,49653,2078,93239.86,282,1175376,37362,2,44.87,330.64,12.61
2025-05-10,Email,Loyalty,Last Touch,29344,1263,32774.85,212,728644,26000,2,25.95,154.6,22.23
2025-02-28,Social Media,New Product Launch,Linear,43040,2856,53664.24,98,391314,33024,1,18.79,547.59,7.29
2025-05-19,Social Media,Lead Gen,Last Touch,34158,1804,64222.4,104,350272,17574,5,35.6,617.52,5.45
2025-03-29,Display Ads,Retargeting,Linear,38406,1326,41344.68,79,315447,21535,5,31.18,523.35,7.63
2025-06-04,Social Media,Festive Offer,Last Touch,46363,2717,142832.69,358,858126,36426,1,52.57,398.97,6.01
2025-04-26,Email,Summer Sale,Last Touch,15313,921,39879.3,79,246085,7685,2,43.3,504.8,6.17
2025-02-10,Display Ads,Discount Offer,Linear,46868,2364,62764.2,231,587664,25185,5,26.55,271.71,9.36
2025-05-22,Google Ads,Retargeting,First Touch,36826,1490,87969.6,247,342342,26673,4,59.04,356.15,3.89
2025-05-30,Google Ads,App Install,Last Touch,18641,1022,41799.8,157,531131,13438,4,40.9,266.24,12.71
2025-05-07,Meta Ads,Loyalty,First Touch,7715,223,9078.33,15,65850,4958,1,40.71,605.22,7.25
2025-06-24,Display Ads,New Product Launch,Linear,11634,633,7722.6,70,262920,11327,1,12.2,110.32,34.05
2025-01-31,Google Ads,Retargeting,First Touch,17835,1167,38966.13,66,263274,10096,4,33.39,590.4,6.76
2025-06-08,Direct Traffic,Winter Sale,First Touch,33413,833,34327.93,147,426300,30478,3,41.21,233.52,12.42
2025-05-04,Google Ads,Brand Awareness,Last Touch,42561,1412,24724.12,114,307914,25709,1,17.51,216.88,12.45
2025-05-20,Meta Ads,Discount Offer,Linear,17633,364,3010.28,51,77877,17415,2,8.27,59.03,25.87
2025-02-15,Google Ads,Summer Sale,First Touch,42272,3216,35665.44,557,1341813,23412,4,11.09,64.03,37.62
2025-04-07,Direct Traffic,Winter Sale,First Touch,7469,395,3657.7,29,100862,7245,2,9.26,126.13,27.58
2025-01-25,Display Ads,App Install,First Touch,18910,526,31323.3,45,190260,13585,3,59.55,696.07,6.07
2025-05-02,Google Ads,Brand Awareness,Last Touch,8161,550,6154.5,53,203361,5050,4,11.19,116.12,33.04
2025-04-27,Social Media,Lead Gen,Linear,15782,384,5514.24,18,26010,11652,2,14.36,306.35,4.72
2025-06-05,Google Ads,Lead Gen,Linear,21856,1054,52826.48,163,676287,11689,1,50.12,324.09,12.8
2025-06-17,Google Ads,App Install,First Touch,27599,1822,40284.42,228,906756,20820,3,22.11,176.69,22.51
2025-05-19,Direct Traffic,Summer Sale,Last Touch,28898,1357,12362.27,86,360856,18134,4,9.11,143.75,29.19
2025-06-10,Display Ads,Summer Sale,Linear,43605,2835,158504.85,411,1508370,24525,1,55.91,385.66,9.52
2025-05-30,Social Media,Loyalty,Linear,46013,1520,77337.6,155,365180,40698,4,50.88,498.95,4.72
2025-03-22,Meta Ads,New Product Launch,First Touch,40261,815,19902.3,50,114150,27077,1,24.42,398.05,5.74
2025-03-09,Social Media,Lead Gen,First Touch,6706,450,23458.5,13,23790,4961,4,52.13,1804.5,1.01
2025-03-31,Email,Winter Sale,Last Touch,27755,892,40015.12,109,490173,18638,1,44.86,367.11,12.25
2025-04-19,Meta Ads,Lead Gen,First Touch,27380,680,22100.0,103,391297,17004,1,32.5,214.56,17.71
2025-02-19,Email,Lead Gen,First Touch,10880,527,30465.87,93,197346,7473,1,57.81,327.59,6.48
2025-05-20,Google Ads,Winter Sale,Linear,46763,3710,32202.8,606,2006466,46760,4,8.68,53.14,62.31
2025-06-27,Google Ads,Discount Offer,First Touch,29073,1457,34574.61,197,423156,15520,4,23.73,175.51,12.24
2025-03-23,Direct Traffic,App Install,Last Touch,13314,340,5079.6,15,42855,10888,1,14.94,338.64,8.44
2025-01-01,Social Media,Lead Gen,First Touch,48221,3487,209080.52,575,1238550,36150,2,59.96,363.62,5.92
2025-01-22,Email,Retargeting,Last Touch,36719,1179,49494.42,55,68805,33170,1,41.98,899.9,1.39
2025-04-12,Social Media,Festive Offer,Linear,47256,2173,64755.4,305,749690,26932,3,29.8,212.31,11.58
2025-05-02,Meta Ads,Summer Sale,Linear,25372,1158,43540.8,67,208437,17467,2,37.6,649.86,4.79
2025-03-29,Meta Ads,Summer Sale,Last Touch,34114,2576,92736.0,399,1524579,33156,4,36.0,232.42,16.44
2025-02-26,Direct Traffic,Loyalty,Last Touch,10795,467,25605.61,16,66720,6716,2,54.83,1600.35,2.61
2025-06-18,Display Ads,Brand Awareness,First Touch,22369,1355,12032.4,165,679470,21775,1,8.88,72.92,56.47
2025-06-23,Display Ads,Discount Offer,Last Touch,47213,3764,49195.48,457,1259492,45476,2,13.07,107.65,25.6
2025-02-06,Meta Ads,Brand Awareness,Linear,25116,1237,41501.35,99,358380,19415,1,33.55,419.21,8.64
2025-06-29,Google Ads,Summer Sale,Linear,47103,2662,118911.54,354,1336704,31085,2,44.67,335.91,11.24
2025-05-10,Email,Discount Offer,Last Touch,13238,998,59261.24,152,607848,12962,1,59.38,389.88,10.26
2025-04-22,Meta Ads,Lead Gen,Linear,38348,967,43921.14,134,378952,20929,2,45.42,327.77,8.63
2025-01-07,Social Media,Lead Gen,First Touch,28026,2143,88334.46,133,268527,18504,5,41.22,664.17,3.04
2025-02-22,Display Ads,New Product Launch,Last Touch,33515,1730,76120.0,293,949906,31270,5,44.0,259.8,12.48
2025-06-11,Meta Ads,Winter Sale,Last Touch,14500,546,24280.62,24,70512,11049,4,44.47,1011.69,2.9
2025-02-06,Google Ads,Lead Gen,Last Touch,24020,828,33202.8,60,146040,14147,5,40.1,553.38,4.4
2025-06-13,Meta Ads,Retargeting,Last Touch,39620,1354,32089.8,138,507012,25454,5,23.7,232.53,15.8
2025-03-27,Google Ads,Festive Offer,Linear,16061,861,33269.04,97,254819,10199,5,38.64,342.98,7.66
2025-02-09,Display Ads,Retargeting,Last Touch,36246,2694,52829.34,428,841448,29186,5,19.61,123.43,15.93
2025-01-25,Meta Ads,Lead Gen,Last Touch,30778,2430,47603.7,75,334950,17097,5,19.59,634.72,7.04
2025-04-24,Direct Traffic,Winter Sale,Last Touch,35645,1622,73281.96,255,440640,27762,4,45.18,287.38,6.01
2025-06-06,Display Ads,Lead Gen,Last Touch,12525,560,9660.0,56,83720,10041,1,17.25,172.5,8.67
2025-03-05,Email,Retargeting,Linear,41265,1560,33618.0,153,629595,41150,3,21.55,219.73,18.73
2025-01-02,Direct Traffic,Brand Awareness,Last Touch,33811,1203,30423.87,131,180518,32787,4,25.29,232.24,5.93
2025-04-18,Email,Lead Gen,Last Touch,38925,1474,29096.76,191,322217,25320,4,19.74,152.34,11.07
2025-04-22,Google Ads,App Install,Linear,20392,648,25628.4,71,270439,12285,3,39.55,360.96,10.55
2025-04-03,Meta Ads,Winter Sale,Linear,40176,1089,58130.82,141,379713,28224,3,53.38,412.28,6.53
2025-01-28,Display Ads,Festive Offer,Linear,28124,1087,14717.98,75,121650,24625,5,13.54,196.24,8.27
2025-06-17,Google Ads,Brand Awareness,Linear,11541,433,20935.55,69,243363,11020,1,48.35,303.41,11.62
2025-06-11,Meta Ads,Loyalty,Linear,47747,1629,81221.94,175,411775,42224,1,49.86,464.13,5.07
2025-06-22,Google Ads,Retargeting,Last Touch,36118,881,47670.91,155,628680,21503,3,54.11,307.55,13.19
2025-04-09,Direct Traffic,Lead Gen,Last Touch,17755,1236,48550.08,191,304263,16264,3,39.28,254.19,6.27
2025-03-11,Display Ads,Loyalty,Last Touch,5918,442,3580.2,26,115674,5162,5,8.1,137.7,32.31
2025-02-10,Meta Ads,Loyalty,Linear,7931,568,12263.12,25,93250,7093,4,21.59,490.52,7.6
2025-03-25,Social Media,Winter Sale,First Touch,15128,932,19339.0,86,216548,8602,4,20.75,224.87,11.2
2025-06-13,Email,Lead Gen,Last Touch,13486,694,39072.2,45,124920,9366,4,56.3,868.27,3.2
2025-02-15,Display Ads,Brand Awareness,First Touch,41334,846,32266.44,28,47376,37892,5,38.14,1152.37,1.47
2025-05-11,Google Ads,Brand Awareness,Linear,21215,424,10714.48,25,85075,13126,5,25.27,428.58,7.94
2025-04-12,Social Media,App Install,Linear,15502,1041,43815.69,129,181761,15192,2,42.09,339.66,4.15
2025-01-03,Display Ads,Discount Offer,First Touch,40546,963,45944.73,111,210456,25722,2,47.71,413.92,4.58
2025-06-01,Display Ads,Festive Offer,Linear,30663,921,24913.05,37,149998,16441,5,27.05,673.33,6.02
2025-05-24,Google Ads,App Install,First Touch,49496,3647,115354.61,182,712712,30209,5,31.63,633.82,6.18
2025-03-20,Meta Ads,Lead Gen,Last Touch,19199,766,36752.68,50,179550,12343,4,47.98,735.05,4.89
2025-02-21,Social Media,Loyalty,Linear,40429,1990,83699.4,243,641034,40169,1,42.06,344.44,7.66
2025-01-14,Social Media,Retargeting,Linear,20053,1532,40889.08,241,786865,15734,4,26.69,169.66,19.24
2025-02-08,Social Media,New Product Launch,Last Touch,31214,1850,77108.0,281,449319,30147,4,41.68,274.41,5.83
2025-01-21,Direct Traffic,Loyalty,First Touch,27947,1097,60697.01,113,231763,14276,2,55.33,537.14,3.82
2025-05-31,Display Ads,Discount Offer,Last Touch,43350,2431,115278.02,430,1707100,41654,3,47.42,268.09,14.81
2025-01-17,Display Ads,App Install,Linear,26479,1526,24644.9,55,170555,23000,5,16.15,448.09,6.92
2025-06-07,Direct Traffic,Discount Offer,Last Touch,26515,1883,105353.85,79,117710,22471,5,55.95,1333.59,1.12
2025-01-31,Display Ads,Retargeting,Linear,23321,938,32679.92,103,327643,16091,5,34.84,317.28,10.03
2025-03-07,Google Ads,Brand Awareness,Linear,16423,743,27297.82,109,308361,13889,5,36.74,250.44,11.3
2025-01-06,Display Ads,Retargeting,First Touch,8657,462,19598.04,38,170430,4497,1,42.42,515.74,8.7
2025-05-26,Display Ads,Winter Sale,First Touch,48096,2879,71197.67,225,405225,45596,5,24.73,316.43,5.69
2025-02-02,Email,Summer Sale,Linear,29484,2134,63870.62,71,285136,23707,3,29.93,899.59,4.46
2025-04-19,Social Media,Brand Awareness,First Touch,11811,476,19977.72,22,96712,7634,4,41.97,908.08,4.84
2025-02-09,Email,Retargeting,Last Touch,45676,2682,116801.1,396,1575288,24056,1,43.55,294.95,13.49
2025-02-04,Email,Discount Offer,Linear,7607,331,13852.35,54,132948,6647,3,41.85,256.53,9.6
2025-04-19,Google Ads,Loyalty,Last Touch,36001,2208,120711.36,343,1159683,33702,4,54.67,351.93,9.61
2025-03-15,Display Ads,Festive Offer,First Touch,8562,656,23373.28,52,90480,4523,5,35.63,449.49,3.87
2025-01-25,Direct Traffic,Brand Awareness,First Touch,32365,1132,46785.56,86,374530,27238,1,41.33,544.02,8.01
2025-05-10,Google Ads,Winter Sale,First Touch,7985,484,7821.44,15,65970,7547,5,16.16,521.43,8.43
2025-05-03,Email,App Install,First Touch,19077,1507,76796.72,269,1176068,12605,5,50.96,285.49,15.31
2025-05-03,Display Ads,Summer Sale,Last Touch,28587,1819,47384.95,145,419630,23426,3,26.05,326.79,8.86
2025-04-09,Social Media,Summer Sale,First Touch,32931,2164,47391.6,379,1194987,21963,4,21.9,125.04,25.22
2025-03-21,Social Media,App Install,First Touch,19690,446,4816.8,36,81684,16483,3,10.8,133.8,16.96
2025-03-29,Meta Ads,New Product Launch,Last Touch,34145,1956,51149.4,230,874460,33741,3,26.15,222.39,17.1
2025-03-15,Display Ads,Brand Awareness,Last Touch,12750,782,18916.58,27,106083,12479,4,24.19,700.61,5.61
2025-02-24,Meta Ads,App Install,First Touch,33010,1855,47135.55,85,124780,19927,5,25.41,554.54,2.65
2025-04-11,Direct Traffic,Discount Offer,First Touch,40049,2350,123351.5,198,737748,31435,3,52.49,622.99,5.98
2025-05-25,Email,Retargeting,First Touch,42674,2196,29360.52,128,493056,26309,3,13.37,229.38,16.79
2025-01-20,Social Media,Loyalty,Last Touch,35278,2227,27191.67,68,111656,30006,4,12.21,399.88,4.11
2025-06-28,Display Ads,Winter Sale,First Touch,29839,689,14971.97,85,102850,29108,5,21.73,176.14,6.87
2025-05-14,Email,Loyalty,First Touch,33736,875,18751.25,116,411568,25758,4,21.43,161.65,21.95
2025-03-06,Social Media,New Product Launch,Linear,25038,1665,47119.5,286,967824,22059,2,28.3,164.75,20.54
2025-05-10,Display Ads,Discount Offer,Last Touch,46409,2981,132445.83,324,1026432,38257,4,44.43,408.78,7.75
2025-03-20,Direct Traffic,Summer Sale,Linear,49164,1147,26644.81,48,179136,38156,3,23.23,555.1,6.72
2025-02-11,Direct Traffic,Discount Offer,Linear,34296,2408,111418.16,303,397839,27675,2,46.27,367.72,3.57
2025-06-19,Google Ads,Retargeting,Last Touch,6300,266,11767.84,27,39258,3723,5,44.24,435.85,3.34
2025-03-19,Email,Loyalty,Last Touch,40242,2645,150791.45,247,620958,32387,5,57.01,610.49,4.12
2025-01-25,Direct Traffic,Retargeting,Last Touch,38806,986,9672.66,106,322982,26274,1,9.81,91.25,33.39
2025-05-14,Direct Traffic,New Product Launch,Last Touch,43110,3238,44263.46,454,1967182,30129,3,13.67,97.5,44.44
2025-05-30,Direct Traffic,Retargeting,First Touch,16563,1137,50073.48,43,183524,11248,3,44.04,1164.5,3.67
2025-03-30,Email,App Install,First Touch,11660,768,45834.24,116,360180,8041,2,59.68,395.12,7.86
2025-03-27,Google Ads,Winter Sale,Linear,13228,672,19763.52,33,134310,7062,2,29.41,598.89,6.8
2025-02-22,Google Ads,App Install,Last Touch,46546,3452,33587.96,375,564000,24730,4,9.73,89.57,16.79
2025-01-01,Direct Traffic,App Install,Last Touch,20231,1412,31402.88,86,342624,16916,1,22.24,365.15,10.91
2025-02-16,Direct Traffic,Festive Offer,First Touch,21098,1339,38429.3,55,156860,21007,2,28.7,698.71,4.08
2025-06-01,Social Media,App Install,First Touch,16210,645,8333.4,89,138929,10308,2,12.92,93.63,16.67
2025-03-31,Google Ads,App Install,First Touch,47573,1516,42190.28,160,220480,32411,3,27.83,263.69,5.23
2025-05-18,Email,Retargeting,Last Touch,8361,485,22824.1,74,163244,6914,3,47.06,308.43,7.15
2025-06-17,Display Ads,Retargeting,First Touch,21808,482,11866.84,66,176550,14789,1,24.62,179.8,14.88
2025-04-14,Google Ads,Discount Offer,First Touch,45160,949,20735.65,121,444675,27010,4,21.85,171.37,21.44
2025-04-04,Direct Traffic,Retargeting,First Touch,22560,520,17456.4,74,215710,20494,2,33.57,235.9,12.36
2025-02-26,Email,Summer Sale,Last Touch,31335,1077,29369.79,121,405713,28284,2,27.27,242.73,13.81
2025-05-23,Email,New Product Launch,Linear,41951,2797,65589.65,415,1483625,39342,1,23.45,158.05,22.62
2025-01-12,Email,Summer Sale,Last Touch,18664,1297,67093.81,215,260795,16882,5,51.73,312.06,3.89
2025-02-02,Display Ads,Festive Offer,First Touch,42880,2591,22075.32,175,475300,22299,1,8.52,126.14,21.53
2025-04-27,Email,Brand Awareness,Last Touch,32025,1945,55179.65,286,947232,25764,5,28.37,192.94,17.17
2025-06-12,Direct Traffic,Brand Awareness,Linear,31065,1223,69136.19,195,630825,29709,2,56.53,354.54,9.12
2025-02-11,Meta Ads,Retargeting,Last Touch,16906,380,7786.2,14,30506,9502,5,20.49,556.16,3.92
2025-01-27,Google Ads,Festive Offer,Linear,35758,2513,33272.12,394,1088622,25814,3,13.24,84.45,32.72
2025-06-01,Google Ads,Discount Offer,Last Touch,14632,1024,60160.0,54,152766,8207,2,58.75,1114.07,2.54
2025-02-06,Meta Ads,Retargeting,Linear,31945,1940,107941.6,279,642816,16004,2,55.64,386.89,5.96
2025-06-12,Email,Summer Sale,Last Touch,13936,400,18556.0,21,49896,8932,1,46.39,883.62,2.69
2025-02-08,Meta Ads,Retargeting,Linear,8652,180,2343.6,8,26848,5729,5,13.02,292.95,11.46
2025-06-18,Direct Traffic,Retargeting,Last Touch,48404,1652,18485.88,194,620800,42787,1,11.19,95.29,33.58
2025-03-01,Email,New Product Launch,First Touch,44594,1755,48771.45,220,700700,35759,2,27.79,221.69,14.37
2025-05-31,Email,Lead Gen,Last Touch,31732,2034,100866.06,148,642912,24670,5,49.59,681.53,6.37
2025-04-27,Display Ads,Loyalty,Last Touch,19125,813,44771.91,24,47400,9566,4,55.07,1865.5,1.06
2025-01-11,Social Media,Brand Awareness,Last Touch,21120,1557,31684.95,59,188033,13635,1,20.35,537.03,5.93
2025-03-27,Display Ads,App Install,Linear,15739,712,23830.64,120,527640,9489,4,33.47,198.59,22.14
2025-02-17,Social Media,Retargeting,Last Touch,26053,1789,76497.64,207,848286,20406,4,42.76,369.55,11.09
2025-02-20,Social Media,Retargeting,Linear,24708,782,26689.66,30,89100,15076,5,34.13,889.66,3.34
2025-02-10,Meta Ads,Retargeting,First Touch,39739,2831,51609.13,390,599820,26319,5,18.23,132.33,11.62
2025-03-25,Meta Ads,Retargeting,First Touch,27141,1522,14382.9,78,311298,14019,5,9.45,184.4,21.64
2025-06-30,Email,Brand Awareness,Linear,11284,901,21227.56,50,129300,6956,2,23.56,424.55,6.09
2025-06-01,Meta Ads,Winter Sale,Last Touch,30419,1416,13267.92,183,703086,24503,2,9.37,72.5,52.99
2025-05-28,Direct Traffic,New Product Launch,Linear,47212,1931,43524.74,321,1297803,43712,2,22.54,135.59,29.82
2025-02-20,Direct Traffic,App Install,Last Touch,12401,510,9297.3,41,171339,8119,2,18.23,226.76,18.43
2025-05-14,Display Ads,Lead Gen,Linear,43175,1809,73192.14,252,931392,22295,3,40.46,290.44,12.73
2025-03-04,Google Ads,Loyalty,Linear,22561,911,30135.88,105,151410,19615,2,33.08,287.01,5.02
2025-03-30,Display Ads,Retargeting,First Touch,16921,1090,47316.9,34,107916,8533,5,43.41,1391.67,2.28
2025-04-18,Google Ads,Lead Gen,Last Touch,44518,3062,104567.3,228,909720,37213,3,34.15,458.63,8.7
2025-04-30,Direct Traffic,Summer Sale,First Touch,45617,1180,43046.4,166,638602,35286,3,36.48,259.32,14.84
2025-01-11,Social Media,Festive Offer,Linear,13937,834,12718.5,130,507650,6973,2,15.25,97.83,39.91
2025-03-27,Meta Ads,Summer Sale,Linear,48777,3044,165593.6,138,227976,46275,1,54.4,1199.95,1.38
2025-04-05,Email,Festive Offer,First Touch,47817,1826,21418.98,170,488070,38512,4,11.73,125.99,22.79
2025-06-15,Social Media,Brand Awareness,Linear,42329,2947,169098.86,415,1464120,34346,3,57.38,407.47,8.66
2025-05-04,Google Ads,New Product Launch,First Touch,32806,2273,38345.51,166,719776,27049,2,16.87,231.0,18.77
2025-02-09,Google Ads,Festive Offer,Last Touch,22737,1614,74389.26,82,235422,21754,1,46.09,907.19,3.16
2025-03-17,Meta Ads,Winter Sale,First Touch,48630,3615,187040.1,647,1326350,39993,1,51.74,289.09,7.09
2025-03-30,Meta Ads,Winter Sale,First Touch,12848,290,3300.2,38,109592,10794,2,11.38,86.85,33.21
2025-06-16,Google Ads,Loyalty,Linear,28930,996,58106.64,41,80483,17144,3,58.34,1417.24,1.39
2025-02-11,Direct Traffic,Festive Offer,Last Touch,43434,2026,62360.28,201,599181,36079,4,30.78,310.25,9.61
2025-03-16,Email,Retargeting,Linear,32104,1850,98401.5,65,253435,28127,1,53.19,1513.87,2.58
2025-04-28,Social Media,Discount Offer,Linear,7607,486,22414.32,22,52910,7240,3,46.12,1018.83,2.36
2025-05-15,Google Ads,Summer Sale,Last Touch,44714,2611,148853.11,119,502894,39044,4,57.01,1250.87,3.38
2025-03-20,Direct Traffic,Loyalty,Linear,6294,135,2878.2,5,7115,5841,1,21.32,575.64,2.47
2025-04-23,Meta Ads,New Product Launch,Linear,9678,618,30832.02,103,196524,5091,3,49.89,299.34,6.37
2025-05-26,Social Media,New Product Launch,First Touch,32148,1200,65028.0,51,76500,17040,4,54.19,1275.06,1.18
2025-01-11,Direct Traffic,Winter Sale,Linear,18562,454,22536.56,38,47044,12836,1,49.64,593.07,2.09
2025-04-04,Direct Traffic,Lead Gen,Linear,34865,1847,18506.94,170,740690,31543,4,10.02,108.86,40.02
2025-04-02,Direct Traffic,Discount Offer,Last Touch,12603,452,8972.2,77,197120,9603,1,19.85,116.52,21.97
2025-05-26,Email,Discount Offer,Last Touch,13623,1033,33727.45,137,200842,9618,2,32.65,246.19,5.95
2025-05-19,Display Ads,Discount Offer,First Touch,26951,736,8920.32,100,191300,25351,4,12.12,89.2,21.45
2025-01-25,Email,New Product Launch,Last Touch,45392,1432,19790.24,127,488950,36519,3,13.82,155.83,24.71
2025-01-03,Direct Traffic,Winter Sale,Linear,37696,1176,28835.52,73,296526,20028,4,24.52,395.01,10.28
2025-02-21,Display Ads,Discount Offer,First Touch,14543,296,4599.84,41,140835,12579,3,15.54,112.19,30.62
2025-03-24,Direct Traffic,Retargeting,Last Touch,6310,333,10229.76,49,207221,5652,4,30.72,208.77,20.26
2025-06-22,Social Media,Retargeting,Last Touch,20088,1381,40311.39,61,76921,19584,5,29.19,660.84,1.91
2025-05-28,Meta Ads,Discount Offer,Linear,11447,877,39175.59,61,87901,5933,5,44.67,642.22,2.24
2025-06-06,Direct Traffic,Lead Gen,First Touch,15796,1106,58385.74,108,442476,8804,5,52.79,540.61,7.58
2025-02-04,Direct Traffic,Retargeting,Linear,39130,1833,100320.09,256,658688,38936,3,54.73,391.88,6.57
2025-06-09,Meta Ads,Summer Sale,Last Touch,46675,1470,65856.0,225,406800,36613,4,44.8,292.69,6.18
2025-03-08,Direct Traffic,Retargeting,Last Touch,20915,1086,48772.26,134,376808,17622,3,44.91,363.97,7.73
2025-05-21,Google Ads,Discount Offer,First Touch,26907,651,31137.33,74,309912,15675,4,47.83,420.77,9.95
2025-02-07,Email,New Product Launch,First Touch,32922,1631,55258.28,175,685300,29090,4,33.88,315.76,12.4
2025-04-28,Social Media,Discount Offer,First Touch,37320,753,33086.82,37,52540,35152,5,43.94,894.24,1.59
2025-02-27,Direct Traffic,Summer Sale,First Touch,19351,608,28952.96,108,330588,19117,2,47.62,268.08,11.42
2025-01-15,Social Media,Retargeting,Linear,21315,1438,40321.52,221,615706,21190,2,28.04,182.45,15.27
2025-01-05,Google Ads,App Install,First Touch,43642,2997,74685.24,142,252050,34317,4,24.92,525.95,3.37
2025-01-15,Direct Traffic,Lead Gen,Last Touch,43432,1971,27081.54,84,107604,39891,3,13.74,322.4,3.97
2025-01-01,Direct Traffic,New Product Launch,Linear,6767,436,7582.04,55,173525,4984,4,17.39,137.86,22.89
2025-02-25,Display Ads,Brand Awareness,Linear,32356,1090,54303.8,68,243984,25935,3,49.82,798.59,4.49
2025-01-12,Display Ads,Festive Offer,Linear,31502,1844,62050.6,57,235524,21327,3,33.65,1088.61,3.8
2025-01-06,Social Media,Brand Awareness,Linear,7419,299,16720.08,39,55302,5955,2,55.92,428.72,3.31
2025-01-12,Display Ads,Loyalty,First Touch,28639,655,29409.5,94,126524,20077,3,44.9,312.87,4.3
2025-04-21,Email,Winter Sale,First Touch,43341,2359,54186.23,94,161586,30230,2,22.97,576.45,2.98
2025-04-17,Google Ads,Festive Offer,First Touch,29366,609,10572.24,76,273068,24677,1,17.36,139.11,25.83
2025-04-23,Display Ads,Discount Offer,Linear,12710,835,28598.75,117,289107,11362,5,34.25,244.43,10.11
