User ID,Timestamp,Channel,Campaign,Conversion,Date
83281,2025-02-10 07:58:51,Email,New Product Launch,No,2025-02-10
68071,2025-02-10 23:38:48,Search Ads,Winter Sale,No,2025-02-10
90131,2025-02-11 10:41:07,Social Media,Brand Awareness,Yes,2025-02-11
71026,2025-02-10 08:19:44,Direct Traffic,-,Yes,2025-02-10
94486,2025-02-10 15:15:46,Email,Retargeting,Yes,2025-02-10
31134,2025-02-11 06:43:06,Search Ads,-,Yes,2025-02-11
99995,2025-02-10 06:15:30,Search Ads,-,Yes,2025-02-10
45832,2025-02-11 01:09:27,Referral,Winter Sale,Yes,2025-02-11
79863,2025-02-10 06:48:56,Display Ads,Discount Offer,Yes,2025-02-10
35324,2025-02-10 21:36:24,Direct Traffic,-,No,2025-02-10
50905,2025-02-11 22:04:52,Social Media,Brand Awareness,No,2025-02-11
82798,2025-02-10 08:57:09,Display Ads,New Product Launch,Yes,2025-02-10
53313,2025-02-10 14:45:33,Social Media,Brand Awareness,Yes,2025-02-10
59109,2025-02-10 14:18:50,Display Ads,Brand Awareness,No,2025-02-10
72045,2025-02-11 18:39:11,Referral,Retargeting,No,2025-02-11
91019,2025-02-10 04:28:34,Email,Winter Sale,No,2025-02-10
78241,2025-02-11 11:24:51,Display Ads,Brand Awareness,Yes,2025-02-11
71565,2025-02-11 17:24:00,Email,Retargeting,Yes,2025-02-11
60684,2025-02-10 01:31:38,Email,-,Yes,2025-02-10
28998,2025-02-11 11:15:57,Direct Traffic,-,Yes,2025-02-11
39795,2025-02-11 22:31:29,Display Ads,New Product Launch,No,2025-02-11
83286,2025-02-11 16:16:07,Social Media,Discount Offer,No,2025-02-11
62862,2025-02-11 02:10:56,Referral,Discount Offer,Yes,2025-02-11
20507,2025-02-11 12:49:41,Email,Discount Offer,Yes,2025-02-11
28295,2025-02-11 14:52:26,Social Media,New Product Launch,No,2025-02-11
96523,2025-02-10 20:39:45,Social Media,Brand Awareness,Yes,2025-02-10
30910,2025-02-11 02:03:43,Referral,Discount Offer,Yes,2025-02-11
78262,2025-02-11 17:34:39,Referral,Brand Awareness,No,2025-02-11
37903,2025-02-10 18:20:15,Search Ads,Retargeting,Yes,2025-02-10
22684,2025-02-11 17:40:59,Direct Traffic,-,No,2025-02-11
14396,2025-02-10 00:29:52,Social Media,Discount Offer,Yes,2025-02-10
31679,2025-02-11 16:14:27,Email,Brand Awareness,No,2025-02-11
73216,2025-02-10 16:07:32,Email,-,Yes,2025-02-10
34551,2025-02-10 15:55:07,Referral,Discount Offer,No,2025-02-10
20513,2025-02-11 07:12:26,Search Ads,-,Yes,2025-02-11
78925,2025-02-10 02:27:13,Social Media,Retargeting,No,2025-02-10
30845,2025-02-11 15:43:26,Email,Retargeting,Yes,2025-02-11
27437,2025-02-11 10:47:29,Direct Traffic,-,No,2025-02-11
17566,2025-02-10 14:33:24,Search Ads,Brand Awareness,No,2025-02-10
61019,2025-02-10 20:23:23,Referral,Brand Awareness,No,2025-02-10
96237,2025-02-10 18:57:31,Email,Winter Sale,No,2025-02-10
93014,2025-02-11 15:51:03,Search Ads,-,No,2025-02-11
81371,2025-02-10 04:28:11,Search Ads,Brand Awareness,No,2025-02-10
76909,2025-02-11 02:40:05,Display Ads,Retargeting,Yes,2025-02-11
29914,2025-02-11 02:00:11,Display Ads,Retargeting,Yes,2025-02-11
33255,2025-02-11 08:10:31,Email,-,No,2025-02-11
32685,2025-02-10 22:59:07,Referral,Winter Sale,No,2025-02-10
28171,2025-02-11 10:26:35,Email,-,Yes,2025-02-11
32391,2025-02-10 17:20:03,Email,Brand Awareness,No,2025-02-10
82495,2025-02-10 01:32:50,Direct Traffic,-,Yes,2025-02-10
55755,2025-02-11 16:42:31,Display Ads,Brand Awareness,Yes,2025-02-11
94548,2025-02-11 03:33:54,Direct Traffic,-,No,2025-02-11
89180,2025-02-10 01:11:40,Direct Traffic,-,No,2025-02-10
72532,2025-02-10 14:00:29,Search Ads,-,Yes,2025-02-10
53707,2025-02-10 04:51:48,Referral,Retargeting,Yes,2025-02-10
57726,2025-02-11 20:24:10,Direct Traffic,-,Yes,2025-02-11
90253,2025-02-10 03:11:16,Direct Traffic,-,Yes,2025-02-10
57564,2025-02-10 05:37:37,Direct Traffic,-,No,2025-02-10
29113,2025-02-10 04:09:23,Direct Traffic,-,Yes,2025-02-10
94722,2025-02-10 14:02:09,Referral,-,No,2025-02-10
62079,2025-02-10 10:24:17,Email,Winter Sale,No,2025-02-10
63416,2025-02-10 10:38:06,Display Ads,Discount Offer,No,2025-02-10
89732,2025-02-10 09:27:51,Referral,Discount Offer,No,2025-02-10
15395,2025-02-11 07:00:01,Referral,Brand Awareness,Yes,2025-02-11
33578,2025-02-11 06:49:10,Referral,Retargeting,Yes,2025-02-11
57627,2025-02-11 23:05:41,Display Ads,-,Yes,2025-02-11
92974,2025-02-11 04:58:34,Social Media,Discount Offer,Yes,2025-02-11
23599,2025-02-11 05:59:35,Direct Traffic,-,No,2025-02-11
17614,2025-02-10 19:07:42,Search Ads,Retargeting,No,2025-02-10
15491,2025-02-10 16:33:03,Social Media,Retargeting,No,2025-02-10
69460,2025-02-10 16:55:36,Search Ads,Winter Sale,No,2025-02-10
35837,2025-02-11 04:46:49,Social Media,-,No,2025-02-11
64703,2025-02-10 00:09:06,Referral,Retargeting,Yes,2025-02-10
74876,2025-02-10 14:42:48,Search Ads,Discount Offer,No,2025-02-10
14398,2025-02-11 15:36:02,Referral,Discount Offer,Yes,2025-02-11
73721,2025-02-11 12:51:57,Search Ads,Winter Sale,No,2025-02-11
89340,2025-02-10 23:25:50,Direct Traffic,-,No,2025-02-10
94174,2025-02-10 21:36:11,Display Ads,Brand Awareness,Yes,2025-02-10
72741,2025-02-11 13:15:16,Display Ads,-,No,2025-02-11
17708,2025-02-10 14:13:41,Direct Traffic,-,No,2025-02-10
67722,2025-02-10 19:28:49,Display Ads,Brand Awareness,No,2025-02-10
90253,2025-02-11 12:06:26,Direct Traffic,-,Yes,2025-02-11
16311,2025-02-11 22:17:28,Social Media,-,Yes,2025-02-11
32391,2025-02-11 11:41:06,Search Ads,-,No,2025-02-11
73105,2025-02-11 11:11:30,Display Ads,-,Yes,2025-02-11
79941,2025-02-11 15:18:29,Email,Brand Awareness,No,2025-02-11
96015,2025-02-10 07:40:35,Search Ads,Brand Awareness,No,2025-02-10
54874,2025-02-10 20:07:19,Search Ads,Retargeting,No,2025-02-10
37162,2025-02-11 23:24:13,Direct Traffic,-,No,2025-02-11
58969,2025-02-10 20:31:07,Display Ads,Brand Awareness,No,2025-02-10
67211,2025-02-11 05:41:12,Search Ads,New Product Launch,No,2025-02-11
81847,2025-02-11 01:51:08,Social Media,Brand Awareness,Yes,2025-02-11
90088,2025-02-10 03:51:17,Social Media,New Product Launch,No,2025-02-10
95590,2025-02-11 15:21:59,Referral,Discount Offer,Yes,2025-02-11
21995,2025-02-11 05:24:48,Direct Traffic,-,No,2025-02-11
30155,2025-02-10 21:55:41,Social Media,-,No,2025-02-10
85049,2025-02-11 04:51:15,Social Media,Retargeting,Yes,2025-02-11
67211,2025-02-11 12:24:54,Social Media,Winter Sale,Yes,2025-02-11
83035,2025-02-11 02:33:02,Email,Winter Sale,No,2025-02-11
73105,2025-02-11 17:13:10,Display Ads,-,Yes,2025-02-11
63337,2025-02-11 22:03:57,Search Ads,New Product Launch,No,2025-02-11
26185,2025-02-11 16:40:38,Social Media,Winter Sale,No,2025-02-11
58797,2025-02-10 20:15:39,Social Media,-,No,2025-02-10
67935,2025-02-10 22:15:53,Display Ads,Winter Sale,Yes,2025-02-10
81888,2025-02-11 00:28:45,Email,Retargeting,Yes,2025-02-11
42030,2025-02-11 06:17:27,Search Ads,New Product Launch,No,2025-02-11
94486,2025-02-11 11:12:15,Social Media,Retargeting,No,2025-02-11
55829,2025-02-11 04:46:30,Social Media,Retargeting,Yes,2025-02-11
50840,2025-02-10 17:42:31,Display Ads,Discount Offer,Yes,2025-02-10
76871,2025-02-10 09:24:50,Direct Traffic,-,No,2025-02-10
25845,2025-02-10 00:34:48,Referral,Retargeting,Yes,2025-02-10
32160,2025-02-11 07:51:34,Referral,Discount Offer,No,2025-02-11
43175,2025-02-11 22:13:55,Email,Discount Offer,Yes,2025-02-11
83965,2025-02-10 12:36:10,Direct Traffic,-,No,2025-02-10
47781,2025-02-10 03:03:53,Direct Traffic,-,Yes,2025-02-10
45812,2025-02-11 06:37:42,Display Ads,Retargeting,Yes,2025-02-11
45622,2025-02-11 18:43:58,Social Media,New Product Launch,Yes,2025-02-11
55079,2025-02-11 21:05:09,Direct Traffic,-,Yes,2025-02-11
60226,2025-02-10 06:16:24,Search Ads,New Product Launch,No,2025-02-10
52130,2025-02-11 19:13:03,Direct Traffic,-,No,2025-02-11
96142,2025-02-10 21:25:45,Search Ads,Brand Awareness,Yes,2025-02-10
69602,2025-02-10 20:33:09,Referral,Retargeting,No,2025-02-10
61352,2025-02-10 12:07:40,Social Media,Retargeting,Yes,2025-02-10
93270,2025-02-10 00:19:27,Email,Discount Offer,Yes,2025-02-10
35887,2025-02-10 14:37:34,Social Media,Discount Offer,Yes,2025-02-10
74629,2025-02-10 05:43:18,Direct Traffic,-,Yes,2025-02-10
37380,2025-02-10 07:38:08,Display Ads,Brand Awareness,No,2025-02-10
10698,2025-02-10 02:15:56,Referral,New Product Launch,No,2025-02-10
67893,2025-02-11 23:59:58,Search Ads,New Product Launch,Yes,2025-02-11
78241,2025-02-11 02:04:10,Display Ads,New Product Launch,Yes,2025-02-11
88708,2025-02-10 01:52:09,Display Ads,New Product Launch,No,2025-02-10
18572,2025-02-11 12:59:06,Direct Traffic,-,No,2025-02-11
43361,2025-02-10 00:16:55,Search Ads,Winter Sale,No,2025-02-10
67809,2025-02-11 09:45:56,Referral,Retargeting,No,2025-02-11
18348,2025-02-10 09:50:09,Display Ads,Winter Sale,Yes,2025-02-10
64907,2025-02-10 14:12:25,Email,Discount Offer,Yes,2025-02-10
28998,2025-02-11 23:06:24,Email,Brand Awareness,No,2025-02-11
55631,2025-02-11 19:24:42,Search Ads,New Product Launch,No,2025-02-11
14398,2025-02-10 12:08:30,Direct Traffic,-,No,2025-02-10
73835,2025-02-10 02:57:28,Direct Traffic,-,No,2025-02-10
38175,2025-02-11 10:40:09,Social Media,Discount Offer,No,2025-02-11
38857,2025-02-10 20:17:57,Search Ads,Retargeting,Yes,2025-02-10
23279,2025-02-11 20:11:11,Email,Retargeting,Yes,2025-02-11
82446,2025-02-11 02:49:44,Social Media,Brand Awareness,No,2025-02-11
73029,2025-02-10 10:16:48,Email,-,No,2025-02-10
64228,2025-02-10 14:34:15,Email,Retargeting,Yes,2025-02-10
87642,2025-02-10 11:20:03,Search Ads,Discount Offer,No,2025-02-10
11780,2025-02-10 15:07:44,Display Ads,Brand Awareness,No,2025-02-10
30429,2025-02-11 02:34:06,Display Ads,-,No,2025-02-11
11209,2025-02-10 22:14:31,Email,Winter Sale,No,2025-02-10
51437,2025-02-10 22:29:41,Referral,Winter Sale,Yes,2025-02-10
90848,2025-02-10 01:12:15,Referral,Retargeting,No,2025-02-10
49394,2025-02-11 16:46:43,Email,Winter Sale,Yes,2025-02-11
57108,2025-02-10 00:57:00,Direct Traffic,-,Yes,2025-02-10
83035,2025-02-11 21:18:22,Email,Discount Offer,No,2025-02-11
50295,2025-02-10 01:04:56,Social Media,Discount Offer,No,2025-02-10
28194,2025-02-10 11:40:24,Social Media,Brand Awareness,Yes,2025-02-10
40130,2025-02-11 01:58:44,Referral,Winter Sale,Yes,2025-02-11
17879,2025-02-11 23:08:01,Referral,Retargeting,No,2025-02-11
80960,2025-02-11 22:36:11,Search Ads,Retargeting,No,2025-02-11
49913,2025-02-10 18:37:47,Email,Discount Offer,Yes,2025-02-10
15418,2025-02-11 02:57:36,Email,New Product Launch,No,2025-02-11
60973,2025-02-10 05:22:22,Referral,New Product Launch,No,2025-02-10
22755,2025-02-10 09:50:14,Social Media,-,No,2025-02-10
34938,2025-02-10 02:32:43,Direct Traffic,-,Yes,2025-02-10
30521,2025-02-10 00:01:45,Display Ads,Discount Offer,Yes,2025-02-10
78560,2025-02-10 09:46:43,Referral,Retargeting,No,2025-02-10
42806,2025-02-11 05:45:28,Social Media,Winter Sale,No,2025-02-11
54089,2025-02-10 21:42:44,Direct Traffic,-,Yes,2025-02-10
35337,2025-02-10 16:30:10,Direct Traffic,-,Yes,2025-02-10
28289,2025-02-10 22:34:54,Search Ads,New Product Launch,Yes,2025-02-10
25172,2025-02-11 08:13:42,Referral,Brand Awareness,No,2025-02-11
98219,2025-02-10 06:57:56,Search Ads,Retargeting,No,2025-02-10
49456,2025-02-11 11:01:05,Referral,-,No,2025-02-11
70378,2025-02-10 02:11:44,Email,Winter Sale,No,2025-02-10
96740,2025-02-10 08:23:54,Display Ads,Winter Sale,Yes,2025-02-10
97780,2025-02-11 19:48:44,Display Ads,-,Yes,2025-02-11
72645,2025-02-10 09:04:41,Social Media,-,No,2025-02-10
28589,2025-02-11 14:22:26,Search Ads,-,Yes,2025-02-11
44303,2025-02-11 09:45:49,Social Media,Discount Offer,Yes,2025-02-11
42970,2025-02-11 10:51:02,Referral,Brand Awareness,No,2025-02-11
52689,2025-02-10 01:20:30,Referral,New Product Launch,No,2025-02-10
83355,2025-02-10 15:11:30,Direct Traffic,-,Yes,2025-02-10
56050,2025-02-10 11:50:21,Display Ads,Brand Awareness,Yes,2025-02-10
71027,2025-02-11 06:13:15,Display Ads,New Product Launch,No,2025-02-11
62697,2025-02-10 08:05:53,Email,New Product Launch,No,2025-02-10
86014,2025-02-11 18:37:28,Referral,New Product Launch,Yes,2025-02-11
57669,2025-02-10 05:31:09,Email,Brand Awareness,Yes,2025-02-10
28047,2025-02-11 07:21:30,Email,Discount Offer,No,2025-02-11
35598,2025-02-11 17:32:44,Display Ads,Winter Sale,Yes,2025-02-11
68838,2025-02-10 20:10:18,Email,-,No,2025-02-10
46506,2025-02-10 02:12:43,Display Ads,New Product Launch,Yes,2025-02-10
56855,2025-02-11 20:48:52,Email,Winter Sale,No,2025-02-11
28385,2025-02-11 13:26:47,Display Ads,Retargeting,Yes,2025-02-11
69316,2025-02-10 22:13:39,Referral,Brand Awareness,No,2025-02-10
85470,2025-02-11 22:42:42,Direct Traffic,-,No,2025-02-11
32424,2025-02-10 01:27:30,Search Ads,Brand Awareness,No,2025-02-10
95665,2025-02-11 17:01:15,Social Media,Brand Awareness,Yes,2025-02-11
10255,2025-02-10 01:10:54,Social Media,New Product Launch,No,2025-02-10
49673,2025-02-11 00:35:20,Search Ads,Winter Sale,Yes,2025-02-11
67175,2025-02-10 13:06:11,Referral,Brand Awareness,No,2025-02-10
26693,2025-02-10 18:50:11,Social Media,New Product Launch,Yes,2025-02-10
69421,2025-02-11 13:01:33,Email,Brand Awareness,Yes,2025-02-11
24765,2025-02-10 23:17:02,Display Ads,New Product Launch,Yes,2025-02-10
28144,2025-02-10 17:52:56,Display Ads,Retargeting,No,2025-02-10
57669,2025-02-10 14:09:26,Direct Traffic,-,No,2025-02-10
62225,2025-02-10 17:08:00,Direct Traffic,-,No,2025-02-10
38683,2025-02-11 04:02:24,Search Ads,Brand Awareness,No,2025-02-11
32344,2025-02-10 19:33:25,Referral,Winter Sale,Yes,2025-02-10
62422,2025-02-11 20:50:32,Direct Traffic,-,Yes,2025-02-11
31278,2025-02-11 21:42:39,Search Ads,-,No,2025-02-11
79091,2025-02-11 12:42:05,Email,-,Yes,2025-02-11
25105,2025-02-11 02:44:01,Email,New Product Launch,No,2025-02-11
46221,2025-02-11 12:50:52,Search Ads,Winter Sale,Yes,2025-02-11
68891,2025-02-10 11:13:58,Referral,Brand Awareness,Yes,2025-02-10
54874,2025-02-10 00:18:47,Email,Retargeting,No,2025-02-10
38822,2025-02-11 23:09:04,Direct Traffic,-,No,2025-02-11
67860,2025-02-11 21:55:04,Referral,Winter Sale,No,2025-02-11
29015,2025-02-10 23:11:28,Email,Winter Sale,No,2025-02-10
33189,2025-02-10 21:59:19,Referral,Discount Offer,No,2025-02-10
27470,2025-02-10 03:00:55,Referral,Brand Awareness,Yes,2025-02-10
74300,2025-02-11 22:48:08,Display Ads,New Product Launch,No,2025-02-11
71932,2025-02-10 06:03:41,Social Media,-,Yes,2025-02-10
37659,2025-02-10 08:16:11,Email,Winter Sale,Yes,2025-02-10
97706,2025-02-10 02:18:13,Search Ads,Discount Offer,No,2025-02-10
80739,2025-02-10 11:08:08,Referral,-,Yes,2025-02-10
72532,2025-02-10 03:21:09,Display Ads,-,Yes,2025-02-10
41901,2025-02-11 12:05:24,Display Ads,New Product Launch,No,2025-02-11
76065,2025-02-10 05:50:41,Referral,Brand Awareness,Yes,2025-02-10
62298,2025-02-11 04:42:25,Email,-,Yes,2025-02-11
97844,2025-02-10 21:30:25,Display Ads,Discount Offer,Yes,2025-02-10
34218,2025-02-10 14:43:41,Display Ads,New Product Launch,No,2025-02-10
89800,2025-02-10 05:04:29,Email,Brand Awareness,No,2025-02-10
34943,2025-02-11 10:17:21,Direct Traffic,-,Yes,2025-02-11
15640,2025-02-11 02:22:41,Referral,Winter Sale,Yes,2025-02-11
43603,2025-02-11 20:20:22,Email,New Product Launch,No,2025-02-11
41941,2025-02-11 00:42:19,Direct Traffic,-,Yes,2025-02-11
28297,2025-02-10 08:17:27,Referral,Brand Awareness,No,2025-02-10
64781,2025-02-11 10:51:11,Referral,Brand Awareness,No,2025-02-11
79163,2025-02-11 16:34:47,Social Media,Brand Awareness,Yes,2025-02-11
76743,2025-02-10 02:09:43,Direct Traffic,-,No,2025-02-10
40517,2025-02-11 19:12:45,Direct Traffic,-,No,2025-02-11
98418,2025-02-11 10:14:49,Search Ads,Brand Awareness,No,2025-02-11
76066,2025-02-11 14:53:27,Social Media,New Product Launch,Yes,2025-02-11
65966,2025-02-10 20:56:41,Social Media,Winter Sale,Yes,2025-02-10
16083,2025-02-10 10:06:59,Display Ads,-,No,2025-02-10
25845,2025-02-11 02:58:54,Email,-,Yes,2025-02-11
64032,2025-02-11 00:24:57,Email,-,Yes,2025-02-11
52260,2025-02-10 12:50:11,Search Ads,Brand Awareness,No,2025-02-10
84395,2025-02-10 22:21:15,Social Media,Brand Awareness,No,2025-02-10
35789,2025-02-10 10:44:31,Direct Traffic,-,Yes,2025-02-10
72415,2025-02-11 12:53:20,Direct Traffic,-,No,2025-02-11
72077,2025-02-10 17:43:00,Email,-,No,2025-02-10
86824,2025-02-11 09:21:05,Social Media,New Product Launch,No,2025-02-11
54070,2025-02-11 11:01:48,Search Ads,Retargeting,Yes,2025-02-11
91093,2025-02-11 15:57:33,Social Media,Retargeting,Yes,2025-02-11
50176,2025-02-10 18:08:48,Display Ads,New Product Launch,Yes,2025-02-10
37916,2025-02-11 00:29:35,Search Ads,Discount Offer,Yes,2025-02-11
70222,2025-02-11 18:48:31,Search Ads,Brand Awareness,No,2025-02-11
55513,2025-02-10 18:48:51,Direct Traffic,-,Yes,2025-02-10
41115,2025-02-11 10:54:58,Referral,Discount Offer,No,2025-02-11
37591,2025-02-10 11:25:26,Social Media,-,No,2025-02-10
64747,2025-02-11 19:28:35,Search Ads,Discount Offer,Yes,2025-02-11
11741,2025-02-10 23:08:27,Display Ads,Discount Offer,Yes,2025-02-10
64742,2025-02-10 05:31:52,Referral,Brand Awareness,No,2025-02-10
27814,2025-02-11 19:32:41,Referral,Winter Sale,No,2025-02-11
86886,2025-02-10 03:11:30,Display Ads,-,No,2025-02-10
62107,2025-02-11 09:05:59,Direct Traffic,-,No,2025-02-11
33292,2025-02-10 21:20:04,Search Ads,Brand Awareness,Yes,2025-02-10
22943,2025-02-10 20:48:55,Referral,Winter Sale,No,2025-02-10
69192,2025-02-11 07:01:52,Social Media,Retargeting,Yes,2025-02-11
96142,2025-02-10 20:29:56,Search Ads,Winter Sale,No,2025-02-10
11661,2025-02-11 22:42:16,Display Ads,Brand Awareness,Yes,2025-02-11
85049,2025-02-10 15:54:07,Referral,Retargeting,No,2025-02-10
15259,2025-02-10 16:01:18,Direct Traffic,-,No,2025-02-10
33255,2025-02-10 22:58:23,Email,Brand Awareness,Yes,2025-02-10
67455,2025-02-10 15:58:31,Search Ads,New Product Launch,No,2025-02-10
79019,2025-02-11 22:39:00,Display Ads,Retargeting,No,2025-02-11
16255,2025-02-10 23:02:35,Social Media,Retargeting,No,2025-02-10
31185,2025-02-11 01:16:47,Search Ads,Winter Sale,No,2025-02-11
24014,2025-02-11 23:46:49,Email,Retargeting,Yes,2025-02-11
16814,2025-02-10 19:15:22,Display Ads,Brand Awareness,No,2025-02-10
35664,2025-02-10 05:30:12,Social Media,Winter Sale,Yes,2025-02-10
95461,2025-02-10 12:54:25,Search Ads,Discount Offer,Yes,2025-02-10
49375,2025-02-10 13:47:35,Social Media,Brand Awareness,Yes,2025-02-10
35887,2025-02-10 15:59:57,Search Ads,New Product Launch,No,2025-02-10
80259,2025-02-10 16:50:29,Direct Traffic,-,No,2025-02-10
26511,2025-02-10 20:05:37,Direct Traffic,-,Yes,2025-02-10
97446,2025-02-10 20:35:54,Display Ads,Winter Sale,No,2025-02-10
22863,2025-02-11 00:23:20,Social Media,Brand Awareness,Yes,2025-02-11
17784,2025-02-10 09:53:30,Email,Discount Offer,Yes,2025-02-10
12275,2025-02-11 01:57:29,Email,Discount Offer,No,2025-02-11
99782,2025-02-10 18:55:01,Search Ads,New Product Launch,Yes,2025-02-10
65082,2025-02-10 17:15:14,Referral,Brand Awareness,Yes,2025-02-10
62061,2025-02-11 18:51:56,Email,New Product Launch,No,2025-02-11
85426,2025-02-11 12:37:28,Display Ads,-,No,2025-02-11
86085,2025-02-10 07:19:39,Search Ads,Discount Offer,No,2025-02-10
60022,2025-02-11 08:24:05,Direct Traffic,-,Yes,2025-02-11
52397,2025-02-10 05:23:39,Search Ads,Winter Sale,No,2025-02-10
12755,2025-02-11 16:54:18,Email,Discount Offer,No,2025-02-11
78560,2025-02-10 07:58:09,Search Ads,Retargeting,No,2025-02-10
38252,2025-02-11 12:29:26,Referral,Discount Offer,No,2025-02-11
29719,2025-02-10 15:45:10,Social Media,Brand Awareness,No,2025-02-10
23415,2025-02-10 02:47:31,Email,-,No,2025-02-10
90548,2025-02-11 00:23:48,Direct Traffic,-,No,2025-02-11
98152,2025-02-11 20:36:19,Social Media,Retargeting,Yes,2025-02-11
73373,2025-02-11 00:17:59,Display Ads,Discount Offer,No,2025-02-11
48639,2025-02-11 23:22:49,Email,New Product Launch,Yes,2025-02-11
62843,2025-02-11 23:37:01,Display Ads,Brand Awareness,No,2025-02-11
51664,2025-02-11 19:00:01,Social Media,-,Yes,2025-02-11
58703,2025-02-11 00:58:01,Direct Traffic,-,No,2025-02-11
24215,2025-02-11 22:05:57,Search Ads,Brand Awareness,No,2025-02-11
45575,2025-02-11 15:08:18,Display Ads,-,No,2025-02-11
34498,2025-02-11 14:25:28,Display Ads,Discount Offer,Yes,2025-02-11
77091,2025-02-11 14:22:22,Display Ads,Brand Awareness,Yes,2025-02-11
15233,2025-02-10 11:19:05,Search Ads,-,Yes,2025-02-10
22741,2025-02-10 13:15:41,Email,Discount Offer,No,2025-02-10
77184,2025-02-11 07:44:07,Display Ads,Discount Offer,No,2025-02-11
51068,2025-02-10 19:43:05,Social Media,New Product Launch,No,2025-02-10
44397,2025-02-10 11:03:25,Social Media,Retargeting,No,2025-02-10
21910,2025-02-11 21:08:42,Referral,-,Yes,2025-02-11
57372,2025-02-11 13:58:45,Social Media,-,No,2025-02-11
19385,2025-02-10 09:34:30,Referral,New Product Launch,Yes,2025-02-10
90632,2025-02-10 18:41:16,Search Ads,New Product Launch,No,2025-02-10
79192,2025-02-10 23:30:42,Referral,New Product Launch,No,2025-02-10
37386,2025-02-11 19:56:31,Direct Traffic,-,Yes,2025-02-11
85049,2025-02-11 21:08:34,Search Ads,Brand Awareness,No,2025-02-11
75328,2025-02-11 17:33:26,Social Media,Retargeting,No,2025-02-11
39158,2025-02-10 16:51:40,Social Media,Retargeting,Yes,2025-02-10
55745,2025-02-10 10:16:21,Referral,Brand Awareness,No,2025-02-10
84203,2025-02-10 17:54:22,Social Media,-,Yes,2025-02-10
40965,2025-02-11 17:37:44,Email,Retargeting,Yes,2025-02-11
95461,2025-02-10 20:32:39,Referral,Winter Sale,No,2025-02-10
85486,2025-02-10 13:01:00,Social Media,Brand Awareness,Yes,2025-02-10
22773,2025-02-10 13:43:51,Social Media,Discount Offer,Yes,2025-02-10
91904,2025-02-10 06:04:14,Email,-,Yes,2025-02-10
25246,2025-02-11 13:24:14,Referral,-,No,2025-02-11
54106,2025-02-10 10:39:04,Social Media,Brand Awareness,No,2025-02-10
11741,2025-02-11 12:51:55,Referral,Discount Offer,No,2025-02-11
10442,2025-02-10 19:54:14,Search Ads,Winter Sale,Yes,2025-02-10
15891,2025-02-11 23:45:00,Direct Traffic,-,No,2025-02-11
26541,2025-02-11 15:53:39,Email,Discount Offer,Yes,2025-02-11
46911,2025-02-10 21:47:23,Search Ads,Brand Awareness,Yes,2025-02-10
96598,2025-02-10 02:05:19,Search Ads,-,No,2025-02-10
72959,2025-02-10 20:08:09,Direct Traffic,-,No,2025-02-10
54070,2025-02-11 22:28:14,Direct Traffic,-,No,2025-02-11
65082,2025-02-11 05:01:15,Direct Traffic,-,No,2025-02-11
52320,2025-02-11 22:04:56,Search Ads,Discount Offer,No,2025-02-11
75095,2025-02-11 17:13:08,Social Media,Retargeting,No,2025-02-11
11831,2025-02-10 13:11:24,Social Media,Discount Offer,Yes,2025-02-10
37382,2025-02-10 10:14:45,Display Ads,Retargeting,Yes,2025-02-10
45750,2025-02-10 10:13:23,Display Ads,Brand Awareness,Yes,2025-02-10
18298,2025-02-10 23:36:37,Search Ads,Brand Awareness,Yes,2025-02-10
47795,2025-02-11 14:49:50,Social Media,Winter Sale,No,2025-02-11
72028,2025-02-10 06:52:36,Social Media,Brand Awareness,Yes,2025-02-10
85844,2025-02-11 02:33:32,Display Ads,Winter Sale,Yes,2025-02-11
34498,2025-02-10 11:52:29,Referral,Brand Awareness,Yes,2025-02-10
23781,2025-02-10 23:34:42,Social Media,Winter Sale,Yes,2025-02-10
53293,2025-02-11 14:39:34,Direct Traffic,-,No,2025-02-11
35006,2025-02-11 19:52:27,Direct Traffic,-,No,2025-02-11
64767,2025-02-10 23:08:12,Social Media,Winter Sale,Yes,2025-02-10
40517,2025-02-11 05:27:52,Display Ads,Brand Awareness,Yes,2025-02-11
50839,2025-02-10 04:34:13,Referral,Discount Offer,No,2025-02-10
37121,2025-02-10 23:04:44,Social Media,Discount Offer,No,2025-02-10
72095,2025-02-11 03:45:27,Social Media,Winter Sale,No,2025-02-11
27371,2025-02-10 15:45:58,Email,Retargeting,Yes,2025-02-10
99093,2025-02-11 10:46:48,Direct Traffic,-,No,2025-02-11
38468,2025-02-10 16:36:08,Direct Traffic,-,No,2025-02-10
77184,2025-02-11 03:02:45,Referral,Retargeting,No,2025-02-11
35409,2025-02-11 04:15:45,Email,Winter Sale,No,2025-02-11
57564,2025-02-10 08:20:50,Direct Traffic,-,Yes,2025-02-10
50653,2025-02-10 01:05:44,Direct Traffic,-,Yes,2025-02-10
58748,2025-02-10 21:08:08,Referral,-,No,2025-02-10
80527,2025-02-11 04:01:53,Social Media,-,No,2025-02-11
65871,2025-02-11 02:24:12,Referral,Winter Sale,No,2025-02-11
24876,2025-02-10 14:39:20,Search Ads,Brand Awareness,Yes,2025-02-10
76689,2025-02-11 06:10:09,Display Ads,-,Yes,2025-02-11
30460,2025-02-10 19:30:13,Search Ads,-,No,2025-02-10
33843,2025-02-11 21:25:53,Referral,New Product Launch,Yes,2025-02-11
84413,2025-02-10 13:21:35,Direct Traffic,-,Yes,2025-02-10
46977,2025-02-11 04:20:03,Referral,Brand Awareness,Yes,2025-02-11
79181,2025-02-10 08:13:16,Email,-,Yes,2025-02-10
24594,2025-02-10 06:44:57,Email,Retargeting,No,2025-02-10
75841,2025-02-11 12:29:10,Display Ads,-,Yes,2025-02-11
78381,2025-02-10 05:51:59,Direct Traffic,-,No,2025-02-10
14476,2025-02-11 00:36:43,Direct Traffic,-,No,2025-02-11
92673,2025-02-11 16:09:47,Social Media,Retargeting,Yes,2025-02-11
61368,2025-02-11 06:17:09,Social Media,Discount Offer,No,2025-02-11
70850,2025-02-11 18:55:18,Display Ads,-,No,2025-02-11
27925,2025-02-10 01:27:13,Social Media,-,No,2025-02-10
47829,2025-02-10 16:10:41,Social Media,Brand Awareness,Yes,2025-02-10
27106,2025-02-11 06:26:34,Direct Traffic,-,No,2025-02-11
33292,2025-02-10 13:34:28,Email,Winter Sale,No,2025-02-10
45981,2025-02-11 01:58:32,Direct Traffic,-,No,2025-02-11
81190,2025-02-10 03:07:51,Display Ads,-,No,2025-02-10
78646,2025-02-11 16:09:58,Display Ads,Brand Awareness,No,2025-02-11
52236,2025-02-11 06:11:15,Display Ads,New Product Launch,No,2025-02-11
78441,2025-02-10 20:02:39,Email,Brand Awareness,Yes,2025-02-10
79883,2025-02-11 20:39:36,Referral,New Product Launch,Yes,2025-02-11
91448,2025-02-11 22:32:25,Direct Traffic,-,No,2025-02-11
61985,2025-02-10 00:39:35,Social Media,-,Yes,2025-02-10
18995,2025-02-10 14:34:59,Direct Traffic,-,No,2025-02-10
97844,2025-02-11 15:52:54,Social Media,Brand Awareness,No,2025-02-11
94548,2025-02-10 08:16:25,Search Ads,Winter Sale,No,2025-02-10
44400,2025-02-11 15:17:26,Social Media,New Product Launch,Yes,2025-02-11
52553,2025-02-11 06:02:39,Referral,Discount Offer,No,2025-02-11
79100,2025-02-10 16:34:24,Search Ads,New Product Launch,No,2025-02-10
26511,2025-02-10 13:40:10,Email,Brand Awareness,Yes,2025-02-10
34649,2025-02-10 17:05:52,Email,Brand Awareness,Yes,2025-02-10
87191,2025-02-11 03:37:15,Email,New Product Launch,Yes,2025-02-11
93431,2025-02-11 02:14:26,Social Media,-,No,2025-02-11
11894,2025-02-10 03:13:42,Display Ads,Discount Offer,Yes,2025-02-10
93328,2025-02-10 03:24:49,Search Ads,New Product Launch,No,2025-02-10
83615,2025-02-11 07:56:31,Direct Traffic,-,Yes,2025-02-11
76645,2025-02-11 11:34:37,Search Ads,Winter Sale,Yes,2025-02-11
82497,2025-02-10 18:23:09,Direct Traffic,-,No,2025-02-10
54877,2025-02-11 08:13:33,Referral,Brand Awareness,No,2025-02-11
73527,2025-02-11 12:10:24,Display Ads,Winter Sale,No,2025-02-11
21504,2025-02-11 22:51:57,Display Ads,Discount Offer,No,2025-02-11
81847,2025-02-10 02:48:49,Search Ads,Brand Awareness,No,2025-02-10
50636,2025-02-11 20:19:46,Search Ads,Discount Offer,No,2025-02-11
93007,2025-02-11 23:36:05,Referral,Winter Sale,No,2025-02-11
81446,2025-02-11 23:22:37,Display Ads,Discount Offer,No,2025-02-11
78932,2025-02-10 12:21:19,Direct Traffic,-,Yes,2025-02-10
76821,2025-02-10 16:13:12,Display Ads,Discount Offer,Yes,2025-02-10
63990,2025-02-11 09:04:40,Referral,New Product Launch,Yes,2025-02-11
82701,2025-02-11 07:29:16,Social Media,Winter Sale,No,2025-02-11
46667,2025-02-10 07:17:58,Email,Brand Awareness,Yes,2025-02-10
94486,2025-02-11 09:43:39,Social Media,Discount Offer,No,2025-02-11
71911,2025-02-11 01:33:05,Referral,Retargeting,Yes,2025-02-11
62107,2025-02-10 14:46:10,Display Ads,New Product Launch,No,2025-02-10
43603,2025-02-11 19:36:18,Email,New Product Launch,No,2025-02-11
29773,2025-02-10 21:11:49,Search Ads,Discount Offer,No,2025-02-10
47152,2025-02-11 20:01:10,Email,Brand Awareness,No,2025-02-11
21504,2025-02-11 08:49:53,Referral,Brand Awareness,No,2025-02-11
38485,2025-02-10 11:04:38,Social Media,New Product Launch,Yes,2025-02-10
64157,2025-02-11 03:27:09,Referral,Discount Offer,No,2025-02-11
69192,2025-02-11 14:28:11,Search Ads,Discount Offer,No,2025-02-11
26783,2025-02-11 07:27:22,Social Media,New Product Launch,No,2025-02-11
75656,2025-02-10 07:24:36,Display Ads,Winter Sale,Yes,2025-02-10
74513,2025-02-11 18:44:54,Email,-,No,2025-02-11
81851,2025-02-10 17:10:34,Social Media,Discount Offer,Yes,2025-02-10
17272,2025-02-11 19:12:09,Search Ads,Winter Sale,No,2025-02-11
85470,2025-02-11 00:20:30,Email,New Product Launch,No,2025-02-11
58238,2025-02-10 11:13:03,Direct Traffic,-,Yes,2025-02-10
80551,2025-02-11 09:03:42,Social Media,Winter Sale,Yes,2025-02-11
65497,2025-02-11 18:07:18,Direct Traffic,-,No,2025-02-11
96934,2025-02-10 12:38:17,Email,Winter Sale,Yes,2025-02-10
85725,2025-02-10 13:01:07,Direct Traffic,-,No,2025-02-10
28144,2025-02-10 09:30:15,Social Media,New Product Launch,No,2025-02-10
34310,2025-02-10 07:50:11,Social Media,Winter Sale,No,2025-02-10
65207,2025-02-10 06:22:24,Social Media,New Product Launch,No,2025-02-10
44397,2025-02-11 15:16:26,Email,Discount Offer,No,2025-02-11
28297,2025-02-10 07:49:41,Display Ads,Discount Offer,No,2025-02-10
20306,2025-02-11 07:47:46,Social Media,Retargeting,No,2025-02-11
98237,2025-02-11 19:42:08,Display Ads,Winter Sale,Yes,2025-02-11
63416,2025-02-11 23:59:16,Social Media,New Product Launch,No,2025-02-11
78831,2025-02-10 14:49:33,Search Ads,Discount Offer,No,2025-02-10
35337,2025-02-10 15:38:08,Email,New Product Launch,Yes,2025-02-10
83481,2025-02-11 17:05:16,Display Ads,Retargeting,Yes,2025-02-11
37559,2025-02-10 02:30:45,Direct Traffic,-,Yes,2025-02-10
72636,2025-02-10 00:32:08,Search Ads,New Product Launch,No,2025-02-10
11295,2025-02-10 05:48:22,Social Media,Brand Awareness,Yes,2025-02-10
98670,2025-02-11 03:35:08,Search Ads,Discount Offer,Yes,2025-02-11
77483,2025-02-10 03:02:26,Display Ads,Winter Sale,Yes,2025-02-10
62843,2025-02-11 15:12:14,Email,Brand Awareness,No,2025-02-11
64153,2025-02-10 02:39:12,Referral,Brand Awareness,No,2025-02-10
36625,2025-02-10 16:14:57,Email,Brand Awareness,Yes,2025-02-10
35980,2025-02-10 11:04:00,Direct Traffic,-,Yes,2025-02-10
81847,2025-02-10 19:26:45,Search Ads,-,Yes,2025-02-10
92988,2025-02-11 23:03:32,Referral,Retargeting,Yes,2025-02-11
28265,2025-02-10 06:40:42,Display Ads,Brand Awareness,No,2025-02-10
94932,2025-02-11 07:35:13,Direct Traffic,-,No,2025-02-11
64541,2025-02-11 11:21:24,Display Ads,Discount Offer,No,2025-02-11
15277,2025-02-11 16:45:00,Email,New Product Launch,No,2025-02-11
35212,2025-02-11 12:31:21,Display Ads,Retargeting,Yes,2025-02-11
31070,2025-02-11 21:33:36,Social Media,-,No,2025-02-11
58703,2025-02-10 08:34:50,Social Media,Discount Offer,No,2025-02-10
71306,2025-02-11 06:00:39,Social Media,Retargeting,Yes,2025-02-11
64867,2025-02-11 02:22:49,Email,New Product Launch,No,2025-02-11
21690,2025-02-10 14:08:15,Display Ads,Discount Offer,Yes,2025-02-10
43094,2025-02-11 23:08:26,Email,Brand Awareness,Yes,2025-02-11
86081,2025-02-11 14:10:22,Display Ads,New Product Launch,Yes,2025-02-11
89239,2025-02-11 03:17:20,Email,New Product Launch,No,2025-02-11
83312,2025-02-10 19:33:49,Email,Retargeting,Yes,2025-02-10
85725,2025-02-10 00:30:00,Direct Traffic,-,Yes,2025-02-10
69301,2025-02-10 15:40:52,Display Ads,Discount Offer,Yes,2025-02-10
36375,2025-02-11 04:04:14,Display Ads,Brand Awareness,Yes,2025-02-11
95960,2025-02-11 16:25:09,Social Media,Brand Awareness,Yes,2025-02-11
64747,2025-02-10 06:06:37,Social Media,-,No,2025-02-10
45315,2025-02-11 12:59:03,Display Ads,New Product Launch,Yes,2025-02-11
80046,2025-02-11 18:12:22,Search Ads,-,Yes,2025-02-11
80999,2025-02-10 13:36:59,Social Media,-,No,2025-02-10
87642,2025-02-11 05:57:04,Email,New Product Launch,No,2025-02-11
60881,2025-02-11 14:54:09,Direct Traffic,-,No,2025-02-11
25147,2025-02-11 17:45:32,Display Ads,Retargeting,No,2025-02-11
86112,2025-02-11 21:47:06,Search Ads,Brand Awareness,No,2025-02-11
28729,2025-02-11 02:31:33,Direct Traffic,-,Yes,2025-02-11
90897,2025-02-11 12:06:40,Display Ads,-,Yes,2025-02-11
39379,2025-02-11 00:50:23,Display Ads,Retargeting,No,2025-02-11
80602,2025-02-10 00:02:02,Display Ads,-,No,2025-02-10
88293,2025-02-10 05:45:23,Social Media,Retargeting,No,2025-02-10
68632,2025-02-11 14:05:19,Social Media,Winter Sale,Yes,2025-02-11
77231,2025-02-11 20:47:41,Search Ads,Winter Sale,No,2025-02-11
90516,2025-02-10 09:01:56,Referral,New Product Launch,No,2025-02-10
80133,2025-02-11 15:40:44,Email,Retargeting,No,2025-02-11
40597,2025-02-11 11:20:49,Display Ads,-,No,2025-02-11
46592,2025-02-10 04:57:51,Referral,Discount Offer,No,2025-02-10
24810,2025-02-10 12:24:18,Referral,-,No,2025-02-10
78804,2025-02-11 19:41:52,Referral,-,Yes,2025-02-11
56363,2025-02-11 12:21:19,Referral,-,Yes,2025-02-11
80804,2025-02-10 05:18:41,Social Media,Retargeting,No,2025-02-10
97726,2025-02-11 07:09:28,Display Ads,-,No,2025-02-11
85426,2025-02-11 04:37:39,Social Media,New Product Launch,No,2025-02-11
29461,2025-02-10 00:59:07,Social Media,Winter Sale,Yes,2025-02-10
50783,2025-02-10 15:35:00,Direct Traffic,-,No,2025-02-10
41935,2025-02-10 22:56:50,Email,Retargeting,No,2025-02-10
76909,2025-02-10 01:44:20,Social Media,Brand Awareness,No,2025-02-10
83281,2025-02-11 15:01:04,Referral,New Product Launch,Yes,2025-02-11
28912,2025-02-10 12:17:21,Social Media,Discount Offer,No,2025-02-10
47675,2025-02-11 15:41:33,Social Media,-,Yes,2025-02-11
85902,2025-02-10 12:22:04,Display Ads,Winter Sale,Yes,2025-02-10
91357,2025-02-10 14:35:51,Direct Traffic,-,No,2025-02-10
33601,2025-02-10 05:36:32,Direct Traffic,-,No,2025-02-10
26601,2025-02-10 09:05:42,Social Media,Brand Awareness,No,2025-02-10
32877,2025-02-11 10:21:58,Search Ads,Winter Sale,No,2025-02-11
47675,2025-02-10 03:16:17,Direct Traffic,-,Yes,2025-02-10
51068,2025-02-11 18:37:21,Search Ads,Discount Offer,No,2025-02-11
10167,2025-02-11 22:03:25,Display Ads,Brand Awareness,Yes,2025-02-11
95840,2025-02-11 14:27:18,Display Ads,New Product Launch,No,2025-02-11
55983,2025-02-10 19:05:10,Direct Traffic,-,No,2025-02-10
45832,2025-02-10 15:25:56,Referral,Brand Awareness,No,2025-02-10
72118,2025-02-10 22:28:39,Search Ads,New Product Launch,No,2025-02-10
29440,2025-02-10 14:08:29,Social Media,Winter Sale,Yes,2025-02-10
50905,2025-02-11 06:56:53,Direct Traffic,-,Yes,2025-02-11
60095,2025-02-10 03:26:58,Direct Traffic,-,No,2025-02-10
62128,2025-02-11 21:26:35,Direct Traffic,-,No,2025-02-11
69838,2025-02-10 07:21:41,Referral,Brand Awareness,Yes,2025-02-10
32839,2025-02-10 08:12:21,Email,-,No,2025-02-10
90039,2025-02-11 18:56:40,Referral,Retargeting,Yes,2025-02-11
27925,2025-02-10 19:34:19,Direct Traffic,-,Yes,2025-02-10
30578,2025-02-10 09:48:39,Referral,Discount Offer,No,2025-02-10
99321,2025-02-10 13:55:21,Direct Traffic,-,Yes,2025-02-10
18383,2025-02-11 18:41:39,Search Ads,Brand Awareness,No,2025-02-11
51664,2025-02-10 07:22:25,Display Ads,Discount Offer,No,2025-02-10
44309,2025-02-11 11:09:37,Email,Brand Awareness,No,2025-02-11
85844,2025-02-11 09:14:01,Display Ads,Winter Sale,No,2025-02-11
64325,2025-02-10 14:36:32,Social Media,New Product Launch,No,2025-02-10
39400,2025-02-10 20:21:05,Referral,Retargeting,No,2025-02-10
38491,2025-02-10 23:20:48,Referral,Discount Offer,Yes,2025-02-10
32391,2025-02-11 21:35:42,Display Ads,New Product Launch,No,2025-02-11
71235,2025-02-11 04:31:50,Referral,Brand Awareness,No,2025-02-11
90359,2025-02-11 18:01:08,Display Ads,Discount Offer,Yes,2025-02-11
72815,2025-02-11 19:40:30,Referral,-,Yes,2025-02-11
47785,2025-02-11 09:13:14,Email,Discount Offer,Yes,2025-02-11
92904,2025-02-11 20:43:06,Direct Traffic,-,Yes,2025-02-11
46428,2025-02-11 08:49:13,Social Media,Winter Sale,No,2025-02-11
65084,2025-02-10 04:45:03,Social Media,New Product Launch,Yes,2025-02-10
17614,2025-02-11 00:09:06,Direct Traffic,-,Yes,2025-02-11
86715,2025-02-10 00:19:31,Search Ads,Discount Offer,No,2025-02-10
47829,2025-02-11 10:12:38,Display Ads,Discount Offer,Yes,2025-02-11
56219,2025-02-10 12:10:49,Social Media,Brand Awareness,Yes,2025-02-10
89793,2025-02-10 20:20:26,Referral,New Product Launch,Yes,2025-02-10
59072,2025-02-11 09:59:56,Email,-,No,2025-02-11
46977,2025-02-11 19:07:53,Referral,Brand Awareness,Yes,2025-02-11
68681,2025-02-11 05:03:51,Social Media,-,Yes,2025-02-11
79894,2025-02-10 09:49:16,Social Media,Winter Sale,No,2025-02-10
57079,2025-02-10 04:51:41,Search Ads,Winter Sale,Yes,2025-02-10
72415,2025-02-11 08:53:49,Display Ads,Brand Awareness,No,2025-02-11
75293,2025-02-11 11:02:17,Display Ads,Brand Awareness,No,2025-02-11
99490,2025-02-10 05:32:27,Referral,New Product Launch,No,2025-02-10
35296,2025-02-10 19:44:20,Email,-,No,2025-02-10
83626,2025-02-10 02:19:05,Direct Traffic,-,No,2025-02-10
68891,2025-02-11 08:57:13,Display Ads,Retargeting,No,2025-02-11
33345,2025-02-10 19:31:04,Search Ads,Discount Offer,No,2025-02-10
67914,2025-02-10 14:24:21,Direct Traffic,-,Yes,2025-02-10
92402,2025-02-10 02:29:28,Referral,New Product Launch,Yes,2025-02-10
43692,2025-02-11 04:40:56,Email,New Product Launch,No,2025-02-11
58689,2025-02-10 12:59:46,Referral,New Product Launch,No,2025-02-10
24221,2025-02-10 18:23:18,Social Media,Winter Sale,Yes,2025-02-10
88808,2025-02-10 01:21:32,Email,-,No,2025-02-10
94548,2025-02-10 00:58:28,Social Media,-,No,2025-02-10
24771,2025-02-10 18:56:06,Email,Discount Offer,Yes,2025-02-10
61867,2025-02-11 07:52:05,Referral,Winter Sale,No,2025-02-11
74192,2025-02-11 08:14:09,Social Media,Discount Offer,No,2025-02-11
36148,2025-02-10 03:30:07,Search Ads,-,Yes,2025-02-10
60856,2025-02-10 07:24:22,Email,-,Yes,2025-02-10
32839,2025-02-10 22:27:25,Search Ads,-,No,2025-02-10
97087,2025-02-10 16:16:04,Direct Traffic,-,No,2025-02-10
41049,2025-02-10 08:36:48,Social Media,Brand Awareness,Yes,2025-02-10
30588,2025-02-10 05:36:45,Display Ads,Discount Offer,Yes,2025-02-10
15390,2025-02-10 22:50:47,Direct Traffic,-,No,2025-02-10
59109,2025-02-11 22:28:45,Direct Traffic,-,Yes,2025-02-11
59927,2025-02-10 06:29:11,Search Ads,New Product Launch,Yes,2025-02-10
21484,2025-02-10 16:40:19,Display Ads,Brand Awareness,No,2025-02-10
24771,2025-02-11 10:16:42,Search Ads,New Product Launch,No,2025-02-11
69248,2025-02-10 03:02:03,Referral,New Product Launch,Yes,2025-02-10
24741,2025-02-10 04:24:36,Social Media,Discount Offer,Yes,2025-02-10
58064,2025-02-10 17:18:20,Social Media,Winter Sale,No,2025-02-10
67419,2025-02-11 18:17:07,Social Media,Winter Sale,No,2025-02-11
41638,2025-02-10 00:33:31,Direct Traffic,-,Yes,2025-02-10
30274,2025-02-11 19:27:37,Social Media,Retargeting,Yes,2025-02-11
29734,2025-02-10 19:25:00,Display Ads,Discount Offer,No,2025-02-10
25874,2025-02-11 08:06:02,Display Ads,-,Yes,2025-02-11
18301,2025-02-10 16:11:42,Search Ads,Discount Offer,Yes,2025-02-10
56041,2025-02-11 18:57:18,Direct Traffic,-,No,2025-02-11
27371,2025-02-11 03:49:58,Direct Traffic,-,No,2025-02-11
78980,2025-02-10 19:13:48,Display Ads,New Product Launch,No,2025-02-10
16416,2025-02-11 19:24:21,Search Ads,Discount Offer,No,2025-02-11
95509,2025-02-10 03:14:41,Direct Traffic,-,Yes,2025-02-10
68721,2025-02-11 15:37:41,Referral,Retargeting,No,2025-02-11
72612,2025-02-11 13:45:59,Search Ads,New Product Launch,No,2025-02-11
91357,2025-02-11 13:37:33,Social Media,New Product Launch,No,2025-02-11
34551,2025-02-11 03:19:17,Referral,-,Yes,2025-02-11
39559,2025-02-11 18:33:12,Social Media,Retargeting,No,2025-02-11
21713,2025-02-11 22:02:42,Direct Traffic,-,No,2025-02-11
30910,2025-02-10 14:52:54,Display Ads,Winter Sale,No,2025-02-10
48404,2025-02-11 22:45:58,Social Media,Brand Awareness,No,2025-02-11
30380,2025-02-10 14:33:20,Email,Winter Sale,Yes,2025-02-10
85459,2025-02-11 05:36:25,Direct Traffic,-,Yes,2025-02-11
13771,2025-02-11 12:42:06,Direct Traffic,-,No,2025-02-11
40350,2025-02-10 18:52:11,Search Ads,New Product Launch,No,2025-02-10
11058,2025-02-11 22:50:54,Referral,Brand Awareness,Yes,2025-02-11
24620,2025-02-10 13:08:01,Search Ads,Winter Sale,Yes,2025-02-10
29648,2025-02-11 16:00:31,Social Media,Winter Sale,Yes,2025-02-11
60590,2025-02-10 13:17:17,Search Ads,Brand Awareness,No,2025-02-10
61426,2025-02-10 09:54:40,Search Ads,-,Yes,2025-02-10
67525,2025-02-10 11:17:47,Email,-,No,2025-02-10
20826,2025-02-11 10:22:24,Search Ads,Brand Awareness,Yes,2025-02-11
71235,2025-02-11 09:18:08,Email,-,No,2025-02-11
80623,2025-02-10 03:49:17,Search Ads,Discount Offer,No,2025-02-10
32839,2025-02-10 19:31:14,Referral,Discount Offer,No,2025-02-10
42824,2025-02-10 08:08:46,Referral,Winter Sale,Yes,2025-02-10
56219,2025-02-10 08:16:51,Social Media,Brand Awareness,Yes,2025-02-10
77748,2025-02-11 00:29:12,Display Ads,Discount Offer,Yes,2025-02-11
67455,2025-02-10 03:13:15,Email,Brand Awareness,No,2025-02-10
69282,2025-02-10 10:26:21,Search Ads,Brand Awareness,Yes,2025-02-10
38457,2025-02-10 02:00:06,Display Ads,Brand Awareness,Yes,2025-02-10
54301,2025-02-11 02:34:12,Display Ads,Discount Offer,No,2025-02-11
76040,2025-02-10 20:16:49,Search Ads,Brand Awareness,No,2025-02-10
18589,2025-02-11 16:55:33,Social Media,-,Yes,2025-02-11
88425,2025-02-11 20:38:21,Social Media,Brand Awareness,Yes,2025-02-11
78083,2025-02-10 10:37:00,Social Media,Brand Awareness,Yes,2025-02-10
85844,2025-02-11 22:36:24,Referral,Discount Offer,Yes,2025-02-11
90332,2025-02-10 04:00:03,Display Ads,Discount Offer,No,2025-02-10
56009,2025-02-11 21:40:29,Social Media,New Product Launch,Yes,2025-02-11
77184,2025-02-11 13:18:25,Referral,Discount Offer,No,2025-02-11
67722,2025-02-10 00:06:06,Social Media,New Product Launch,No,2025-02-10
11058,2025-02-11 12:21:17,Search Ads,Brand Awareness,No,2025-02-11
27541,2025-02-10 17:57:23,Direct Traffic,-,No,2025-02-10
31581,2025-02-10 15:28:21,Search Ads,Discount Offer,Yes,2025-02-10
20510,2025-02-10 14:44:39,Display Ads,Winter Sale,No,2025-02-10
32160,2025-02-10 06:46:57,Display Ads,Winter Sale,No,2025-02-10
68632,2025-02-10 15:27:38,Direct Traffic,-,No,2025-02-10
76711,2025-02-10 03:14:19,Social Media,-,No,2025-02-10
81103,2025-02-10 02:49:39,Email,Discount Offer,Yes,2025-02-10
18298,2025-02-11 07:14:17,Search Ads,Retargeting,Yes,2025-02-11
29440,2025-02-11 17:47:36,Email,Discount Offer,Yes,2025-02-11
45981,2025-02-10 11:12:02,Direct Traffic,-,No,2025-02-10
77968,2025-02-11 23:53:57,Direct Traffic,-,No,2025-02-11
94897,2025-02-10 12:49:59,Direct Traffic,-,No,2025-02-10
24576,2025-02-11 20:50:36,Search Ads,Winter Sale,No,2025-02-11
11511,2025-02-11 16:15:46,Display Ads,Retargeting,Yes,2025-02-11
10068,2025-02-11 23:05:58,Social Media,Winter Sale,No,2025-02-11
13471,2025-02-10 14:18:30,Search Ads,Winter Sale,Yes,2025-02-10
29785,2025-02-11 18:40:14,Direct Traffic,-,Yes,2025-02-11
21668,2025-02-11 15:54:51,Display Ads,-,Yes,2025-02-11
61462,2025-02-11 03:57:06,Display Ads,New Product Launch,No,2025-02-11
78284,2025-02-11 08:08:20,Referral,New Product Launch,Yes,2025-02-11
81937,2025-02-11 04:06:09,Display Ads,-,Yes,2025-02-11
25901,2025-02-11 11:09:34,Display Ads,-,No,2025-02-11
97825,2025-02-10 03:27:02,Search Ads,-,No,2025-02-10
29809,2025-02-11 05:04:58,Email,Winter Sale,No,2025-02-11
25229,2025-02-11 05:52:53,Referral,Winter Sale,No,2025-02-11
65938,2025-02-11 06:09:49,Social Media,Discount Offer,No,2025-02-11
37386,2025-02-10 22:40:59,Direct Traffic,-,Yes,2025-02-10
37055,2025-02-10 20:52:39,Social Media,-,Yes,2025-02-10
26622,2025-02-10 04:29:24,Social Media,Brand Awareness,No,2025-02-10
34192,2025-02-10 12:48:33,Display Ads,Winter Sale,No,2025-02-10
52335,2025-02-10 16:29:34,Email,New Product Launch,No,2025-02-10
60108,2025-02-11 09:36:33,Direct Traffic,-,No,2025-02-11
42610,2025-02-11 01:45:54,Search Ads,Winter Sale,No,2025-02-11
48949,2025-02-11 09:15:28,Social Media,New Product Launch,No,2025-02-11
33960,2025-02-10 04:38:26,Display Ads,Brand Awareness,No,2025-02-10
70576,2025-02-10 14:17:07,Search Ads,Retargeting,No,2025-02-10
35942,2025-02-10 19:52:08,Social Media,Brand Awareness,Yes,2025-02-10
68641,2025-02-10 20:01:12,Display Ads,New Product Launch,Yes,2025-02-10
87027,2025-02-11 18:27:31,Search Ads,New Product Launch,No,2025-02-11
67893,2025-02-11 11:28:11,Email,New Product Launch,Yes,2025-02-11
28965,2025-02-10 05:43:55,Display Ads,New Product Launch,No,2025-02-10
79823,2025-02-10 16:04:03,Display Ads,Retargeting,No,2025-02-10
76669,2025-02-10 13:11:00,Referral,Retargeting,No,2025-02-10
98208,2025-02-10 06:34:39,Social Media,Winter Sale,Yes,2025-02-10
79883,2025-02-10 01:29:51,Display Ads,-,Yes,2025-02-10
78076,2025-02-11 12:51:09,Direct Traffic,-,No,2025-02-11
87245,2025-02-10 08:31:40,Search Ads,New Product Launch,Yes,2025-02-10
67935,2025-02-10 02:49:28,Social Media,New Product Launch,No,2025-02-10
25229,2025-02-11 03:32:51,Social Media,New Product Launch,Yes,2025-02-11
71827,2025-02-11 05:37:08,Social Media,New Product Launch,Yes,2025-02-11
88885,2025-02-11 10:30:46,Direct Traffic,-,No,2025-02-11
73566,2025-02-11 04:00:53,Display Ads,Discount Offer,No,2025-02-11
59032,2025-02-10 11:18:12,Direct Traffic,-,Yes,2025-02-10
64153,2025-02-11 01:56:46,Social Media,-,No,2025-02-11
17702,2025-02-10 14:18:06,Display Ads,Winter Sale,No,2025-02-10
19388,2025-02-11 00:56:27,Referral,New Product Launch,Yes,2025-02-11
94832,2025-02-11 23:09:29,Search Ads,Brand Awareness,No,2025-02-11
26644,2025-02-11 13:04:54,Direct Traffic,-,No,2025-02-11
38677,2025-02-10 06:23:38,Search Ads,Brand Awareness,Yes,2025-02-10
14036,2025-02-10 04:20:44,Direct Traffic,-,Yes,2025-02-10
47795,2025-02-10 06:27:11,Direct Traffic,-,Yes,2025-02-10
45981,2025-02-10 11:46:10,Email,Winter Sale,No,2025-02-10
49366,2025-02-10 10:24:51,Social Media,Winter Sale,No,2025-02-10
98920,2025-02-11 20:52:31,Search Ads,Brand Awareness,No,2025-02-11
40350,2025-02-11 01:30:06,Search Ads,Retargeting,Yes,2025-02-11
20999,2025-02-11 04:20:35,Email,Brand Awareness,Yes,2025-02-11
48089,2025-02-11 02:23:01,Search Ads,Winter Sale,No,2025-02-11
88142,2025-02-11 02:38:58,Email,Winter Sale,No,2025-02-11
69602,2025-02-11 02:19:05,Referral,Discount Offer,No,2025-02-11
80471,2025-02-11 12:48:08,Search Ads,Retargeting,No,2025-02-11
48237,2025-02-10 18:47:38,Search Ads,-,Yes,2025-02-10
61426,2025-02-10 11:53:56,Search Ads,New Product Launch,Yes,2025-02-10
17863,2025-02-11 03:28:21,Direct Traffic,-,No,2025-02-11
50636,2025-02-11 11:45:35,Display Ads,-,No,2025-02-11
32839,2025-02-10 09:54:48,Direct Traffic,-,No,2025-02-10
16893,2025-02-10 16:14:58,Direct Traffic,-,Yes,2025-02-10
71570,2025-02-10 14:12:19,Social Media,Discount Offer,No,2025-02-10
19097,2025-02-10 10:03:20,Display Ads,Brand Awareness,No,2025-02-10
86296,2025-02-11 23:14:12,Display Ads,-,No,2025-02-11
29664,2025-02-10 15:04:56,Direct Traffic,-,No,2025-02-10
61177,2025-02-11 12:45:23,Direct Traffic,-,No,2025-02-11
51399,2025-02-11 11:10:22,Display Ads,Brand Awareness,No,2025-02-11
36215,2025-02-10 17:06:22,Email,-,No,2025-02-10
19644,2025-02-11 03:12:44,Search Ads,Brand Awareness,Yes,2025-02-11
20524,2025-02-10 23:06:12,Direct Traffic,-,No,2025-02-10
13438,2025-02-11 14:17:05,Search Ads,Brand Awareness,Yes,2025-02-11
29800,2025-02-10 00:35:06,Display Ads,New Product Launch,No,2025-02-10
44994,2025-02-11 16:11:05,Display Ads,-,No,2025-02-11
34935,2025-02-11 12:29:12,Referral,Brand Awareness,No,2025-02-11
90332,2025-02-10 21:21:09,Display Ads,Discount Offer,Yes,2025-02-10
65175,2025-02-10 17:34:24,Search Ads,Retargeting,Yes,2025-02-10
43883,2025-02-10 21:55:06,Display Ads,Discount Offer,Yes,2025-02-10
44026,2025-02-10 13:21:10,Direct Traffic,-,Yes,2025-02-10
23216,2025-02-11 07:39:15,Display Ads,Discount Offer,No,2025-02-11
17598,2025-02-10 10:00:32,Search Ads,Winter Sale,No,2025-02-10
43398,2025-02-10 07:19:11,Email,-,Yes,2025-02-10
12877,2025-02-10 12:59:50,Email,Brand Awareness,No,2025-02-10
50281,2025-02-11 18:23:53,Email,-,Yes,2025-02-11
70378,2025-02-11 01:30:06,Search Ads,Winter Sale,No,2025-02-11
71094,2025-02-11 19:39:25,Social Media,Brand Awareness,Yes,2025-02-11
56733,2025-02-11 11:08:33,Social Media,-,No,2025-02-11
37786,2025-02-11 12:35:37,Referral,Winter Sale,No,2025-02-11
13139,2025-02-11 06:43:55,Social Media,Discount Offer,No,2025-02-11
58762,2025-02-10 12:47:48,Referral,Brand Awareness,Yes,2025-02-10
29709,2025-02-11 15:21:02,Referral,Brand Awareness,Yes,2025-02-11
61905,2025-02-10 07:11:55,Display Ads,Discount Offer,No,2025-02-10
49297,2025-02-11 03:13:05,Direct Traffic,-,No,2025-02-11
40227,2025-02-10 21:03:33,Social Media,Winter Sale,No,2025-02-10
91442,2025-02-10 12:18:06,Display Ads,New Product Launch,Yes,2025-02-10
46662,2025-02-11 18:01:23,Email,New Product Launch,Yes,2025-02-11
67419,2025-02-10 03:31:08,Display Ads,-,Yes,2025-02-10
72959,2025-02-11 05:56:32,Social Media,Winter Sale,Yes,2025-02-11
90435,2025-02-11 21:01:04,Email,-,No,2025-02-11
98628,2025-02-10 03:14:40,Search Ads,Retargeting,No,2025-02-10
13035,2025-02-10 10:34:59,Email,Winter Sale,Yes,2025-02-10
20826,2025-02-11 15:26:48,Social Media,Brand Awareness,No,2025-02-11
55398,2025-02-11 17:47:28,Social Media,Discount Offer,Yes,2025-02-11
57943,2025-02-10 02:53:54,Social Media,Winter Sale,Yes,2025-02-10
78932,2025-02-10 17:48:18,Social Media,Brand Awareness,No,2025-02-10
35887,2025-02-10 21:38:05,Search Ads,Retargeting,No,2025-02-10
17598,2025-02-10 19:41:42,Email,Winter Sale,Yes,2025-02-10
55398,2025-02-10 05:59:47,Display Ads,Discount Offer,No,2025-02-10
60493,2025-02-10 10:55:19,Social Media,Discount Offer,No,2025-02-10
18503,2025-02-10 16:33:47,Email,Brand Awareness,No,2025-02-10
61522,2025-02-10 04:42:01,Email,Retargeting,Yes,2025-02-10
22358,2025-02-11 14:03:33,Email,-,Yes,2025-02-11
93007,2025-02-10 08:51:19,Display Ads,New Product Launch,Yes,2025-02-10
27438,2025-02-11 11:17:13,Referral,-,Yes,2025-02-11
55894,2025-02-10 16:39:02,Search Ads,-,No,2025-02-10
11784,2025-02-11 05:52:42,Referral,-,No,2025-02-11
51664,2025-02-11 05:35:18,Direct Traffic,-,No,2025-02-11
91612,2025-02-10 04:54:38,Email,Discount Offer,Yes,2025-02-10
70093,2025-02-10 05:03:07,Display Ads,Winter Sale,Yes,2025-02-10
26437,2025-02-11 10:23:33,Display Ads,Retargeting,No,2025-02-11
63511,2025-02-10 02:56:47,Direct Traffic,-,No,2025-02-10
89677,2025-02-11 22:28:21,Social Media,Winter Sale,Yes,2025-02-11
96454,2025-02-11 19:46:32,Search Ads,New Product Launch,No,2025-02-11
96629,2025-02-11 23:05:11,Search Ads,Retargeting,Yes,2025-02-11
36393,2025-02-11 00:12:50,Direct Traffic,-,No,2025-02-11
12806,2025-02-11 04:26:25,Search Ads,New Product Launch,Yes,2025-02-11
59425,2025-02-11 05:54:20,Search Ads,Winter Sale,Yes,2025-02-11
82764,2025-02-11 23:19:23,Referral,Brand Awareness,Yes,2025-02-11
73566,2025-02-10 08:00:39,Social Media,Discount Offer,No,2025-02-10
92808,2025-02-11 06:14:41,Display Ads,Winter Sale,Yes,2025-02-11
15582,2025-02-10 01:35:02,Email,Winter Sale,Yes,2025-02-10
72612,2025-02-10 02:15:25,Referral,Winter Sale,No,2025-02-10
83965,2025-02-11 17:53:45,Direct Traffic,-,Yes,2025-02-11
43787,2025-02-11 08:16:57,Display Ads,Retargeting,Yes,2025-02-11
64440,2025-02-11 12:31:47,Display Ads,Brand Awareness,No,2025-02-11
65259,2025-02-11 07:13:51,Email,-,Yes,2025-02-11
80503,2025-02-10 16:53:15,Social Media,-,Yes,2025-02-10
34708,2025-02-10 21:12:08,Search Ads,Winter Sale,Yes,2025-02-10
46221,2025-02-10 08:32:32,Social Media,Brand Awareness,Yes,2025-02-10
78284,2025-02-11 05:25:04,Search Ads,-,Yes,2025-02-11
73264,2025-02-10 01:16:02,Referral,Retargeting,Yes,2025-02-10
88151,2025-02-10 23:23:26,Display Ads,Retargeting,No,2025-02-10
34094,2025-02-10 19:51:45,Email,-,No,2025-02-10
95511,2025-02-11 12:24:35,Search Ads,Winter Sale,No,2025-02-11
53599,2025-02-11 15:10:40,Social Media,New Product Launch,No,2025-02-11
96542,2025-02-10 09:40:11,Display Ads,Winter Sale,Yes,2025-02-10
83319,2025-02-11 03:45:22,Display Ads,Retargeting,Yes,2025-02-11
63527,2025-02-10 06:39:55,Social Media,Retargeting,No,2025-02-10
29809,2025-02-11 01:28:57,Search Ads,Retargeting,Yes,2025-02-11
91630,2025-02-11 19:07:16,Referral,Discount Offer,Yes,2025-02-11
69729,2025-02-10 16:35:17,Display Ads,-,Yes,2025-02-10
40530,2025-02-10 07:37:29,Display Ads,Discount Offer,Yes,2025-02-10
58884,2025-02-11 04:50:18,Direct Traffic,-,No,2025-02-11
13775,2025-02-11 21:48:39,Direct Traffic,-,Yes,2025-02-11
65207,2025-02-11 00:32:20,Direct Traffic,-,No,2025-02-11
24221,2025-02-11 12:22:32,Search Ads,Retargeting,No,2025-02-11
92621,2025-02-10 16:05:22,Direct Traffic,-,Yes,2025-02-10
99115,2025-02-11 16:45:15,Search Ads,Brand Awareness,No,2025-02-11
99147,2025-02-10 07:45:15,Direct Traffic,-,Yes,2025-02-10
41901,2025-02-11 21:19:16,Referral,Winter Sale,Yes,2025-02-11
47740,2025-02-10 22:16:18,Email,New Product Launch,Yes,2025-02-10
43398,2025-02-10 13:51:48,Display Ads,-,No,2025-02-10
86112,2025-02-10 00:38:27,Direct Traffic,-,Yes,2025-02-10
90213,2025-02-10 00:29:48,Social Media,-,Yes,2025-02-10
91203,2025-02-10 23:34:56,Search Ads,Discount Offer,Yes,2025-02-10
90712,2025-02-11 05:53:05,Search Ads,New Product Launch,No,2025-02-11
81470,2025-02-11 07:05:29,Social Media,-,No,2025-02-11
80267,2025-02-10 00:45:20,Referral,-,No,2025-02-10
73412,2025-02-11 22:05:04,Direct Traffic,-,Yes,2025-02-11
46662,2025-02-11 05:08:11,Email,Retargeting,Yes,2025-02-11
60996,2025-02-10 15:26:36,Social Media,Brand Awareness,Yes,2025-02-10
87345,2025-02-11 20:54:40,Direct Traffic,-,No,2025-02-11
90322,2025-02-10 23:52:55,Direct Traffic,-,No,2025-02-10
93802,2025-02-10 03:09:22,Social Media,Retargeting,No,2025-02-10
31833,2025-02-11 03:09:38,Direct Traffic,-,Yes,2025-02-11
82712,2025-02-11 03:38:45,Direct Traffic,-,Yes,2025-02-11
89240,2025-02-10 09:01:14,Search Ads,New Product Launch,No,2025-02-10
62979,2025-02-11 19:19:20,Social Media,Winter Sale,Yes,2025-02-11
85309,2025-02-11 01:03:17,Email,Winter Sale,No,2025-02-11
85343,2025-02-11 21:04:46,Search Ads,-,No,2025-02-11
36097,2025-02-10 15:49:36,Social Media,Retargeting,No,2025-02-10
24568,2025-02-11 05:13:59,Display Ads,-,No,2025-02-11
83712,2025-02-10 10:58:36,Direct Traffic,-,No,2025-02-10
44877,2025-02-10 16:44:21,Direct Traffic,-,No,2025-02-10
68762,2025-02-11 10:10:41,Display Ads,Winter Sale,Yes,2025-02-11
62035,2025-02-11 19:25:36,Referral,-,Yes,2025-02-11
38822,2025-02-11 06:12:07,Email,Discount Offer,Yes,2025-02-11
54089,2025-02-11 00:00:27,Email,Brand Awareness,Yes,2025-02-11
25441,2025-02-11 15:06:33,Display Ads,New Product Launch,Yes,2025-02-11
92988,2025-02-10 13:52:56,Display Ads,Discount Offer,Yes,2025-02-10
65233,2025-02-11 00:41:45,Direct Traffic,-,Yes,2025-02-11
91203,2025-02-11 22:44:07,Email,Retargeting,Yes,2025-02-11
69737,2025-02-11 00:32:54,Search Ads,Discount Offer,Yes,2025-02-11
50216,2025-02-11 08:53:47,Email,Discount Offer,No,2025-02-11
28587,2025-02-11 20:16:52,Referral,Winter Sale,Yes,2025-02-11
48654,2025-02-10 12:23:57,Social Media,-,No,2025-02-10
89901,2025-02-11 07:47:28,Social Media,Brand Awareness,Yes,2025-02-11
16311,2025-02-10 06:22:03,Email,Winter Sale,No,2025-02-10
80602,2025-02-10 20:31:06,Display Ads,New Product Launch,No,2025-02-10
30977,2025-02-11 18:40:18,Search Ads,New Product Launch,Yes,2025-02-11
33960,2025-02-11 08:06:51,Referral,Winter Sale,No,2025-02-11
42970,2025-02-11 14:02:49,Referral,Retargeting,Yes,2025-02-11
46738,2025-02-10 02:05:35,Referral,Discount Offer,Yes,2025-02-10
54719,2025-02-10 17:06:52,Referral,Retargeting,Yes,2025-02-10
73838,2025-02-11 11:39:18,Search Ads,New Product Launch,No,2025-02-11
23018,2025-02-10 20:30:33,Email,-,No,2025-02-10
14668,2025-02-11 08:04:11,Email,Discount Offer,Yes,2025-02-11
22931,2025-02-10 11:26:43,Display Ads,Winter Sale,No,2025-02-10
49673,2025-02-11 04:58:13,Email,-,No,2025-02-11
43298,2025-02-11 02:10:47,Direct Traffic,-,Yes,2025-02-11
65740,2025-02-10 06:07:07,Direct Traffic,-,No,2025-02-10
73814,2025-02-11 00:03:34,Social Media,Brand Awareness,Yes,2025-02-11
15596,2025-02-11 22:38:55,Social Media,Winter Sale,No,2025-02-11
72337,2025-02-10 23:20:57,Social Media,-,Yes,2025-02-10
45927,2025-02-10 12:15:26,Email,Retargeting,Yes,2025-02-10
31901,2025-02-10 17:21:50,Search Ads,-,No,2025-02-10
94486,2025-02-11 18:33:04,Email,Winter Sale,Yes,2025-02-11
87191,2025-02-10 13:03:31,Display Ads,Winter Sale,No,2025-02-10
79883,2025-02-10 01:38:45,Search Ads,Discount Offer,Yes,2025-02-10
80938,2025-02-11 09:48:47,Direct Traffic,-,No,2025-02-11
35227,2025-02-11 19:36:51,Referral,-,No,2025-02-11
52408,2025-02-10 21:06:12,Direct Traffic,-,Yes,2025-02-10
59390,2025-02-10 06:19:48,Direct Traffic,-,No,2025-02-10
21212,2025-02-10 06:07:26,Display Ads,-,No,2025-02-10
82225,2025-02-11 20:17:06,Email,New Product Launch,Yes,2025-02-11
33377,2025-02-11 09:48:55,Display Ads,New Product Launch,No,2025-02-11
36393,2025-02-11 19:00:42,Search Ads,-,Yes,2025-02-11
49297,2025-02-11 03:06:15,Direct Traffic,-,Yes,2025-02-11
74627,2025-02-10 08:02:11,Display Ads,New Product Launch,No,2025-02-10
90114,2025-02-10 13:30:52,Search Ads,Discount Offer,Yes,2025-02-10
75802,2025-02-11 03:46:12,Search Ads,Winter Sale,No,2025-02-11
76940,2025-02-11 19:46:39,Email,New Product Launch,Yes,2025-02-11
54719,2025-02-11 23:20:20,Social Media,Brand Awareness,No,2025-02-11
15891,2025-02-10 06:52:22,Referral,-,Yes,2025-02-10
13980,2025-02-11 20:39:22,Search Ads,-,Yes,2025-02-11
88072,2025-02-10 11:50:07,Social Media,Retargeting,No,2025-02-10
36308,2025-02-11 01:40:58,Display Ads,Brand Awareness,Yes,2025-02-11
22921,2025-02-10 16:02:27,Email,-,Yes,2025-02-10
65820,2025-02-11 07:03:37,Search Ads,Brand Awareness,Yes,2025-02-11
37554,2025-02-11 06:08:56,Social Media,New Product Launch,No,2025-02-11
79404,2025-02-11 01:15:48,Direct Traffic,-,No,2025-02-11
18699,2025-02-10 20:16:10,Direct Traffic,-,Yes,2025-02-10
38468,2025-02-10 08:03:40,Direct Traffic,-,No,2025-02-10
48990,2025-02-10 08:06:56,Direct Traffic,-,Yes,2025-02-10
39056,2025-02-10 19:38:41,Display Ads,Winter Sale,No,2025-02-10
29109,2025-02-10 16:18:39,Social Media,Discount Offer,Yes,2025-02-10
89901,2025-02-11 09:29:23,Direct Traffic,-,No,2025-02-11
49073,2025-02-11 03:15:33,Display Ads,Brand Awareness,No,2025-02-11
23449,2025-02-11 06:24:47,Display Ads,-,Yes,2025-02-11
64541,2025-02-10 15:34:25,Search Ads,New Product Launch,Yes,2025-02-10
90409,2025-02-11 11:53:41,Search Ads,-,No,2025-02-11
39144,2025-02-11 20:21:01,Display Ads,Retargeting,Yes,2025-02-11
27942,2025-02-10 22:45:12,Search Ads,Brand Awareness,No,2025-02-10
80282,2025-02-10 16:06:14,Referral,Winter Sale,No,2025-02-10
21595,2025-02-10 12:37:57,Display Ads,-,Yes,2025-02-10
49655,2025-02-10 20:21:38,Display Ads,New Product Launch,Yes,2025-02-10
13438,2025-02-11 16:06:23,Referral,Winter Sale,Yes,2025-02-11
98418,2025-02-11 04:00:50,Display Ads,Discount Offer,No,2025-02-11
65026,2025-02-11 11:07:54,Social Media,New Product Launch,No,2025-02-11
58344,2025-02-11 17:14:39,Display Ads,New Product Launch,Yes,2025-02-11
76584,2025-02-10 05:18:00,Social Media,New Product Launch,Yes,2025-02-10
35824,2025-02-11 09:15:48,Search Ads,Discount Offer,No,2025-02-11
39101,2025-02-10 15:56:55,Email,New Product Launch,No,2025-02-10
48850,2025-02-10 04:09:49,Display Ads,Retargeting,Yes,2025-02-10
42776,2025-02-11 18:28:44,Direct Traffic,-,Yes,2025-02-11
98418,2025-02-10 14:23:16,Direct Traffic,-,Yes,2025-02-10
21712,2025-02-11 00:38:43,Search Ads,-,No,2025-02-11
86085,2025-02-11 08:56:00,Search Ads,Brand Awareness,No,2025-02-11
91512,2025-02-11 14:59:04,Display Ads,-,No,2025-02-11
54278,2025-02-10 02:38:20,Search Ads,Winter Sale,No,2025-02-10
41454,2025-02-10 19:19:35,Social Media,Retargeting,No,2025-02-10
86974,2025-02-11 17:38:28,Social Media,Winter Sale,Yes,2025-02-11
88708,2025-02-10 23:02:48,Email,Brand Awareness,Yes,2025-02-10
26644,2025-02-10 17:07:51,Direct Traffic,-,No,2025-02-10
68047,2025-02-10 20:01:20,Display Ads,Winter Sale,No,2025-02-10
69421,2025-02-10 21:18:05,Social Media,New Product Launch,No,2025-02-10
15921,2025-02-10 03:47:38,Social Media,Retargeting,No,2025-02-10
52282,2025-02-11 03:38:01,Email,Winter Sale,No,2025-02-11
90964,2025-02-10 20:43:01,Email,Retargeting,No,2025-02-10
64847,2025-02-10 22:36:44,Social Media,Brand Awareness,Yes,2025-02-10
80731,2025-02-11 16:11:26,Search Ads,Discount Offer,No,2025-02-11
85426,2025-02-11 10:21:51,Display Ads,New Product Launch,No,2025-02-11
92621,2025-02-10 07:18:44,Direct Traffic,-,Yes,2025-02-10
73566,2025-02-11 01:36:01,Display Ads,Winter Sale,Yes,2025-02-11
15937,2025-02-11 23:50:11,Display Ads,Winter Sale,Yes,2025-02-11
37162,2025-02-10 12:35:48,Direct Traffic,-,Yes,2025-02-10
19644,2025-02-11 10:13:39,Email,Brand Awareness,Yes,2025-02-11
19444,2025-02-11 12:04:05,Display Ads,Winter Sale,Yes,2025-02-11
73654,2025-02-10 02:42:04,Search Ads,Brand Awareness,Yes,2025-02-10
93693,2025-02-11 09:34:53,Direct Traffic,-,No,2025-02-11
39144,2025-02-11 03:42:58,Referral,New Product Launch,Yes,2025-02-11
94028,2025-02-11 19:06:21,Email,Retargeting,No,2025-02-11
52609,2025-02-11 15:45:41,Social Media,-,Yes,2025-02-11
95195,2025-02-11 01:57:33,Search Ads,Retargeting,No,2025-02-11
72244,2025-02-11 07:05:47,Email,-,No,2025-02-11
83489,2025-02-11 03:14:31,Email,Winter Sale,No,2025-02-11
62128,2025-02-10 16:31:37,Social Media,New Product Launch,Yes,2025-02-10
79941,2025-02-10 04:36:55,Social Media,Winter Sale,No,2025-02-10
34649,2025-02-11 11:19:25,Email,New Product Launch,Yes,2025-02-11
85197,2025-02-10 09:25:31,Social Media,Brand Awareness,Yes,2025-02-10
13872,2025-02-10 04:16:34,Referral,Discount Offer,No,2025-02-10
12509,2025-02-11 19:05:16,Social Media,Discount Offer,Yes,2025-02-11
19444,2025-02-10 00:00:37,Direct Traffic,-,No,2025-02-10
98920,2025-02-11 00:33:31,Search Ads,Discount Offer,No,2025-02-11
97894,2025-02-10 03:12:57,Search Ads,-,Yes,2025-02-10
37902,2025-02-10 05:17:01,Social Media,-,Yes,2025-02-10
25539,2025-02-10 01:02:44,Social Media,Winter Sale,No,2025-02-10
22385,2025-02-11 21:20:52,Social Media,New Product Launch,No,2025-02-11
87893,2025-02-11 04:48:20,Direct Traffic,-,Yes,2025-02-11
94607,2025-02-11 15:07:39,Display Ads,Brand Awareness,No,2025-02-11
34192,2025-02-10 19:23:51,Social Media,Retargeting,Yes,2025-02-10
14212,2025-02-10 14:51:57,Direct Traffic,-,No,2025-02-10
84925,2025-02-11 00:26:22,Search Ads,-,No,2025-02-11
82005,2025-02-11 07:28:59,Search Ads,Winter Sale,Yes,2025-02-11
26109,2025-02-10 16:57:12,Direct Traffic,-,No,2025-02-10
48080,2025-02-11 22:22:05,Display Ads,Brand Awareness,No,2025-02-11
94841,2025-02-10 00:59:39,Email,Brand Awareness,No,2025-02-10
30664,2025-02-10 08:46:02,Referral,-,No,2025-02-10
68632,2025-02-10 22:51:51,Search Ads,-,No,2025-02-10
22811,2025-02-11 00:36:50,Referral,Discount Offer,Yes,2025-02-11
32663,2025-02-11 22:33:09,Referral,Winter Sale,No,2025-02-11
88818,2025-02-10 20:40:42,Search Ads,Retargeting,Yes,2025-02-10
30895,2025-02-11 21:23:04,Email,New Product Launch,Yes,2025-02-11
62558,2025-02-11 01:13:48,Referral,Winter Sale,Yes,2025-02-11
30280,2025-02-11 13:00:53,Direct Traffic,-,Yes,2025-02-11
64955,2025-02-10 22:05:24,Display Ads,Winter Sale,No,2025-02-10
65073,2025-02-11 11:50:13,Display Ads,Brand Awareness,Yes,2025-02-11
61655,2025-02-10 18:58:34,Email,New Product Launch,No,2025-02-10
54016,2025-02-11 14:06:34,Display Ads,Brand Awareness,No,2025-02-11
68849,2025-02-10 22:09:41,Referral,Retargeting,Yes,2025-02-10
13004,2025-02-11 10:41:37,Social Media,New Product Launch,Yes,2025-02-11
23202,2025-02-11 20:00:59,Direct Traffic,-,No,2025-02-11
47735,2025-02-11 20:43:01,Display Ads,New Product Launch,Yes,2025-02-11
64142,2025-02-10 03:58:35,Direct Traffic,-,No,2025-02-10
94174,2025-02-11 21:02:45,Social Media,-,No,2025-02-11
82159,2025-02-11 12:32:59,Direct Traffic,-,Yes,2025-02-11
67525,2025-02-11 19:49:29,Social Media,Brand Awareness,Yes,2025-02-11
11416,2025-02-11 01:40:45,Display Ads,Discount Offer,Yes,2025-02-11
71911,2025-02-10 22:04:52,Social Media,Brand Awareness,No,2025-02-10
99321,2025-02-10 00:57:34,Display Ads,Discount Offer,No,2025-02-10
75841,2025-02-11 04:25:56,Social Media,Brand Awareness,Yes,2025-02-11
43033,2025-02-11 21:25:46,Direct Traffic,-,No,2025-02-11
18587,2025-02-10 00:44:10,Social Media,-,No,2025-02-10
89572,2025-02-11 06:53:02,Referral,Discount Offer,Yes,2025-02-11
11831,2025-02-11 21:55:23,Direct Traffic,-,Yes,2025-02-11
92346,2025-02-11 02:57:26,Referral,Retargeting,No,2025-02-11
57949,2025-02-10 15:15:06,Email,New Product Launch,No,2025-02-10
55533,2025-02-10 10:30:05,Referral,Retargeting,No,2025-02-10
97508,2025-02-10 08:49:14,Referral,-,Yes,2025-02-10
63685,2025-02-10 23:44:47,Direct Traffic,-,Yes,2025-02-10
61285,2025-02-10 18:21:05,Referral,Discount Offer,No,2025-02-10
83153,2025-02-10 05:52:46,Direct Traffic,-,Yes,2025-02-10
36457,2025-02-10 02:25:16,Social Media,Retargeting,No,2025-02-10
65881,2025-02-11 08:52:13,Referral,-,Yes,2025-02-11
63274,2025-02-11 06:51:19,Social Media,Winter Sale,No,2025-02-11
23209,2025-02-10 03:53:26,Referral,Discount Offer,Yes,2025-02-10
54531,2025-02-10 13:05:36,Referral,New Product Launch,Yes,2025-02-10
17168,2025-02-11 13:43:51,Social Media,Winter Sale,Yes,2025-02-11
57108,2025-02-10 05:12:54,Direct Traffic,-,No,2025-02-10
27480,2025-02-10 11:49:41,Direct Traffic,-,No,2025-02-10
63072,2025-02-11 14:50:47,Direct Traffic,-,Yes,2025-02-11
61053,2025-02-10 05:24:24,Display Ads,Retargeting,Yes,2025-02-10
43931,2025-02-10 05:06:36,Search Ads,New Product Launch,Yes,2025-02-10
39770,2025-02-10 08:23:39,Search Ads,Brand Awareness,Yes,2025-02-10
63781,2025-02-10 05:53:20,Search Ads,-,Yes,2025-02-10
77968,2025-02-10 01:34:09,Direct Traffic,-,Yes,2025-02-10
33074,2025-02-11 16:09:16,Search Ads,Brand Awareness,No,2025-02-11
79304,2025-02-10 13:16:28,Referral,Discount Offer,Yes,2025-02-10
19517,2025-02-10 15:44:50,Search Ads,Winter Sale,No,2025-02-10
59281,2025-02-10 01:07:36,Email,-,No,2025-02-10
66986,2025-02-11 15:27:28,Email,Brand Awareness,Yes,2025-02-11
89953,2025-02-10 01:27:46,Email,Brand Awareness,No,2025-02-10
41962,2025-02-11 15:02:37,Referral,Retargeting,Yes,2025-02-11
39287,2025-02-11 04:30:36,Referral,-,Yes,2025-02-11
41146,2025-02-11 14:44:44,Social Media,New Product Launch,No,2025-02-11
83667,2025-02-10 14:20:19,Direct Traffic,-,Yes,2025-02-10
22943,2025-02-11 07:59:19,Search Ads,New Product Launch,Yes,2025-02-11
28511,2025-02-10 20:49:15,Social Media,Retargeting,Yes,2025-02-10
47174,2025-02-11 04:08:38,Social Media,Discount Offer,No,2025-02-11
16814,2025-02-10 11:09:36,Social Media,-,Yes,2025-02-10
24845,2025-02-11 00:19:28,Direct Traffic,-,No,2025-02-11
15924,2025-02-11 00:30:37,Social Media,-,Yes,2025-02-11
13186,2025-02-11 15:55:25,Referral,Retargeting,No,2025-02-11
79181,2025-02-10 06:34:37,Display Ads,Brand Awareness,No,2025-02-10
47566,2025-02-11 18:20:49,Search Ads,Retargeting,Yes,2025-02-11
48404,2025-02-11 06:33:50,Email,New Product Launch,Yes,2025-02-11
50453,2025-02-11 11:00:44,Direct Traffic,-,Yes,2025-02-11
41490,2025-02-10 19:15:27,Display Ads,Winter Sale,Yes,2025-02-10
81103,2025-02-11 04:37:18,Direct Traffic,-,No,2025-02-11
55550,2025-02-11 19:36:29,Social Media,Discount Offer,Yes,2025-02-11
76850,2025-02-11 23:21:47,Direct Traffic,-,No,2025-02-11
16979,2025-02-10 22:09:21,Email,Brand Awareness,No,2025-02-10
86443,2025-02-10 04:35:27,Direct Traffic,-,Yes,2025-02-10
70632,2025-02-10 00:29:18,Direct Traffic,-,No,2025-02-10
32828,2025-02-11 12:51:02,Search Ads,-,Yes,2025-02-11
33499,2025-02-10 00:08:03,Display Ads,-,Yes,2025-02-10
11511,2025-02-10 20:30:01,Email,Discount Offer,No,2025-02-10
25105,2025-02-10 03:29:29,Social Media,New Product Launch,Yes,2025-02-10
90213,2025-02-10 16:46:41,Email,New Product Launch,Yes,2025-02-10
86700,2025-02-11 14:32:44,Referral,Retargeting,No,2025-02-11
68343,2025-02-10 19:01:19,Social Media,New Product Launch,Yes,2025-02-10
31723,2025-02-11 21:26:18,Search Ads,Retargeting,No,2025-02-11
28848,2025-02-11 11:46:50,Direct Traffic,-,No,2025-02-11
79883,2025-02-10 22:09:15,Display Ads,Retargeting,No,2025-02-10
99597,2025-02-11 11:13:28,Search Ads,-,Yes,2025-02-11
93942,2025-02-11 14:45:46,Direct Traffic,-,Yes,2025-02-11
82166,2025-02-10 09:47:33,Search Ads,Winter Sale,No,2025-02-10
69737,2025-02-11 23:43:39,Referral,Brand Awareness,Yes,2025-02-11
21343,2025-02-10 10:03:59,Email,-,No,2025-02-10
16916,2025-02-10 23:33:39,Social Media,-,Yes,2025-02-10
25544,2025-02-10 21:26:26,Referral,-,Yes,2025-02-10
43036,2025-02-11 16:54:51,Display Ads,Retargeting,No,2025-02-11
83153,2025-02-11 13:41:12,Direct Traffic,-,Yes,2025-02-11
76711,2025-02-11 14:26:58,Display Ads,Retargeting,No,2025-02-11
52274,2025-02-10 22:33:38,Referral,Brand Awareness,No,2025-02-10
54301,2025-02-10 08:02:30,Email,Discount Offer,Yes,2025-02-10
15351,2025-02-10 13:28:04,Referral,-,Yes,2025-02-10
21177,2025-02-11 17:35:42,Email,Brand Awareness,No,2025-02-11
45812,2025-02-10 22:17:07,Social Media,New Product Launch,No,2025-02-10
34708,2025-02-10 23:07:24,Display Ads,Brand Awareness,No,2025-02-10
56912,2025-02-11 09:45:17,Social Media,New Product Launch,No,2025-02-11
65626,2025-02-10 07:02:48,Social Media,Winter Sale,No,2025-02-10
66646,2025-02-11 17:13:23,Search Ads,-,No,2025-02-11
44859,2025-02-10 02:44:35,Referral,Winter Sale,No,2025-02-10
97706,2025-02-11 16:09:14,Search Ads,Brand Awareness,Yes,2025-02-11
26384,2025-02-11 01:59:30,Direct Traffic,-,No,2025-02-11
71797,2025-02-11 15:31:09,Direct Traffic,-,Yes,2025-02-11
98411,2025-02-10 02:51:09,Email,New Product Launch,Yes,2025-02-10
50840,2025-02-10 23:15:19,Referral,Winter Sale,Yes,2025-02-10
20524,2025-02-10 17:09:10,Referral,Brand Awareness,No,2025-02-10
71979,2025-02-10 05:17:18,Search Ads,Brand Awareness,No,2025-02-10
83673,2025-02-11 12:16:48,Referral,-,No,2025-02-11
20990,2025-02-10 04:24:04,Social Media,Retargeting,Yes,2025-02-10
83147,2025-02-11 01:02:01,Referral,Brand Awareness,No,2025-02-11
82182,2025-02-10 21:15:01,Email,New Product Launch,No,2025-02-10
69729,2025-02-11 10:32:51,Referral,Discount Offer,No,2025-02-11
79461,2025-02-11 17:49:00,Display Ads,-,Yes,2025-02-11
62089,2025-02-11 01:12:10,Direct Traffic,-,No,2025-02-11
68649,2025-02-10 05:24:52,Display Ads,Retargeting,Yes,2025-02-10
29800,2025-02-11 00:58:13,Direct Traffic,-,Yes,2025-02-11
82050,2025-02-10 08:39:05,Search Ads,Retargeting,Yes,2025-02-10
74884,2025-02-10 22:26:21,Referral,Retargeting,Yes,2025-02-10
96454,2025-02-10 04:22:13,Referral,Retargeting,Yes,2025-02-10
10556,2025-02-10 20:13:06,Display Ads,New Product Launch,Yes,2025-02-10
70378,2025-02-10 06:19:48,Email,Discount Offer,Yes,2025-02-10
35199,2025-02-11 04:58:14,Referral,Winter Sale,Yes,2025-02-11
39251,2025-02-10 16:39:50,Direct Traffic,-,Yes,2025-02-10
12877,2025-02-11 14:01:46,Search Ads,Brand Awareness,Yes,2025-02-11
48649,2025-02-11 14:08:34,Social Media,Discount Offer,No,2025-02-11
74104,2025-02-11 11:54:39,Search Ads,-,No,2025-02-11
76732,2025-02-10 19:17:00,Direct Traffic,-,No,2025-02-10
49128,2025-02-10 00:56:37,Display Ads,Retargeting,Yes,2025-02-10
19388,2025-02-11 09:20:20,Referral,New Product Launch,Yes,2025-02-11
55587,2025-02-10 04:53:20,Search Ads,Discount Offer,Yes,2025-02-10
54531,2025-02-11 19:52:36,Direct Traffic,-,Yes,2025-02-11
23018,2025-02-11 23:41:14,Display Ads,Winter Sale,Yes,2025-02-11
50264,2025-02-11 14:48:00,Social Media,Brand Awareness,Yes,2025-02-11
45340,2025-02-11 14:00:29,Direct Traffic,-,Yes,2025-02-11
53115,2025-02-11 14:27:15,Email,Brand Awareness,Yes,2025-02-11
99794,2025-02-10 13:40:02,Direct Traffic,-,Yes,2025-02-10
46911,2025-02-10 05:27:38,Search Ads,Discount Offer,Yes,2025-02-10
16916,2025-02-10 07:18:08,Social Media,Retargeting,Yes,2025-02-10
76806,2025-02-11 08:13:29,Search Ads,Brand Awareness,Yes,2025-02-11
15152,2025-02-11 19:53:05,Display Ads,New Product Launch,No,2025-02-11
98683,2025-02-10 10:43:17,Display Ads,Brand Awareness,Yes,2025-02-10
42734,2025-02-10 18:01:36,Social Media,Brand Awareness,Yes,2025-02-10
41463,2025-02-11 03:48:16,Display Ads,-,Yes,2025-02-11
83640,2025-02-10 03:47:31,Search Ads,Discount Offer,Yes,2025-02-10
29834,2025-02-11 15:46:48,Email,Winter Sale,Yes,2025-02-11
52906,2025-02-11 06:13:02,Social Media,New Product Launch,Yes,2025-02-11
71306,2025-02-11 10:31:18,Social Media,Winter Sale,No,2025-02-11
59102,2025-02-10 05:28:22,Email,Discount Offer,Yes,2025-02-10
30694,2025-02-10 18:27:38,Direct Traffic,-,No,2025-02-10
80133,2025-02-10 02:48:16,Social Media,-,No,2025-02-10
47740,2025-02-10 14:46:13,Referral,-,Yes,2025-02-10
47206,2025-02-10 19:36:42,Direct Traffic,-,No,2025-02-10
32839,2025-02-11 11:16:45,Email,Winter Sale,No,2025-02-11
54301,2025-02-10 09:18:18,Display Ads,Retargeting,No,2025-02-10
86889,2025-02-10 03:29:34,Social Media,New Product Launch,Yes,2025-02-10
45981,2025-02-11 04:18:23,Social Media,Retargeting,Yes,2025-02-11
29837,2025-02-11 12:39:39,Social Media,New Product Launch,No,2025-02-11
26189,2025-02-11 17:51:19,Search Ads,Retargeting,No,2025-02-11
48639,2025-02-11 12:48:24,Direct Traffic,-,No,2025-02-11
19097,2025-02-11 03:26:48,Social Media,Discount Offer,Yes,2025-02-11
60156,2025-02-11 15:33:38,Direct Traffic,-,Yes,2025-02-11
50166,2025-02-10 13:36:39,Search Ads,-,Yes,2025-02-10
52142,2025-02-10 08:49:47,Search Ads,Retargeting,Yes,2025-02-10
65026,2025-02-11 07:01:08,Social Media,Retargeting,No,2025-02-11
35598,2025-02-10 22:06:48,Direct Traffic,-,Yes,2025-02-10
62697,2025-02-11 13:19:13,Email,Discount Offer,No,2025-02-11
66008,2025-02-10 05:01:08,Direct Traffic,-,Yes,2025-02-10
67466,2025-02-11 01:20:52,Social Media,Retargeting,Yes,2025-02-11
98843,2025-02-10 01:37:49,Display Ads,-,Yes,2025-02-10
39876,2025-02-11 11:39:37,Direct Traffic,-,Yes,2025-02-11
87081,2025-02-11 22:59:44,Direct Traffic,-,Yes,2025-02-11
15241,2025-02-11 10:21:14,Display Ads,-,No,2025-02-11
11790,2025-02-11 17:00:35,Referral,Brand Awareness,No,2025-02-11
60755,2025-02-11 20:22:04,Referral,Brand Awareness,Yes,2025-02-11
60571,2025-02-10 19:38:21,Search Ads,Discount Offer,No,2025-02-10
33382,2025-02-11 11:05:23,Display Ads,Discount Offer,No,2025-02-11
96015,2025-02-11 15:31:41,Direct Traffic,-,Yes,2025-02-11
32883,2025-02-11 11:44:30,Social Media,Discount Offer,No,2025-02-11
52553,2025-02-10 11:34:19,Social Media,New Product Launch,Yes,2025-02-10
88293,2025-02-10 21:25:41,Social Media,Brand Awareness,No,2025-02-10
63990,2025-02-10 16:21:25,Direct Traffic,-,Yes,2025-02-10
88094,2025-02-11 03:55:37,Display Ads,Brand Awareness,Yes,2025-02-11
88142,2025-02-10 13:06:40,Referral,Retargeting,Yes,2025-02-10
15578,2025-02-11 01:08:59,Search Ads,Brand Awareness,No,2025-02-11
73999,2025-02-11 08:20:04,Email,-,No,2025-02-11
90712,2025-02-10 04:57:32,Referral,Brand Awareness,No,2025-02-10
68849,2025-02-10 05:51:47,Display Ads,Retargeting,No,2025-02-10
75302,2025-02-11 15:45:59,Referral,-,Yes,2025-02-11
58703,2025-02-11 01:00:34,Search Ads,Retargeting,No,2025-02-11
53151,2025-02-11 02:13:39,Search Ads,New Product Launch,No,2025-02-11
83947,2025-02-10 11:42:36,Display Ads,New Product Launch,Yes,2025-02-10
86715,2025-02-10 22:43:36,Referral,Discount Offer,Yes,2025-02-10
36676,2025-02-10 01:03:12,Search Ads,-,Yes,2025-02-10
84492,2025-02-10 18:40:56,Search Ads,-,No,2025-02-10
93474,2025-02-11 14:48:29,Social Media,-,Yes,2025-02-11
45058,2025-02-11 01:30:35,Email,New Product Launch,No,2025-02-11
91390,2025-02-11 11:29:45,Search Ads,Discount Offer,No,2025-02-11
80575,2025-02-11 08:42:03,Direct Traffic,-,Yes,2025-02-11
82708,2025-02-10 04:00:11,Email,Brand Awareness,No,2025-02-10
90090,2025-02-11 13:24:40,Direct Traffic,-,No,2025-02-11
84567,2025-02-10 02:53:01,Display Ads,Retargeting,Yes,2025-02-10
56072,2025-02-10 23:50:00,Search Ads,-,Yes,2025-02-10
19644,2025-02-11 00:04:05,Social Media,New Product Launch,No,2025-02-11
83481,2025-02-10 18:56:35,Display Ads,Winter Sale,Yes,2025-02-10
10654,2025-02-10 08:53:24,Email,-,Yes,2025-02-10
61983,2025-02-11 14:41:18,Referral,Retargeting,Yes,2025-02-11
51057,2025-02-10 23:30:39,Direct Traffic,-,No,2025-02-10
85459,2025-02-10 13:37:51,Social Media,Winter Sale,No,2025-02-10
24221,2025-02-11 19:52:37,Email,Winter Sale,Yes,2025-02-11
45564,2025-02-11 02:17:58,Email,Discount Offer,Yes,2025-02-11
62212,2025-02-11 23:29:24,Display Ads,New Product Launch,Yes,2025-02-11
79823,2025-02-10 11:40:09,Email,-,Yes,2025-02-10
54741,2025-02-11 01:18:21,Search Ads,Winter Sale,Yes,2025-02-11
60798,2025-02-11 08:39:49,Social Media,Discount Offer,No,2025-02-11
95298,2025-02-10 04:04:52,Display Ads,Discount Offer,No,2025-02-10
38286,2025-02-11 01:14:12,Email,Retargeting,Yes,2025-02-11
78752,2025-02-11 09:47:32,Social Media,Discount Offer,Yes,2025-02-11
25254,2025-02-11 08:45:24,Social Media,Brand Awareness,Yes,2025-02-11
27463,2025-02-10 20:53:52,Social Media,Retargeting,No,2025-02-10
82044,2025-02-10 11:48:29,Referral,New Product Launch,Yes,2025-02-10
87642,2025-02-10 13:37:26,Direct Traffic,-,Yes,2025-02-10
83489,2025-02-10 06:55:49,Search Ads,Discount Offer,No,2025-02-10
24741,2025-02-10 03:48:29,Search Ads,New Product Launch,Yes,2025-02-10
16337,2025-02-10 15:32:29,Referral,New Product Launch,No,2025-02-10
72929,2025-02-11 04:57:52,Social Media,Discount Offer,No,2025-02-11
82166,2025-02-11 12:55:03,Referral,Winter Sale,Yes,2025-02-11
35661,2025-02-10 16:20:25,Direct Traffic,-,No,2025-02-10
54766,2025-02-11 20:02:12,Social Media,Retargeting,No,2025-02-11
47511,2025-02-10 16:15:18,Display Ads,Winter Sale,No,2025-02-10
82667,2025-02-11 11:10:39,Display Ads,Brand Awareness,Yes,2025-02-11
11686,2025-02-11 21:41:43,Search Ads,Retargeting,Yes,2025-02-11
23781,2025-02-11 21:44:08,Referral,Retargeting,Yes,2025-02-11
66881,2025-02-11 08:31:47,Referral,-,Yes,2025-02-11
66008,2025-02-10 23:59:41,Email,Winter Sale,No,2025-02-10
84693,2025-02-11 05:21:35,Referral,New Product Launch,Yes,2025-02-11
21177,2025-02-10 16:41:48,Direct Traffic,-,No,2025-02-10
51578,2025-02-11 18:04:37,Search Ads,-,No,2025-02-11
46924,2025-02-11 10:06:13,Social Media,-,No,2025-02-11
86889,2025-02-11 20:21:28,Email,Winter Sale,No,2025-02-11
91449,2025-02-10 22:13:02,Email,Discount Offer,Yes,2025-02-10
66454,2025-02-10 18:50:14,Referral,Brand Awareness,No,2025-02-10
74300,2025-02-10 05:31:48,Search Ads,Retargeting,Yes,2025-02-10
17278,2025-02-11 10:39:16,Direct Traffic,-,Yes,2025-02-11
27774,2025-02-11 14:04:39,Search Ads,Winter Sale,Yes,2025-02-11
92043,2025-02-11 19:13:00,Referral,Winter Sale,No,2025-02-11
61650,2025-02-11 17:50:52,Search Ads,Brand Awareness,Yes,2025-02-11
20853,2025-02-10 00:37:46,Search Ads,Discount Offer,Yes,2025-02-10
42285,2025-02-11 23:28:01,Direct Traffic,-,No,2025-02-11
74272,2025-02-10 23:47:19,Direct Traffic,-,Yes,2025-02-10
76040,2025-02-10 20:54:43,Direct Traffic,-,Yes,2025-02-10
98418,2025-02-11 15:57:09,Display Ads,Winter Sale,Yes,2025-02-11
98133,2025-02-11 09:11:31,Social Media,Discount Offer,No,2025-02-11
72892,2025-02-11 01:37:39,Search Ads,-,No,2025-02-11
40090,2025-02-11 10:48:26,Social Media,-,No,2025-02-11
18995,2025-02-11 05:30:40,Search Ads,Discount Offer,No,2025-02-11
99481,2025-02-10 08:37:42,Search Ads,Retargeting,No,2025-02-10
59787,2025-02-10 22:44:03,Display Ads,Retargeting,Yes,2025-02-10
69090,2025-02-11 14:18:42,Direct Traffic,-,Yes,2025-02-11
30429,2025-02-10 21:54:15,Direct Traffic,-,Yes,2025-02-10
51057,2025-02-10 03:32:22,Referral,Winter Sale,Yes,2025-02-10
19364,2025-02-11 06:31:57,Direct Traffic,-,No,2025-02-11
73457,2025-02-11 20:50:08,Referral,Brand Awareness,No,2025-02-11
78083,2025-02-11 13:09:00,Search Ads,Winter Sale,No,2025-02-11
50926,2025-02-10 21:19:56,Email,Discount Offer,No,2025-02-10
61358,2025-02-10 19:01:47,Display Ads,New Product Launch,Yes,2025-02-10
63192,2025-02-11 11:28:02,Email,-,No,2025-02-11
71259,2025-02-11 02:42:20,Direct Traffic,-,Yes,2025-02-11
25790,2025-02-11 15:03:43,Social Media,New Product Launch,No,2025-02-11
22755,2025-02-11 09:27:13,Display Ads,-,No,2025-02-11
95745,2025-02-11 12:07:47,Email,-,No,2025-02-11
24161,2025-02-10 08:05:39,Direct Traffic,-,No,2025-02-10
85576,2025-02-11 12:23:39,Direct Traffic,-,No,2025-02-11
18582,2025-02-11 07:34:36,Direct Traffic,-,No,2025-02-11
73945,2025-02-11 13:10:08,Search Ads,New Product Launch,Yes,2025-02-11
61770,2025-02-11 11:31:42,Referral,Winter Sale,Yes,2025-02-11
51785,2025-02-10 09:54:10,Display Ads,Discount Offer,No,2025-02-10
35230,2025-02-10 13:18:52,Search Ads,Retargeting,No,2025-02-10
31133,2025-02-11 08:44:56,Direct Traffic,-,Yes,2025-02-11
17619,2025-02-10 20:48:01,Direct Traffic,-,Yes,2025-02-10
39628,2025-02-10 16:21:12,Social Media,Brand Awareness,Yes,2025-02-10
56452,2025-02-11 18:00:45,Referral,Retargeting,No,2025-02-11
99995,2025-02-11 16:38:16,Search Ads,Brand Awareness,No,2025-02-11
73814,2025-02-10 11:24:29,Direct Traffic,-,Yes,2025-02-10
65473,2025-02-11 04:36:08,Display Ads,Retargeting,No,2025-02-11
76514,2025-02-11 19:45:20,Search Ads,New Product Launch,Yes,2025-02-11
75865,2025-02-10 19:33:47,Referral,Discount Offer,No,2025-02-10
14080,2025-02-10 10:55:38,Direct Traffic,-,Yes,2025-02-10
83962,2025-02-10 06:40:15,Search Ads,-,No,2025-02-10
50366,2025-02-10 22:54:03,Email,Brand Awareness,No,2025-02-10
90632,2025-02-11 13:17:34,Direct Traffic,-,No,2025-02-11
55427,2025-02-10 00:48:51,Email,Brand Awareness,Yes,2025-02-10
57564,2025-02-11 08:41:53,Direct Traffic,-,Yes,2025-02-11
79163,2025-02-11 14:17:23,Display Ads,Brand Awareness,Yes,2025-02-11
60852,2025-02-11 03:54:32,Email,New Product Launch,Yes,2025-02-11
86774,2025-02-10 13:04:09,Referral,New Product Launch,Yes,2025-02-10
28265,2025-02-10 13:06:41,Social Media,Brand Awareness,Yes,2025-02-10
78945,2025-02-11 11:40:39,Social Media,New Product Launch,No,2025-02-11
56912,2025-02-11 22:07:53,Direct Traffic,-,Yes,2025-02-11
31278,2025-02-10 07:30:48,Social Media,Retargeting,Yes,2025-02-10
74272,2025-02-10 23:55:54,Direct Traffic,-,Yes,2025-02-10
32562,2025-02-11 09:45:12,Social Media,Winter Sale,No,2025-02-11
70948,2025-02-11 17:16:43,Display Ads,Discount Offer,No,2025-02-11
16062,2025-02-11 11:06:21,Search Ads,New Product Launch,No,2025-02-11
69942,2025-02-11 06:52:18,Social Media,New Product Launch,Yes,2025-02-11
41964,2025-02-11 10:03:09,Search Ads,Retargeting,Yes,2025-02-11
43531,2025-02-10 10:32:24,Email,New Product Launch,No,2025-02-10
75804,2025-02-11 01:43:40,Display Ads,Brand Awareness,No,2025-02-11
27767,2025-02-11 18:08:05,Social Media,Brand Awareness,No,2025-02-11
11894,2025-02-10 00:40:55,Direct Traffic,-,No,2025-02-10
29709,2025-02-11 23:44:56,Social Media,Discount Offer,No,2025-02-11
81851,2025-02-11 07:14:52,Direct Traffic,-,Yes,2025-02-11
25441,2025-02-10 09:32:22,Display Ads,-,No,2025-02-10
52282,2025-02-11 12:47:08,Direct Traffic,-,Yes,2025-02-11
20300,2025-02-11 07:03:31,Direct Traffic,-,Yes,2025-02-11
64177,2025-02-10 17:02:17,Referral,Winter Sale,Yes,2025-02-10
44295,2025-02-11 18:39:41,Referral,-,No,2025-02-11
38775,2025-02-10 20:25:36,Email,Winter Sale,No,2025-02-10
78945,2025-02-11 04:32:49,Social Media,-,Yes,2025-02-11
32882,2025-02-11 06:09:51,Email,Discount Offer,No,2025-02-11
54044,2025-02-11 07:16:51,Direct Traffic,-,No,2025-02-11
60484,2025-02-11 01:33:08,Referral,-,Yes,2025-02-11
77294,2025-02-11 18:34:58,Direct Traffic,-,Yes,2025-02-11
69602,2025-02-10 20:16:06,Email,Retargeting,Yes,2025-02-10
47735,2025-02-10 08:51:12,Referral,Discount Offer,Yes,2025-02-10
16255,2025-02-11 19:53:59,Email,-,No,2025-02-11
83772,2025-02-10 10:38:33,Referral,Discount Offer,No,2025-02-10
39101,2025-02-11 21:05:26,Display Ads,Brand Awareness,Yes,2025-02-11
66962,2025-02-10 16:57:03,Display Ads,Winter Sale,No,2025-02-10
13090,2025-02-10 02:07:21,Social Media,Brand Awareness,Yes,2025-02-10
62169,2025-02-10 05:00:57,Email,New Product Launch,No,2025-02-10
29395,2025-02-11 21:46:05,Direct Traffic,-,Yes,2025-02-11
69781,2025-02-10 07:23:31,Search Ads,-,No,2025-02-10
71235,2025-02-11 06:36:53,Email,Brand Awareness,Yes,2025-02-11
13184,2025-02-10 17:53:17,Search Ads,Brand Awareness,Yes,2025-02-10
74464,2025-02-10 13:39:23,Direct Traffic,-,No,2025-02-10
30447,2025-02-10 23:34:30,Search Ads,Winter Sale,Yes,2025-02-10
61529,2025-02-11 00:11:18,Direct Traffic,-,Yes,2025-02-11
83962,2025-02-10 13:41:35,Display Ads,Brand Awareness,No,2025-02-10
68891,2025-02-11 10:23:54,Social Media,New Product Launch,No,2025-02-11
91394,2025-02-11 23:00:52,Display Ads,Discount Offer,Yes,2025-02-11
83673,2025-02-11 01:22:09,Email,Winter Sale,No,2025-02-11
90635,2025-02-11 12:36:28,Direct Traffic,-,No,2025-02-11
10426,2025-02-10 04:18:01,Referral,Winter Sale,Yes,2025-02-10
52328,2025-02-11 07:51:31,Referral,New Product Launch,Yes,2025-02-11
48089,2025-02-11 11:28:17,Direct Traffic,-,Yes,2025-02-11
31703,2025-02-10 23:01:20,Direct Traffic,-,No,2025-02-10
39628,2025-02-10 02:44:07,Display Ads,Brand Awareness,Yes,2025-02-10
39321,2025-02-11 10:15:23,Display Ads,Retargeting,No,2025-02-11
75302,2025-02-11 18:54:07,Email,Retargeting,No,2025-02-11
28948,2025-02-11 21:00:07,Direct Traffic,-,No,2025-02-11
78083,2025-02-11 06:15:36,Display Ads,-,Yes,2025-02-11
30155,2025-02-10 03:17:30,Social Media,-,No,2025-02-10
53599,2025-02-10 15:42:19,Search Ads,Brand Awareness,Yes,2025-02-10
54440,2025-02-11 12:18:59,Social Media,-,No,2025-02-11
65743,2025-02-11 06:51:38,Search Ads,Discount Offer,No,2025-02-11
63620,2025-02-10 12:54:13,Email,-,No,2025-02-10
46918,2025-02-10 00:40:51,Email,-,Yes,2025-02-10
59281,2025-02-10 17:54:49,Search Ads,-,No,2025-02-10
57318,2025-02-10 21:20:06,Display Ads,Winter Sale,No,2025-02-10
82064,2025-02-11 05:19:21,Search Ads,New Product Launch,Yes,2025-02-11
39128,2025-02-11 17:45:35,Referral,New Product Launch,Yes,2025-02-11
87606,2025-02-11 13:12:22,Email,Retargeting,Yes,2025-02-11
65708,2025-02-11 09:46:01,Search Ads,Brand Awareness,No,2025-02-11
38173,2025-02-11 23:13:13,Search Ads,-,Yes,2025-02-11
46342,2025-02-10 00:34:14,Direct Traffic,-,No,2025-02-10
51057,2025-02-10 15:44:16,Direct Traffic,-,Yes,2025-02-10
15239,2025-02-10 18:45:28,Search Ads,Discount Offer,Yes,2025-02-10
24215,2025-02-11 21:01:29,Display Ads,-,No,2025-02-11
69838,2025-02-11 08:58:10,Social Media,Discount Offer,No,2025-02-11
62229,2025-02-10 15:46:11,Email,Brand Awareness,No,2025-02-10
34551,2025-02-11 17:00:05,Display Ads,-,No,2025-02-11
74032,2025-02-10 11:35:19,Direct Traffic,-,No,2025-02-10
74738,2025-02-10 17:49:43,Direct Traffic,-,No,2025-02-10
16302,2025-02-11 15:26:27,Search Ads,Discount Offer,Yes,2025-02-11
66986,2025-02-11 22:47:36,Search Ads,Retargeting,Yes,2025-02-11
54395,2025-02-10 04:28:51,Referral,Discount Offer,No,2025-02-10
15277,2025-02-11 23:52:57,Social Media,Winter Sale,Yes,2025-02-11
65514,2025-02-10 06:43:00,Email,Discount Offer,No,2025-02-10
75656,2025-02-10 00:48:00,Referral,New Product Launch,No,2025-02-10
55355,2025-02-10 05:02:45,Display Ads,Retargeting,No,2025-02-10
19180,2025-02-11 16:16:19,Email,Brand Awareness,Yes,2025-02-11
84925,2025-02-10 02:20:38,Email,-,Yes,2025-02-10
73118,2025-02-10 11:13:54,Display Ads,Retargeting,No,2025-02-10
23332,2025-02-10 04:03:09,Direct Traffic,-,No,2025-02-10
33843,2025-02-10 10:53:17,Search Ads,-,Yes,2025-02-10
12797,2025-02-11 00:32:49,Social Media,-,No,2025-02-11
93271,2025-02-11 17:21:21,Display Ads,Discount Offer,No,2025-02-11
17702,2025-02-11 13:50:22,Social Media,Retargeting,Yes,2025-02-11
66664,2025-02-10 17:39:37,Email,Brand Awareness,No,2025-02-10
91341,2025-02-10 05:25:51,Direct Traffic,-,No,2025-02-10
37055,2025-02-10 20:15:48,Social Media,Retargeting,Yes,2025-02-10
72040,2025-02-11 18:56:11,Search Ads,Brand Awareness,No,2025-02-11
75352,2025-02-10 12:29:18,Direct Traffic,-,No,2025-02-10
65473,2025-02-10 21:01:27,Email,Winter Sale,No,2025-02-10
52260,2025-02-11 20:52:38,Email,Winter Sale,No,2025-02-11
61177,2025-02-10 02:46:26,Email,-,Yes,2025-02-10
79969,2025-02-10 14:05:14,Email,New Product Launch,Yes,2025-02-10
53313,2025-02-10 01:48:45,Referral,Discount Offer,No,2025-02-10
77597,2025-02-11 10:05:30,Social Media,New Product Launch,No,2025-02-11
36115,2025-02-10 23:47:03,Referral,Retargeting,Yes,2025-02-10
45750,2025-02-10 12:14:23,Display Ads,New Product Launch,Yes,2025-02-10
17329,2025-02-11 00:36:52,Referral,Winter Sale,Yes,2025-02-11
16004,2025-02-10 21:44:10,Social Media,New Product Launch,No,2025-02-10
50264,2025-02-11 11:50:51,Referral,New Product Launch,Yes,2025-02-11
76328,2025-02-11 06:22:38,Email,Discount Offer,No,2025-02-11
67398,2025-02-11 12:01:00,Display Ads,-,No,2025-02-11
51020,2025-02-11 03:01:41,Social Media,New Product Launch,Yes,2025-02-11
45964,2025-02-10 20:13:25,Social Media,Retargeting,Yes,2025-02-10
99065,2025-02-10 08:11:44,Email,Retargeting,Yes,2025-02-10
85722,2025-02-11 20:09:39,Social Media,-,No,2025-02-11
62101,2025-02-11 10:50:39,Direct Traffic,-,Yes,2025-02-11
65726,2025-02-10 09:17:33,Search Ads,New Product Launch,No,2025-02-10
31210,2025-02-10 18:38:46,Direct Traffic,-,No,2025-02-10
31868,2025-02-10 00:07:38,Direct Traffic,-,No,2025-02-10
66042,2025-02-10 03:33:40,Direct Traffic,-,Yes,2025-02-10
25959,2025-02-11 09:50:02,Social Media,Brand Awareness,No,2025-02-11
92646,2025-02-11 19:53:18,Social Media,Retargeting,No,2025-02-11
28246,2025-02-10 16:46:26,Direct Traffic,-,Yes,2025-02-10
65922,2025-02-11 01:42:04,Search Ads,Brand Awareness,No,2025-02-11
13191,2025-02-10 08:11:48,Display Ads,Winter Sale,Yes,2025-02-10
63323,2025-02-10 13:36:09,Display Ads,-,No,2025-02-10
78514,2025-02-10 18:43:49,Display Ads,New Product Launch,Yes,2025-02-10
79863,2025-02-10 08:42:50,Social Media,New Product Launch,No,2025-02-10
48867,2025-02-10 15:54:38,Direct Traffic,-,Yes,2025-02-10
17761,2025-02-10 11:58:16,Referral,-,No,2025-02-10
12663,2025-02-11 08:38:56,Referral,Discount Offer,Yes,2025-02-11
19097,2025-02-11 11:08:38,Email,-,No,2025-02-11
79634,2025-02-10 00:59:43,Display Ads,Discount Offer,Yes,2025-02-10
41964,2025-02-11 06:12:03,Direct Traffic,-,Yes,2025-02-11
57949,2025-02-11 23:20:16,Search Ads,New Product Launch,Yes,2025-02-11
34693,2025-02-10 12:33:21,Social Media,New Product Launch,Yes,2025-02-10
31340,2025-02-11 05:08:14,Email,Brand Awareness,No,2025-02-11
35756,2025-02-10 15:50:07,Search Ads,-,Yes,2025-02-10
68657,2025-02-10 03:05:05,Direct Traffic,-,Yes,2025-02-10
60684,2025-02-11 17:26:20,Display Ads,Winter Sale,Yes,2025-02-11
47236,2025-02-11 19:13:34,Direct Traffic,-,No,2025-02-11
59251,2025-02-10 09:35:01,Email,New Product Launch,No,2025-02-10
86856,2025-02-10 00:06:03,Referral,Discount Offer,Yes,2025-02-10
30380,2025-02-11 13:25:07,Search Ads,New Product Launch,No,2025-02-11
25170,2025-02-10 07:55:53,Social Media,Winter Sale,Yes,2025-02-10
39364,2025-02-11 04:03:59,Referral,Discount Offer,No,2025-02-11
81103,2025-02-11 02:04:56,Referral,New Product Launch,No,2025-02-11
29149,2025-02-10 13:45:49,Direct Traffic,-,Yes,2025-02-10
47740,2025-02-10 09:18:27,Direct Traffic,-,No,2025-02-10
25468,2025-02-10 10:47:30,Email,Winter Sale,No,2025-02-10
93942,2025-02-11 10:02:02,Email,Brand Awareness,No,2025-02-11
28912,2025-02-11 23:33:01,Social Media,Discount Offer,Yes,2025-02-11
14080,2025-02-10 06:10:34,Search Ads,-,Yes,2025-02-10
26601,2025-02-11 04:16:58,Referral,-,No,2025-02-11
77310,2025-02-10 00:08:16,Display Ads,Winter Sale,No,2025-02-10
72379,2025-02-11 11:28:25,Social Media,Discount Offer,Yes,2025-02-11
12397,2025-02-11 19:59:51,Direct Traffic,-,No,2025-02-11
95870,2025-02-11 04:46:31,Referral,Brand Awareness,Yes,2025-02-11
11835,2025-02-11 23:11:26,Social Media,Discount Offer,No,2025-02-11
59927,2025-02-10 20:09:10,Display Ads,Retargeting,Yes,2025-02-10
54741,2025-02-11 08:12:53,Referral,-,No,2025-02-11
73105,2025-02-11 18:15:33,Referral,Discount Offer,No,2025-02-11
61983,2025-02-11 23:41:07,Search Ads,Brand Awareness,Yes,2025-02-11
97335,2025-02-10 23:23:57,Search Ads,Retargeting,Yes,2025-02-10
32160,2025-02-10 18:25:15,Email,New Product Launch,No,2025-02-10
48990,2025-02-11 10:35:17,Social Media,Retargeting,Yes,2025-02-11
22516,2025-02-11 12:41:45,Direct Traffic,-,No,2025-02-11
13775,2025-02-10 08:58:43,Search Ads,Retargeting,Yes,2025-02-10
49647,2025-02-11 10:52:48,Email,-,Yes,2025-02-11
52553,2025-02-10 10:05:46,Display Ads,New Product Launch,Yes,2025-02-10
30299,2025-02-10 12:54:15,Social Media,Discount Offer,Yes,2025-02-10
16814,2025-02-10 03:37:46,Email,Winter Sale,Yes,2025-02-10
30582,2025-02-11 01:41:56,Social Media,New Product Launch,No,2025-02-11
78381,2025-02-10 13:17:15,Social Media,New Product Launch,Yes,2025-02-10
91157,2025-02-11 02:35:17,Email,New Product Launch,Yes,2025-02-11
40350,2025-02-11 13:16:39,Search Ads,Retargeting,No,2025-02-11
40133,2025-02-10 09:24:33,Social Media,New Product Launch,No,2025-02-10
17168,2025-02-11 01:00:05,Email,Retargeting,Yes,2025-02-11
69737,2025-02-11 12:55:05,Direct Traffic,-,No,2025-02-11
13687,2025-02-10 21:12:34,Direct Traffic,-,No,2025-02-10
79181,2025-02-11 14:48:39,Referral,Winter Sale,No,2025-02-11
65233,2025-02-10 06:13:53,Direct Traffic,-,Yes,2025-02-10
61878,2025-02-10 18:23:08,Email,Brand Awareness,Yes,2025-02-10
63072,2025-02-10 22:55:11,Social Media,Brand Awareness,No,2025-02-10
87375,2025-02-11 07:09:34,Direct Traffic,-,No,2025-02-11
27437,2025-02-10 16:06:13,Referral,New Product Launch,No,2025-02-10
36179,2025-02-10 14:59:38,Direct Traffic,-,Yes,2025-02-10
96015,2025-02-10 19:19:42,Display Ads,Brand Awareness,No,2025-02-10
57389,2025-02-10 18:25:33,Display Ads,Discount Offer,No,2025-02-10
13035,2025-02-11 03:58:24,Referral,Winter Sale,No,2025-02-11
30842,2025-02-10 19:00:19,Email,New Product Launch,Yes,2025-02-10
59730,2025-02-10 19:24:40,Social Media,-,No,2025-02-10
87939,2025-02-11 04:52:16,Email,-,Yes,2025-02-11
97201,2025-02-10 11:47:20,Referral,Retargeting,No,2025-02-10
84828,2025-02-11 14:43:21,Search Ads,New Product Launch,Yes,2025-02-11
59840,2025-02-10 09:50:27,Display Ads,Winter Sale,Yes,2025-02-10
31889,2025-02-10 21:15:36,Email,Winter Sale,No,2025-02-10
43065,2025-02-11 14:35:26,Direct Traffic,-,No,2025-02-11
49243,2025-02-10 16:41:20,Display Ads,Discount Offer,Yes,2025-02-10
37121,2025-02-11 04:32:26,Search Ads,Winter Sale,Yes,2025-02-11
28721,2025-02-11 12:18:42,Social Media,Winter Sale,No,2025-02-11
43361,2025-02-11 13:22:56,Search Ads,Discount Offer,Yes,2025-02-11
19400,2025-02-10 06:44:36,Email,Brand Awareness,Yes,2025-02-10
34653,2025-02-10 07:07:37,Search Ads,Retargeting,No,2025-02-10
83578,2025-02-11 13:29:33,Social Media,Discount Offer,Yes,2025-02-11
15555,2025-02-11 05:39:50,Social Media,New Product Launch,Yes,2025-02-11
25952,2025-02-11 21:29:16,Display Ads,New Product Launch,Yes,2025-02-11
98687,2025-02-10 18:45:25,Search Ads,Retargeting,No,2025-02-10
41312,2025-02-11 12:39:52,Referral,Retargeting,Yes,2025-02-11
48404,2025-02-11 03:34:22,Search Ads,Discount Offer,No,2025-02-11
78183,2025-02-10 08:51:03,Search Ads,-,Yes,2025-02-10
19754,2025-02-10 03:42:31,Display Ads,New Product Launch,No,2025-02-10
88859,2025-02-11 05:04:46,Referral,-,Yes,2025-02-11
55446,2025-02-11 02:30:21,Referral,Winter Sale,No,2025-02-11
57793,2025-02-11 18:11:40,Referral,Winter Sale,Yes,2025-02-11
41641,2025-02-11 18:31:14,Referral,Winter Sale,No,2025-02-11
41422,2025-02-10 02:11:44,Display Ads,Retargeting,Yes,2025-02-10
80769,2025-02-10 23:32:07,Direct Traffic,-,Yes,2025-02-10
55980,2025-02-11 00:03:53,Direct Traffic,-,Yes,2025-02-11
55820,2025-02-10 11:43:01,Email,New Product Launch,Yes,2025-02-10
77908,2025-02-10 02:15:47,Direct Traffic,-,Yes,2025-02-10
30607,2025-02-11 00:02:49,Email,Retargeting,No,2025-02-11
71292,2025-02-10 18:50:35,Search Ads,-,Yes,2025-02-10
90751,2025-02-11 00:20:15,Direct Traffic,-,Yes,2025-02-11
48639,2025-02-11 10:02:34,Referral,New Product Launch,Yes,2025-02-11
29114,2025-02-10 16:25:38,Referral,-,No,2025-02-10
14476,2025-02-11 19:41:47,Display Ads,Winter Sale,Yes,2025-02-11
80046,2025-02-11 08:59:25,Social Media,Retargeting,No,2025-02-11
42360,2025-02-11 14:42:23,Social Media,Winter Sale,Yes,2025-02-11
35619,2025-02-11 03:33:30,Social Media,Retargeting,No,2025-02-11
34087,2025-02-10 20:29:46,Direct Traffic,-,Yes,2025-02-10
82783,2025-02-10 19:37:36,Social Media,Retargeting,No,2025-02-10
95665,2025-02-10 09:29:10,Email,-,Yes,2025-02-10
75328,2025-02-10 22:32:38,Search Ads,New Product Launch,Yes,2025-02-10
11284,2025-02-11 08:40:50,Social Media,-,No,2025-02-11
47174,2025-02-10 22:08:19,Email,Winter Sale,No,2025-02-10
34263,2025-02-11 06:25:28,Display Ads,Brand Awareness,No,2025-02-11
19328,2025-02-10 04:35:27,Direct Traffic,-,Yes,2025-02-10
55079,2025-02-11 13:23:56,Referral,Retargeting,No,2025-02-11
65026,2025-02-11 09:14:16,Social Media,New Product Launch,Yes,2025-02-11
77294,2025-02-11 05:35:48,Social Media,New Product Launch,Yes,2025-02-11
55035,2025-02-11 02:39:22,Email,Retargeting,Yes,2025-02-11
26537,2025-02-10 00:11:30,Social Media,New Product Launch,No,2025-02-10
83991,2025-02-11 06:55:17,Email,-,Yes,2025-02-11
90184,2025-02-10 14:26:40,Referral,Brand Awareness,Yes,2025-02-10
59611,2025-02-11 17:26:28,Email,New Product Launch,No,2025-02-11
96015,2025-02-11 03:10:44,Direct Traffic,-,No,2025-02-11
32120,2025-02-11 02:51:12,Email,-,No,2025-02-11
83355,2025-02-10 07:52:35,Email,New Product Launch,No,2025-02-10
99748,2025-02-10 07:11:07,Search Ads,Discount Offer,Yes,2025-02-10
55446,2025-02-10 11:17:01,Direct Traffic,-,Yes,2025-02-10
71292,2025-02-11 21:56:29,Social Media,Brand Awareness,Yes,2025-02-11
43065,2025-02-10 05:45:25,Display Ads,Winter Sale,No,2025-02-10
91341,2025-02-11 22:17:13,Direct Traffic,-,No,2025-02-11
24025,2025-02-11 23:36:48,Display Ads,Discount Offer,Yes,2025-02-11
30446,2025-02-10 19:35:16,Social Media,Retargeting,Yes,2025-02-10
87967,2025-02-11 22:12:58,Email,Winter Sale,Yes,2025-02-11
89677,2025-02-11 16:14:00,Direct Traffic,-,Yes,2025-02-11
42824,2025-02-10 15:27:01,Display Ads,Winter Sale,Yes,2025-02-10
85419,2025-02-11 22:24:31,Direct Traffic,-,Yes,2025-02-11
64956,2025-02-11 09:16:52,Social Media,New Product Launch,No,2025-02-11
98520,2025-02-10 14:58:51,Email,-,Yes,2025-02-10
89685,2025-02-11 06:53:47,Search Ads,Winter Sale,No,2025-02-11
34087,2025-02-10 14:48:52,Social Media,Winter Sale,Yes,2025-02-10
81470,2025-02-11 20:59:00,Referral,Discount Offer,No,2025-02-11
57627,2025-02-11 15:54:24,Search Ads,Retargeting,Yes,2025-02-11
59319,2025-02-10 18:13:01,Search Ads,Brand Awareness,No,2025-02-10
81952,2025-02-11 20:41:00,Social Media,New Product Launch,No,2025-02-11
66060,2025-02-10 23:14:28,Search Ads,Brand Awareness,Yes,2025-02-10
79307,2025-02-11 05:37:48,Email,Discount Offer,No,2025-02-11
22923,2025-02-10 01:27:02,Search Ads,-,Yes,2025-02-10
52282,2025-02-10 04:45:42,Social Media,Winter Sale,Yes,2025-02-10
10341,2025-02-10 21:08:00,Display Ads,-,Yes,2025-02-10
36918,2025-02-10 00:50:44,Referral,Retargeting,Yes,2025-02-10
36375,2025-02-11 20:42:27,Email,New Product Launch,Yes,2025-02-11
26754,2025-02-10 06:06:04,Display Ads,New Product Launch,Yes,2025-02-10
63367,2025-02-10 14:12:59,Referral,-,Yes,2025-02-10
59188,2025-02-11 15:43:19,Display Ads,Discount Offer,No,2025-02-11
27944,2025-02-10 14:09:18,Display Ads,-,Yes,2025-02-10
80602,2025-02-11 17:35:19,Direct Traffic,-,No,2025-02-11
23482,2025-02-11 14:59:12,Direct Traffic,-,Yes,2025-02-11
62875,2025-02-11 09:32:11,Referral,Discount Offer,No,2025-02-11
44535,2025-02-10 12:04:26,Email,Retargeting,No,2025-02-10
38485,2025-02-10 01:50:08,Display Ads,Brand Awareness,No,2025-02-10
46988,2025-02-11 19:32:25,Email,Discount Offer,Yes,2025-02-11
67253,2025-02-10 05:59:01,Social Media,Winter Sale,No,2025-02-10
14386,2025-02-10 11:10:31,Direct Traffic,-,No,2025-02-10
70719,2025-02-10 04:39:34,Social Media,-,Yes,2025-02-10
63471,2025-02-11 19:25:21,Referral,Retargeting,No,2025-02-11
74032,2025-02-11 05:36:06,Direct Traffic,-,No,2025-02-11
51813,2025-02-10 18:01:03,Email,Discount Offer,Yes,2025-02-10
76806,2025-02-11 00:29:52,Display Ads,Retargeting,No,2025-02-11
18981,2025-02-11 14:30:47,Social Media,Brand Awareness,Yes,2025-02-11
58546,2025-02-10 03:37:29,Social Media,-,No,2025-02-10
17133,2025-02-10 04:48:11,Social Media,Retargeting,No,2025-02-10
94253,2025-02-11 01:04:27,Referral,Retargeting,No,2025-02-11
39056,2025-02-10 20:25:26,Direct Traffic,-,Yes,2025-02-10
55745,2025-02-11 09:02:15,Display Ads,Retargeting,No,2025-02-11
84325,2025-02-10 18:00:05,Social Media,Winter Sale,Yes,2025-02-10
44752,2025-02-11 00:22:20,Referral,New Product Launch,No,2025-02-11
44062,2025-02-10 04:17:04,Social Media,-,Yes,2025-02-10
88515,2025-02-11 07:11:31,Display Ads,Brand Awareness,No,2025-02-11
83286,2025-02-10 17:55:28,Search Ads,Brand Awareness,Yes,2025-02-10
37722,2025-02-11 17:15:43,Referral,Brand Awareness,Yes,2025-02-11
79131,2025-02-11 13:00:20,Social Media,Winter Sale,No,2025-02-11
90322,2025-02-10 22:41:22,Referral,New Product Launch,No,2025-02-10
60881,2025-02-10 22:35:16,Search Ads,Winter Sale,Yes,2025-02-10
70773,2025-02-11 01:22:22,Direct Traffic,-,Yes,2025-02-11
36135,2025-02-11 00:31:28,Email,New Product Launch,Yes,2025-02-11
30820,2025-02-10 23:00:09,Social Media,Discount Offer,No,2025-02-10
75637,2025-02-10 13:26:17,Display Ads,New Product Launch,No,2025-02-10
38252,2025-02-10 07:40:56,Email,Retargeting,No,2025-02-10
47339,2025-02-10 08:29:01,Display Ads,Winter Sale,Yes,2025-02-10
97087,2025-02-11 03:00:20,Email,New Product Launch,Yes,2025-02-11
14398,2025-02-10 04:31:15,Direct Traffic,-,No,2025-02-10
33255,2025-02-11 06:15:14,Direct Traffic,-,No,2025-02-11
61905,2025-02-11 10:56:17,Referral,Discount Offer,No,2025-02-11
74686,2025-02-11 00:46:53,Email,Retargeting,Yes,2025-02-11
89412,2025-02-11 18:34:21,Search Ads,Discount Offer,No,2025-02-11
45148,2025-02-10 07:17:42,Display Ads,New Product Launch,No,2025-02-10
63620,2025-02-10 06:46:21,Direct Traffic,-,Yes,2025-02-10
23958,2025-02-11 14:57:31,Referral,-,Yes,2025-02-11
73141,2025-02-10 08:14:16,Direct Traffic,-,No,2025-02-10
46667,2025-02-10 07:49:35,Search Ads,Retargeting,No,2025-02-10
78831,2025-02-10 21:34:06,Social Media,New Product Launch,No,2025-02-10
82125,2025-02-10 10:30:49,Direct Traffic,-,Yes,2025-02-10
38457,2025-02-11 03:04:12,Referral,Brand Awareness,Yes,2025-02-11
78830,2025-02-11 13:27:40,Display Ads,Winter Sale,Yes,2025-02-11
16893,2025-02-11 22:33:43,Social Media,Discount Offer,Yes,2025-02-11
44397,2025-02-11 20:06:51,Search Ads,Winter Sale,Yes,2025-02-11
88938,2025-02-10 12:16:31,Referral,Brand Awareness,No,2025-02-10
32402,2025-02-10 07:07:59,Direct Traffic,-,No,2025-02-10
26291,2025-02-11 14:48:38,Direct Traffic,-,No,2025-02-11
61578,2025-02-11 02:15:27,Email,New Product Launch,No,2025-02-11
27347,2025-02-10 19:26:35,Social Media,Winter Sale,Yes,2025-02-10
42285,2025-02-11 15:30:25,Display Ads,Brand Awareness,No,2025-02-11
30443,2025-02-11 07:29:41,Search Ads,Discount Offer,No,2025-02-11
28985,2025-02-10 13:40:21,Direct Traffic,-,Yes,2025-02-10
83153,2025-02-11 16:10:59,Referral,Brand Awareness,No,2025-02-11
64037,2025-02-10 06:35:28,Email,Retargeting,Yes,2025-02-10
46768,2025-02-11 13:13:23,Search Ads,New Product Launch,Yes,2025-02-11
57372,2025-02-11 12:51:47,Search Ads,New Product Launch,No,2025-02-11
17863,2025-02-11 22:29:50,Direct Traffic,-,No,2025-02-11
56219,2025-02-10 17:07:37,Direct Traffic,-,Yes,2025-02-10
16248,2025-02-11 11:07:33,Direct Traffic,-,Yes,2025-02-11
98738,2025-02-10 09:35:11,Search Ads,-,No,2025-02-10
35324,2025-02-11 08:54:11,Social Media,Brand Awareness,Yes,2025-02-11
66115,2025-02-11 03:26:04,Direct Traffic,-,No,2025-02-11
31200,2025-02-10 04:47:32,Referral,-,Yes,2025-02-10
35873,2025-02-11 17:13:34,Direct Traffic,-,Yes,2025-02-11
52335,2025-02-11 06:40:35,Referral,Brand Awareness,Yes,2025-02-11
69460,2025-02-11 08:40:53,Email,Discount Offer,Yes,2025-02-11
68071,2025-02-11 21:44:20,Display Ads,-,No,2025-02-11
59033,2025-02-11 05:20:56,Direct Traffic,-,No,2025-02-11
15082,2025-02-11 15:50:25,Referral,New Product Launch,Yes,2025-02-11
92334,2025-02-10 17:47:26,Display Ads,Discount Offer,Yes,2025-02-10
61985,2025-02-11 09:13:04,Search Ads,Discount Offer,No,2025-02-11
19262,2025-02-10 10:44:27,Referral,-,No,2025-02-10
88728,2025-02-11 14:51:24,Email,Retargeting,No,2025-02-11
23497,2025-02-11 09:21:46,Direct Traffic,-,No,2025-02-11
28912,2025-02-10 11:48:02,Referral,New Product Launch,No,2025-02-10
58258,2025-02-10 17:18:44,Social Media,Retargeting,Yes,2025-02-10
23216,2025-02-11 03:14:10,Referral,Retargeting,Yes,2025-02-11
56855,2025-02-10 07:25:20,Display Ads,-,No,2025-02-10
34372,2025-02-11 20:02:21,Direct Traffic,-,Yes,2025-02-11
75352,2025-02-11 15:39:38,Referral,Discount Offer,No,2025-02-11
77230,2025-02-11 16:29:24,Direct Traffic,-,Yes,2025-02-11
90359,2025-02-10 08:26:58,Display Ads,-,No,2025-02-10
25362,2025-02-11 17:14:26,Direct Traffic,-,Yes,2025-02-11
83785,2025-02-11 08:14:00,Referral,New Product Launch,Yes,2025-02-11
36947,2025-02-11 02:52:08,Email,Winter Sale,No,2025-02-11
39351,2025-02-10 05:55:47,Referral,New Product Launch,Yes,2025-02-10
11416,2025-02-11 14:49:10,Email,Winter Sale,Yes,2025-02-11
89467,2025-02-11 20:39:50,Display Ads,Discount Offer,No,2025-02-11
57943,2025-02-10 03:21:13,Direct Traffic,-,Yes,2025-02-10
30521,2025-02-11 12:25:21,Email,Retargeting,No,2025-02-11
89239,2025-02-11 09:49:45,Search Ads,-,Yes,2025-02-11
64703,2025-02-10 03:54:35,Search Ads,Brand Awareness,Yes,2025-02-10
86042,2025-02-11 10:47:10,Display Ads,New Product Launch,No,2025-02-11
70502,2025-02-10 21:23:57,Email,Discount Offer,Yes,2025-02-10
76240,2025-02-10 05:45:46,Display Ads,Discount Offer,No,2025-02-10
33345,2025-02-10 18:11:53,Display Ads,Brand Awareness,Yes,2025-02-10
27814,2025-02-11 15:20:52,Social Media,-,Yes,2025-02-11
11780,2025-02-10 17:29:48,Referral,-,No,2025-02-10
24239,2025-02-11 19:44:36,Search Ads,Winter Sale,No,2025-02-11
78262,2025-02-11 18:45:37,Direct Traffic,-,No,2025-02-11
26097,2025-02-10 12:19:36,Social Media,Discount Offer,Yes,2025-02-10
94028,2025-02-10 01:25:54,Display Ads,Retargeting,No,2025-02-10
88258,2025-02-10 04:29:16,Search Ads,New Product Launch,No,2025-02-10
35664,2025-02-10 06:41:26,Direct Traffic,-,Yes,2025-02-10
24568,2025-02-10 18:00:26,Email,Retargeting,Yes,2025-02-10
96688,2025-02-10 14:03:02,Direct Traffic,-,No,2025-02-10
79883,2025-02-10 09:22:51,Referral,Winter Sale,Yes,2025-02-10
68381,2025-02-10 18:09:51,Direct Traffic,-,Yes,2025-02-10
30675,2025-02-11 17:23:06,Social Media,Retargeting,Yes,2025-02-11
33999,2025-02-10 17:20:21,Direct Traffic,-,Yes,2025-02-10
67935,2025-02-10 12:52:29,Referral,Discount Offer,No,2025-02-10
21690,2025-02-10 20:25:04,Email,Brand Awareness,No,2025-02-10
41969,2025-02-10 00:32:00,Social Media,-,No,2025-02-10
47060,2025-02-10 09:34:15,Referral,Brand Awareness,Yes,2025-02-10
36377,2025-02-11 08:32:37,Referral,-,Yes,2025-02-11
23331,2025-02-10 04:45:05,Search Ads,Brand Awareness,No,2025-02-10
89901,2025-02-10 02:29:09,Referral,New Product Launch,No,2025-02-10
29238,2025-02-10 10:23:40,Search Ads,Winter Sale,No,2025-02-10
20916,2025-02-10 16:22:57,Social Media,Discount Offer,No,2025-02-10
46918,2025-02-10 04:24:45,Email,Retargeting,Yes,2025-02-10
26648,2025-02-11 04:25:17,Display Ads,Brand Awareness,Yes,2025-02-11
49847,2025-02-10 01:25:35,Social Media,Brand Awareness,Yes,2025-02-10
35837,2025-02-10 16:50:17,Referral,Winter Sale,Yes,2025-02-10
12509,2025-02-11 19:28:53,Email,Discount Offer,Yes,2025-02-11
87245,2025-02-10 08:10:51,Social Media,Retargeting,Yes,2025-02-10
12863,2025-02-10 07:30:17,Email,Winter Sale,Yes,2025-02-10
13428,2025-02-11 13:47:56,Search Ads,-,No,2025-02-11
79891,2025-02-10 05:52:27,Search Ads,Retargeting,Yes,2025-02-10
30578,2025-02-10 13:20:29,Search Ads,Retargeting,Yes,2025-02-10
34708,2025-02-10 02:43:06,Display Ads,Winter Sale,Yes,2025-02-10
60684,2025-02-11 03:59:19,Display Ads,-,No,2025-02-11
81406,2025-02-10 16:07:06,Search Ads,Retargeting,Yes,2025-02-10
34833,2025-02-10 17:07:43,Referral,-,Yes,2025-02-10
99018,2025-02-10 23:51:25,Social Media,Winter Sale,No,2025-02-10
88316,2025-02-11 22:59:51,Search Ads,-,Yes,2025-02-11
28481,2025-02-10 23:53:57,Social Media,Discount Offer,Yes,2025-02-10
89174,2025-02-11 15:15:22,Search Ads,Retargeting,No,2025-02-11
61537,2025-02-10 11:48:31,Email,Discount Offer,Yes,2025-02-10
23449,2025-02-11 11:16:17,Search Ads,Brand Awareness,No,2025-02-11
48654,2025-02-11 10:51:24,Referral,New Product Launch,No,2025-02-11
37559,2025-02-10 11:58:33,Social Media,Retargeting,Yes,2025-02-10
35789,2025-02-11 20:07:09,Direct Traffic,-,No,2025-02-11
65832,2025-02-11 17:17:04,Direct Traffic,-,Yes,2025-02-11
23589,2025-02-11 13:49:51,Search Ads,New Product Launch,Yes,2025-02-11
61426,2025-02-11 06:56:05,Social Media,Discount Offer,No,2025-02-11
33960,2025-02-10 00:19:53,Referral,New Product Launch,No,2025-02-10
55767,2025-02-10 04:05:57,Display Ads,New Product Launch,Yes,2025-02-10
31275,2025-02-10 19:05:16,Display Ads,Retargeting,Yes,2025-02-10
44869,2025-02-11 22:58:51,Search Ads,Discount Offer,No,2025-02-11
27944,2025-02-10 15:21:38,Search Ads,Brand Awareness,No,2025-02-10
29734,2025-02-10 11:46:14,Email,Winter Sale,No,2025-02-10
29773,2025-02-10 11:55:11,Social Media,Brand Awareness,Yes,2025-02-10
82927,2025-02-10 03:35:41,Search Ads,-,No,2025-02-10
26097,2025-02-10 00:39:19,Display Ads,Brand Awareness,Yes,2025-02-10
25172,2025-02-10 13:52:04,Direct Traffic,-,No,2025-02-10
26727,2025-02-10 16:47:43,Search Ads,Discount Offer,No,2025-02-10
57079,2025-02-11 11:41:18,Display Ads,Discount Offer,Yes,2025-02-11
99526,2025-02-11 00:53:16,Referral,New Product Launch,Yes,2025-02-11
55176,2025-02-11 00:43:46,Social Media,-,Yes,2025-02-11
30955,2025-02-11 00:04:14,Display Ads,Retargeting,Yes,2025-02-11
53932,2025-02-10 09:53:40,Social Media,New Product Launch,No,2025-02-10
60772,2025-02-10 23:29:31,Referral,Retargeting,Yes,2025-02-10
12432,2025-02-10 15:54:32,Direct Traffic,-,No,2025-02-10
46954,2025-02-11 00:52:13,Email,Discount Offer,Yes,2025-02-11
66382,2025-02-11 00:29:52,Social Media,New Product Launch,No,2025-02-11
39400,2025-02-11 02:58:59,Email,-,No,2025-02-11
85722,2025-02-11 05:18:51,Email,Discount Offer,No,2025-02-11
69761,2025-02-11 19:56:57,Email,-,No,2025-02-11
40350,2025-02-11 00:20:01,Social Media,Discount Offer,No,2025-02-11
62748,2025-02-10 17:32:02,Social Media,New Product Launch,Yes,2025-02-10
90001,2025-02-10 11:28:16,Referral,Discount Offer,No,2025-02-10
13035,2025-02-11 01:23:02,Search Ads,Retargeting,Yes,2025-02-11
77681,2025-02-11 17:22:31,Search Ads,Winter Sale,Yes,2025-02-11
84413,2025-02-11 09:52:44,Display Ads,Brand Awareness,No,2025-02-11
61537,2025-02-11 23:22:20,Direct Traffic,-,No,2025-02-11
32402,2025-02-10 09:06:20,Social Media,Winter Sale,No,2025-02-10
81371,2025-02-11 08:10:42,Direct Traffic,-,No,2025-02-11
72077,2025-02-11 16:19:52,Direct Traffic,-,Yes,2025-02-11
17478,2025-02-10 20:35:21,Search Ads,Retargeting,Yes,2025-02-10
58496,2025-02-10 04:41:10,Direct Traffic,-,Yes,2025-02-10
17727,2025-02-10 00:45:07,Display Ads,Retargeting,No,2025-02-10
71036,2025-02-10 06:49:10,Direct Traffic,-,Yes,2025-02-10
72045,2025-02-10 16:20:40,Social Media,Brand Awareness,Yes,2025-02-10
79863,2025-02-11 19:24:23,Direct Traffic,-,Yes,2025-02-11
63473,2025-02-10 10:35:07,Display Ads,Discount Offer,Yes,2025-02-10
79019,2025-02-10 13:19:37,Email,Discount Offer,Yes,2025-02-10
46954,2025-02-10 04:45:19,Direct Traffic,-,No,2025-02-10
67211,2025-02-11 15:15:01,Social Media,New Product Launch,No,2025-02-11
38286,2025-02-11 11:44:56,Social Media,New Product Launch,No,2025-02-11
60236,2025-02-10 13:12:57,Referral,Brand Awareness,Yes,2025-02-10
31324,2025-02-10 15:39:50,Direct Traffic,-,No,2025-02-10
86327,2025-02-11 23:18:17,Direct Traffic,-,Yes,2025-02-11
73527,2025-02-11 19:29:06,Referral,Brand Awareness,No,2025-02-11
32739,2025-02-11 05:23:31,Search Ads,-,Yes,2025-02-11
86216,2025-02-10 02:58:54,Social Media,-,No,2025-02-10
71292,2025-02-11 12:12:59,Social Media,New Product Launch,No,2025-02-11
61426,2025-02-10 07:47:53,Referral,Brand Awareness,Yes,2025-02-10
22863,2025-02-11 19:43:02,Direct Traffic,-,Yes,2025-02-11
36175,2025-02-11 23:36:59,Display Ads,Winter Sale,No,2025-02-11
98152,2025-02-11 18:06:36,Email,Retargeting,No,2025-02-11
71753,2025-02-11 18:57:55,Search Ads,Winter Sale,No,2025-02-11
53707,2025-02-11 18:59:34,Search Ads,Brand Awareness,Yes,2025-02-11
31340,2025-02-10 10:48:58,Referral,New Product Launch,No,2025-02-10
38226,2025-02-11 17:16:27,Social Media,Retargeting,Yes,2025-02-11
67466,2025-02-10 15:46:56,Email,Retargeting,No,2025-02-10
63781,2025-02-11 18:57:53,Display Ads,-,No,2025-02-11
85426,2025-02-10 00:19:13,Email,Winter Sale,No,2025-02-10
24956,2025-02-10 03:40:44,Social Media,-,Yes,2025-02-10
33991,2025-02-10 23:45:01,Search Ads,Retargeting,Yes,2025-02-10
44675,2025-02-11 15:22:04,Search Ads,Retargeting,Yes,2025-02-11
26644,2025-02-11 23:41:51,Display Ads,Retargeting,Yes,2025-02-11
80938,2025-02-10 02:09:22,Search Ads,New Product Launch,No,2025-02-10
89412,2025-02-11 23:00:38,Search Ads,Discount Offer,No,2025-02-11
96872,2025-02-11 19:21:06,Email,Winter Sale,No,2025-02-11
74984,2025-02-11 22:01:41,Display Ads,Retargeting,No,2025-02-11
80731,2025-02-11 22:59:24,Email,Retargeting,Yes,2025-02-11
27470,2025-02-11 17:53:27,Search Ads,New Product Launch,Yes,2025-02-11
35942,2025-02-10 13:28:00,Email,-,Yes,2025-02-10
77992,2025-02-11 12:15:19,Search Ads,Discount Offer,No,2025-02-11
67882,2025-02-11 21:52:21,Referral,Discount Offer,No,2025-02-11
60856,2025-02-10 15:17:08,Social Media,New Product Launch,No,2025-02-10
82050,2025-02-10 22:04:48,Referral,Discount Offer,Yes,2025-02-10
52320,2025-02-10 23:34:17,Search Ads,Winter Sale,Yes,2025-02-10
13364,2025-02-10 01:28:56,Display Ads,Brand Awareness,No,2025-02-10
26109,2025-02-10 00:19:37,Display Ads,-,No,2025-02-10
71078,2025-02-10 17:59:38,Social Media,Discount Offer,No,2025-02-10
75802,2025-02-11 04:51:38,Referral,Brand Awareness,No,2025-02-11
48867,2025-02-11 22:12:18,Search Ads,Retargeting,No,2025-02-11
79268,2025-02-11 07:49:21,Direct Traffic,-,No,2025-02-11
47735,2025-02-10 20:46:38,Social Media,Retargeting,No,2025-02-10
23331,2025-02-10 23:37:33,Social Media,Winter Sale,Yes,2025-02-10
29015,2025-02-11 14:56:45,Referral,Retargeting,Yes,2025-02-11
73373,2025-02-11 16:16:22,Referral,Winter Sale,No,2025-02-11
88061,2025-02-10 18:22:12,Referral,New Product Launch,No,2025-02-10
56094,2025-02-11 18:12:53,Email,Discount Offer,No,2025-02-11
67893,2025-02-11 07:10:31,Display Ads,Discount Offer,No,2025-02-11
29809,2025-02-10 03:29:38,Referral,Discount Offer,Yes,2025-02-10
82166,2025-02-10 06:56:25,Search Ads,Discount Offer,No,2025-02-10
35789,2025-02-10 12:57:16,Search Ads,Discount Offer,Yes,2025-02-10
31703,2025-02-10 02:47:45,Referral,Winter Sale,No,2025-02-10
87245,2025-02-11 02:50:15,Direct Traffic,-,Yes,2025-02-11
92025,2025-02-11 13:44:53,Email,Discount Offer,No,2025-02-11
16893,2025-02-11 10:14:16,Referral,Brand Awareness,Yes,2025-02-11
19184,2025-02-11 05:53:53,Social Media,Discount Offer,Yes,2025-02-11
90969,2025-02-11 17:45:03,Email,New Product Launch,No,2025-02-11
72842,2025-02-10 04:53:33,Referral,-,Yes,2025-02-10
45892,2025-02-11 16:00:06,Social Media,Discount Offer,No,2025-02-11
15978,2025-02-11 21:35:57,Display Ads,Brand Awareness,No,2025-02-11
85419,2025-02-11 16:22:44,Display Ads,New Product Launch,Yes,2025-02-11
33400,2025-02-11 00:56:53,Display Ads,-,No,2025-02-11
54418,2025-02-11 13:06:08,Search Ads,Brand Awareness,No,2025-02-11
92989,2025-02-10 17:36:25,Social Media,Discount Offer,Yes,2025-02-10
46487,2025-02-11 10:44:23,Direct Traffic,-,Yes,2025-02-11
15239,2025-02-10 21:06:37,Email,Discount Offer,Yes,2025-02-10
34073,2025-02-11 06:25:11,Email,-,Yes,2025-02-11
75470,2025-02-10 12:51:52,Email,Retargeting,Yes,2025-02-10
41382,2025-02-10 15:47:26,Social Media,-,Yes,2025-02-10
72122,2025-02-11 18:31:43,Email,Winter Sale,Yes,2025-02-11
82427,2025-02-11 03:02:54,Social Media,-,No,2025-02-11
59787,2025-02-11 12:45:29,Social Media,-,Yes,2025-02-11
21690,2025-02-11 03:07:21,Display Ads,Discount Offer,No,2025-02-11
72179,2025-02-10 11:42:39,Display Ads,Winter Sale,No,2025-02-10
24256,2025-02-10 20:35:54,Display Ads,Winter Sale,Yes,2025-02-10
49529,2025-02-10 19:50:01,Display Ads,Brand Awareness,Yes,2025-02-10
88736,2025-02-11 17:40:41,Display Ads,Retargeting,Yes,2025-02-11
39004,2025-02-10 18:29:25,Referral,Winter Sale,Yes,2025-02-10
99149,2025-02-10 22:14:28,Referral,Discount Offer,No,2025-02-10
66454,2025-02-10 21:17:49,Direct Traffic,-,Yes,2025-02-10
67525,2025-02-10 13:39:20,Email,Retargeting,Yes,2025-02-10
22931,2025-02-11 00:39:33,Email,Winter Sale,No,2025-02-11
84828,2025-02-10 02:34:07,Display Ads,-,No,2025-02-10
96933,2025-02-11 23:22:39,Social Media,-,No,2025-02-11
92785,2025-02-10 02:31:24,Email,-,Yes,2025-02-10
48330,2025-02-11 08:57:56,Referral,-,Yes,2025-02-11
25544,2025-02-10 16:27:27,Direct Traffic,-,Yes,2025-02-10
99526,2025-02-11 12:54:59,Social Media,Brand Awareness,Yes,2025-02-11
48089,2025-02-11 17:25:51,Search Ads,New Product Launch,No,2025-02-11
87939,2025-02-11 00:34:17,Display Ads,Discount Offer,Yes,2025-02-11
21001,2025-02-11 06:09:24,Display Ads,Winter Sale,No,2025-02-11
55446,2025-02-10 23:55:27,Search Ads,Discount Offer,No,2025-02-10
84928,2025-02-10 10:10:42,Referral,Discount Offer,No,2025-02-10
46210,2025-02-10 06:47:02,Direct Traffic,-,Yes,2025-02-10
32663,2025-02-11 12:54:44,Email,Brand Awareness,No,2025-02-11
69775,2025-02-10 06:41:04,Social Media,New Product Launch,Yes,2025-02-10
91772,2025-02-11 06:38:00,Social Media,Discount Offer,Yes,2025-02-11
43692,2025-02-11 10:12:53,Display Ads,Winter Sale,No,2025-02-11
46179,2025-02-10 11:07:25,Display Ads,Discount Offer,No,2025-02-10
52142,2025-02-10 02:45:35,Search Ads,Retargeting,Yes,2025-02-10
91886,2025-02-10 01:03:54,Referral,Retargeting,No,2025-02-10
87951,2025-02-11 09:25:56,Search Ads,New Product Launch,No,2025-02-11
11790,2025-02-11 23:32:33,Email,-,Yes,2025-02-11
31340,2025-02-10 21:45:42,Direct Traffic,-,No,2025-02-10
72577,2025-02-10 18:06:00,Search Ads,Discount Offer,No,2025-02-10
68632,2025-02-10 04:09:09,Referral,-,Yes,2025-02-10
82505,2025-02-10 02:26:50,Direct Traffic,-,No,2025-02-10
83991,2025-02-10 22:27:31,Email,Winter Sale,No,2025-02-10
98627,2025-02-10 13:05:32,Referral,New Product Launch,No,2025-02-10
50216,2025-02-10 20:01:20,Referral,Discount Offer,No,2025-02-10
77286,2025-02-10 08:12:58,Direct Traffic,-,Yes,2025-02-10
90409,2025-02-11 11:35:28,Referral,-,Yes,2025-02-11
20990,2025-02-10 04:38:57,Referral,New Product Launch,No,2025-02-10
60852,2025-02-10 09:16:50,Direct Traffic,-,Yes,2025-02-10
56855,2025-02-10 09:16:54,Referral,Discount Offer,Yes,2025-02-10
68649,2025-02-11 13:37:03,Direct Traffic,-,No,2025-02-11
55355,2025-02-10 15:22:26,Email,New Product Launch,No,2025-02-10
72118,2025-02-11 14:46:13,Email,Discount Offer,No,2025-02-11
77286,2025-02-11 09:25:12,Social Media,Retargeting,Yes,2025-02-11
24771,2025-02-10 17:12:21,Display Ads,New Product Launch,Yes,2025-02-10
44994,2025-02-11 06:10:22,Referral,Discount Offer,Yes,2025-02-11
78296,2025-02-11 04:29:36,Search Ads,New Product Launch,Yes,2025-02-11
26664,2025-02-10 22:15:00,Direct Traffic,-,No,2025-02-10
39460,2025-02-10 16:33:17,Social Media,New Product Launch,Yes,2025-02-10
30664,2025-02-11 10:37:20,Social Media,New Product Launch,Yes,2025-02-11
64665,2025-02-10 19:06:35,Social Media,New Product Launch,No,2025-02-10
19454,2025-02-11 01:44:33,Search Ads,Winter Sale,Yes,2025-02-11
75751,2025-02-11 22:44:46,Referral,Winter Sale,Yes,2025-02-11
56666,2025-02-11 07:18:33,Email,-,No,2025-02-11
49665,2025-02-10 00:50:46,Referral,Retargeting,No,2025-02-10
73838,2025-02-10 11:01:25,Referral,New Product Launch,No,2025-02-10
33077,2025-02-11 08:34:39,Direct Traffic,-,Yes,2025-02-11
63095,2025-02-11 10:16:24,Email,Discount Offer,No,2025-02-11
73311,2025-02-10 03:21:57,Direct Traffic,-,Yes,2025-02-10
13186,2025-02-11 00:33:05,Referral,New Product Launch,No,2025-02-11
26754,2025-02-11 11:01:51,Display Ads,-,No,2025-02-11
80904,2025-02-11 06:13:19,Display Ads,Retargeting,No,2025-02-11
17168,2025-02-11 00:46:56,Display Ads,Discount Offer,Yes,2025-02-11
80731,2025-02-10 02:29:13,Display Ads,Retargeting,No,2025-02-10
38491,2025-02-11 12:39:27,Email,New Product Launch,No,2025-02-11
44038,2025-02-11 05:12:28,Search Ads,New Product Launch,Yes,2025-02-11
40130,2025-02-10 10:11:44,Referral,Discount Offer,No,2025-02-10
15025,2025-02-11 11:17:57,Referral,Discount Offer,Yes,2025-02-11
49243,2025-02-10 19:20:05,Search Ads,Brand Awareness,Yes,2025-02-10
10781,2025-02-10 15:32:49,Display Ads,Winter Sale,No,2025-02-10
72612,2025-02-11 02:38:07,Display Ads,-,No,2025-02-11
26770,2025-02-11 22:16:55,Social Media,New Product Launch,No,2025-02-11
69433,2025-02-10 00:39:35,Social Media,New Product Launch,No,2025-02-10
21401,2025-02-11 12:10:05,Social Media,New Product Launch,No,2025-02-11
85022,2025-02-11 22:22:43,Direct Traffic,-,No,2025-02-11
49207,2025-02-10 21:05:15,Email,-,No,2025-02-10
99748,2025-02-11 08:00:31,Referral,Brand Awareness,No,2025-02-11
53419,2025-02-11 20:14:06,Display Ads,Retargeting,No,2025-02-11
37622,2025-02-10 12:07:49,Direct Traffic,-,No,2025-02-10
77597,2025-02-11 10:57:56,Social Media,Discount Offer,Yes,2025-02-11
86974,2025-02-10 00:02:58,Search Ads,Brand Awareness,Yes,2025-02-10
55650,2025-02-11 10:58:37,Email,Discount Offer,Yes,2025-02-11
85486,2025-02-11 22:44:52,Search Ads,Discount Offer,No,2025-02-11
80769,2025-02-11 15:47:51,Social Media,Brand Awareness,Yes,2025-02-11
49655,2025-02-11 10:28:11,Search Ads,Brand Awareness,Yes,2025-02-11
73105,2025-02-11 13:20:31,Search Ads,New Product Launch,No,2025-02-11
73023,2025-02-10 19:34:20,Email,Winter Sale,No,2025-02-10
86856,2025-02-11 05:10:20,Referral,Winter Sale,Yes,2025-02-11
96934,2025-02-11 12:46:20,Email,Discount Offer,No,2025-02-11
41115,2025-02-11 09:33:16,Email,Brand Awareness,No,2025-02-11
45340,2025-02-11 09:35:14,Referral,Retargeting,No,2025-02-11
19507,2025-02-10 02:39:59,Search Ads,Winter Sale,Yes,2025-02-10
52520,2025-02-11 11:05:31,Referral,New Product Launch,No,2025-02-11
27778,2025-02-11 23:53:59,Display Ads,Brand Awareness,No,2025-02-11
29837,2025-02-11 06:44:07,Email,Retargeting,No,2025-02-11
48298,2025-02-11 23:23:28,Direct Traffic,-,Yes,2025-02-11
90700,2025-02-10 17:12:52,Display Ads,New Product Launch,Yes,2025-02-10
52397,2025-02-11 20:33:56,Email,Discount Offer,No,2025-02-11
63496,2025-02-11 06:53:35,Email,Winter Sale,Yes,2025-02-11
86112,2025-02-11 06:18:14,Referral,New Product Launch,No,2025-02-11
91641,2025-02-10 12:59:08,Email,New Product Launch,Yes,2025-02-10
20853,2025-02-10 05:50:45,Direct Traffic,-,No,2025-02-10
26253,2025-02-10 02:06:10,Referral,Brand Awareness,Yes,2025-02-10
55446,2025-02-10 02:43:02,Social Media,Winter Sale,Yes,2025-02-10
84693,2025-02-11 22:52:37,Display Ads,Discount Offer,Yes,2025-02-11
62564,2025-02-11 05:18:09,Search Ads,-,No,2025-02-11
44038,2025-02-11 11:42:27,Search Ads,Winter Sale,No,2025-02-11
81190,2025-02-10 18:23:49,Direct Traffic,-,No,2025-02-10
34263,2025-02-11 17:03:01,Email,Retargeting,Yes,2025-02-11
21445,2025-02-11 03:30:23,Social Media,Retargeting,Yes,2025-02-11
38578,2025-02-11 20:19:26,Search Ads,-,No,2025-02-11
78381,2025-02-10 03:47:33,Display Ads,Brand Awareness,No,2025-02-10
86539,2025-02-11 01:23:01,Display Ads,New Product Launch,No,2025-02-11
37591,2025-02-11 18:13:56,Search Ads,New Product Launch,Yes,2025-02-11
25441,2025-02-11 14:06:47,Email,Brand Awareness,Yes,2025-02-11
36044,2025-02-10 16:31:52,Direct Traffic,-,No,2025-02-10
43603,2025-02-11 18:42:23,Display Ads,Retargeting,No,2025-02-11
37332,2025-02-10 14:21:52,Search Ads,Winter Sale,No,2025-02-10
86327,2025-02-11 01:12:34,Referral,Winter Sale,Yes,2025-02-11
28400,2025-02-10 10:41:19,Direct Traffic,-,Yes,2025-02-10
33497,2025-02-11 05:52:19,Social Media,Winter Sale,No,2025-02-11
53419,2025-02-10 11:54:42,Display Ads,-,Yes,2025-02-10
23202,2025-02-10 23:38:07,Display Ads,-,No,2025-02-10
73006,2025-02-10 14:12:33,Referral,Discount Offer,Yes,2025-02-10
10685,2025-02-10 07:03:55,Referral,Brand Awareness,No,2025-02-10
66758,2025-02-11 14:22:36,Social Media,New Product Launch,No,2025-02-11
10414,2025-02-11 06:40:19,Referral,Brand Awareness,No,2025-02-11
16916,2025-02-11 22:02:19,Direct Traffic,-,No,2025-02-11
47735,2025-02-11 03:45:56,Direct Traffic,-,Yes,2025-02-11
81316,2025-02-11 13:56:37,Display Ads,Brand Awareness,Yes,2025-02-11
11835,2025-02-10 00:51:05,Referral,Brand Awareness,Yes,2025-02-10
27726,2025-02-11 20:22:53,Direct Traffic,-,No,2025-02-11
88316,2025-02-10 06:01:08,Referral,Discount Offer,No,2025-02-10
30588,2025-02-10 05:58:26,Referral,Discount Offer,Yes,2025-02-10
13230,2025-02-10 13:55:56,Email,Winter Sale,Yes,2025-02-10
97899,2025-02-11 21:10:39,Display Ads,Retargeting,Yes,2025-02-11
10062,2025-02-11 21:10:27,Email,Brand Awareness,Yes,2025-02-11
93973,2025-02-10 17:07:18,Referral,-,Yes,2025-02-10
79493,2025-02-11 03:00:02,Email,-,No,2025-02-11
18441,2025-02-11 02:13:47,Direct Traffic,-,No,2025-02-11
10690,2025-02-10 07:40:34,Display Ads,Discount Offer,Yes,2025-02-10
69217,2025-02-11 14:52:43,Email,Discount Offer,No,2025-02-11
64436,2025-02-10 23:59:39,Direct Traffic,-,Yes,2025-02-10
96542,2025-02-11 13:38:01,Email,-,No,2025-02-11
88885,2025-02-10 22:50:56,Referral,-,Yes,2025-02-10
11453,2025-02-11 23:35:12,Search Ads,Winter Sale,Yes,2025-02-11
98310,2025-02-11 19:15:27,Email,Winter Sale,No,2025-02-11
67155,2025-02-11 23:40:34,Referral,Winter Sale,Yes,2025-02-11
80604,2025-02-10 03:26:59,Social Media,Winter Sale,No,2025-02-10
90444,2025-02-10 04:37:57,Referral,Winter Sale,No,2025-02-10
58884,2025-02-10 00:18:27,Referral,Retargeting,No,2025-02-10
10668,2025-02-11 13:34:11,Search Ads,New Product Launch,Yes,2025-02-11
61063,2025-02-10 15:27:38,Email,Brand Awareness,No,2025-02-10
45476,2025-02-10 19:53:09,Referral,New Product Launch,Yes,2025-02-10
98881,2025-02-10 17:20:22,Social Media,New Product Launch,No,2025-02-10
25104,2025-02-11 17:02:51,Direct Traffic,-,Yes,2025-02-11
36355,2025-02-11 20:32:12,Referral,Discount Offer,No,2025-02-11
91418,2025-02-11 19:50:57,Social Media,New Product Launch,No,2025-02-11
55983,2025-02-10 08:00:11,Email,Discount Offer,Yes,2025-02-10
83881,2025-02-10 05:09:55,Referral,Winter Sale,Yes,2025-02-10
52520,2025-02-10 14:15:49,Social Media,-,No,2025-02-10
41148,2025-02-11 09:17:49,Email,New Product Launch,Yes,2025-02-11
53220,2025-02-10 12:18:21,Display Ads,Retargeting,No,2025-02-10
10317,2025-02-10 01:16:41,Email,Discount Offer,No,2025-02-10
62979,2025-02-10 02:11:41,Email,-,No,2025-02-10
82557,2025-02-11 21:47:35,Referral,-,Yes,2025-02-11
38822,2025-02-10 07:44:52,Email,Retargeting,Yes,2025-02-10
85902,2025-02-11 00:42:09,Display Ads,Brand Awareness,Yes,2025-02-11
65453,2025-02-11 19:48:05,Social Media,Retargeting,Yes,2025-02-11
42905,2025-02-10 18:34:38,Direct Traffic,-,Yes,2025-02-10
17863,2025-02-10 08:21:27,Direct Traffic,-,No,2025-02-10
16248,2025-02-10 16:30:00,Direct Traffic,-,Yes,2025-02-10
29877,2025-02-10 12:32:31,Referral,Brand Awareness,No,2025-02-10
90546,2025-02-10 21:31:28,Referral,Brand Awareness,No,2025-02-10
63685,2025-02-11 20:03:41,Display Ads,Winter Sale,No,2025-02-11
70237,2025-02-11 13:56:04,Direct Traffic,-,No,2025-02-11
93271,2025-02-11 00:17:45,Referral,Winter Sale,Yes,2025-02-11
43623,2025-02-11 22:48:47,Search Ads,Brand Awareness,Yes,2025-02-11
65626,2025-02-11 18:57:50,Social Media,Discount Offer,Yes,2025-02-11
30989,2025-02-11 05:45:20,Display Ads,Winter Sale,Yes,2025-02-11
56480,2025-02-10 13:32:28,Search Ads,Retargeting,Yes,2025-02-10
79304,2025-02-10 21:38:11,Direct Traffic,-,No,2025-02-10
47509,2025-02-11 09:48:24,Referral,-,No,2025-02-11
87851,2025-02-10 00:28:32,Social Media,Retargeting,Yes,2025-02-10
73216,2025-02-11 23:54:29,Referral,New Product Launch,No,2025-02-11
93942,2025-02-10 02:24:33,Direct Traffic,-,Yes,2025-02-10
32828,2025-02-10 11:48:41,Referral,Discount Offer,No,2025-02-10
34498,2025-02-11 20:12:34,Email,Brand Awareness,Yes,2025-02-11
60477,2025-02-11 11:41:49,Social Media,Brand Awareness,No,2025-02-11
77098,2025-02-10 22:08:09,Direct Traffic,-,Yes,2025-02-10
54351,2025-02-11 14:28:01,Display Ads,New Product Launch,Yes,2025-02-11
76541,2025-02-11 09:23:38,Email,Winter Sale,Yes,2025-02-11
92370,2025-02-10 17:38:48,Referral,Winter Sale,Yes,2025-02-10
65207,2025-02-11 05:57:24,Email,Winter Sale,Yes,2025-02-11
28385,2025-02-11 14:06:44,Email,Winter Sale,Yes,2025-02-11
53526,2025-02-10 06:07:32,Search Ads,-,No,2025-02-10
40381,2025-02-11 15:13:05,Referral,Discount Offer,No,2025-02-11
79162,2025-02-11 22:25:56,Display Ads,Discount Offer,No,2025-02-11
48850,2025-02-11 03:03:01,Direct Traffic,-,No,2025-02-11
92921,2025-02-11 02:46:32,Search Ads,New Product Launch,Yes,2025-02-11
19388,2025-02-11 11:53:07,Social Media,New Product Launch,Yes,2025-02-11
93989,2025-02-10 15:14:58,Search Ads,Winter Sale,Yes,2025-02-10
11209,2025-02-10 22:18:23,Direct Traffic,-,No,2025-02-10
38491,2025-02-11 15:22:48,Email,Winter Sale,Yes,2025-02-11
42429,2025-02-11 13:57:07,Search Ads,Brand Awareness,No,2025-02-11
63274,2025-02-11 05:55:27,Social Media,Discount Offer,No,2025-02-11
19350,2025-02-10 09:39:54,Social Media,-,Yes,2025-02-10
41463,2025-02-10 16:25:41,Search Ads,Brand Awareness,Yes,2025-02-10
42970,2025-02-11 11:08:46,Email,New Product Launch,Yes,2025-02-11
11917,2025-02-10 08:04:42,Search Ads,Retargeting,Yes,2025-02-10
71911,2025-02-10 09:46:47,Direct Traffic,-,No,2025-02-10
23839,2025-02-11 18:06:21,Search Ads,Winter Sale,No,2025-02-11
11914,2025-02-10 20:30:54,Email,Discount Offer,Yes,2025-02-10
99746,2025-02-11 16:21:18,Email,-,Yes,2025-02-11
21484,2025-02-10 01:55:50,Email,Discount Offer,No,2025-02-10
23497,2025-02-11 17:26:14,Direct Traffic,-,No,2025-02-11
93708,2025-02-11 17:32:56,Direct Traffic,-,Yes,2025-02-11
67860,2025-02-11 11:02:46,Social Media,Discount Offer,No,2025-02-11
59480,2025-02-11 07:30:52,Email,Discount Offer,No,2025-02-11
92555,2025-02-10 21:18:26,Email,Winter Sale,Yes,2025-02-10
31134,2025-02-11 18:16:09,Direct Traffic,-,No,2025-02-11
88142,2025-02-11 02:45:28,Social Media,New Product Launch,Yes,2025-02-11
36840,2025-02-11 11:02:04,Social Media,Brand Awareness,No,2025-02-11
67860,2025-02-10 07:13:15,Display Ads,Discount Offer,No,2025-02-10
91876,2025-02-10 13:15:57,Search Ads,Brand Awareness,No,2025-02-10
39056,2025-02-10 07:17:40,Search Ads,Retargeting,No,2025-02-10
10442,2025-02-11 00:26:14,Search Ads,New Product Launch,No,2025-02-11
91357,2025-02-10 02:36:47,Email,Brand Awareness,Yes,2025-02-10
44675,2025-02-11 03:39:13,Search Ads,-,Yes,2025-02-11
31185,2025-02-11 13:54:29,Display Ads,-,No,2025-02-11
37380,2025-02-11 08:06:52,Referral,-,Yes,2025-02-11
92346,2025-02-11 19:35:05,Direct Traffic,-,No,2025-02-11
45892,2025-02-11 22:08:49,Social Media,Retargeting,Yes,2025-02-11
36731,2025-02-10 10:35:37,Email,Discount Offer,Yes,2025-02-10
18955,2025-02-11 16:27:21,Referral,Retargeting,No,2025-02-11
51057,2025-02-10 23:09:36,Search Ads,New Product Launch,Yes,2025-02-10
47735,2025-02-10 07:08:30,Display Ads,Discount Offer,Yes,2025-02-10
54418,2025-02-11 15:32:54,Referral,Brand Awareness,No,2025-02-11
81855,2025-02-11 03:56:05,Search Ads,Retargeting,No,2025-02-11
52274,2025-02-10 08:42:00,Email,Discount Offer,Yes,2025-02-10
43175,2025-02-11 18:41:50,Email,Winter Sale,Yes,2025-02-11
13872,2025-02-10 06:34:08,Search Ads,Brand Awareness,No,2025-02-10
94253,2025-02-11 18:36:47,Email,-,No,2025-02-11
16083,2025-02-11 16:32:32,Email,Brand Awareness,Yes,2025-02-11
67935,2025-02-10 21:12:16,Social Media,Winter Sale,No,2025-02-10
54005,2025-02-10 03:08:32,Email,New Product Launch,No,2025-02-10
24810,2025-02-10 09:58:32,Social Media,Winter Sale,Yes,2025-02-10
11233,2025-02-11 10:16:36,Referral,New Product Launch,No,2025-02-11
82505,2025-02-11 00:01:55,Display Ads,New Product Launch,No,2025-02-11
10068,2025-02-10 07:07:39,Search Ads,-,Yes,2025-02-10
94816,2025-02-11 12:28:31,Search Ads,-,Yes,2025-02-11
26541,2025-02-11 10:57:56,Email,New Product Launch,No,2025-02-11
42501,2025-02-10 06:30:52,Display Ads,-,No,2025-02-10
70850,2025-02-11 23:21:09,Direct Traffic,-,No,2025-02-11
22861,2025-02-11 08:24:21,Display Ads,Brand Awareness,Yes,2025-02-11
21757,2025-02-10 15:31:51,Search Ads,New Product Launch,Yes,2025-02-10
55983,2025-02-10 11:48:44,Social Media,New Product Launch,No,2025-02-10
54877,2025-02-11 19:32:05,Search Ads,Discount Offer,No,2025-02-11
64713,2025-02-10 01:50:17,Direct Traffic,-,No,2025-02-10
85419,2025-02-10 15:23:33,Search Ads,Discount Offer,No,2025-02-10
46055,2025-02-10 21:27:39,Search Ads,Winter Sale,No,2025-02-10
27571,2025-02-11 02:32:30,Referral,Winter Sale,No,2025-02-11
40368,2025-02-11 10:52:04,Email,Retargeting,Yes,2025-02-11
49647,2025-02-11 05:03:12,Email,Winter Sale,No,2025-02-11
55650,2025-02-11 00:23:52,Email,-,No,2025-02-11
89367,2025-02-10 18:43:10,Email,Brand Awareness,No,2025-02-10
86443,2025-02-11 19:05:38,Direct Traffic,-,Yes,2025-02-11
95772,2025-02-10 03:29:24,Referral,Retargeting,Yes,2025-02-10
31200,2025-02-10 09:09:19,Search Ads,Discount Offer,Yes,2025-02-10
41964,2025-02-11 09:20:26,Display Ads,Winter Sale,No,2025-02-11
32739,2025-02-10 17:00:36,Social Media,Winter Sale,Yes,2025-02-10
65082,2025-02-10 07:35:41,Referral,-,Yes,2025-02-10
96007,2025-02-10 15:49:46,Direct Traffic,-,No,2025-02-10
93964,2025-02-11 19:30:34,Referral,-,Yes,2025-02-11
58128,2025-02-10 10:59:38,Direct Traffic,-,Yes,2025-02-10
41389,2025-02-11 20:06:55,Direct Traffic,-,No,2025-02-11
89174,2025-02-11 03:03:09,Referral,Discount Offer,No,2025-02-11
30447,2025-02-10 08:21:58,Social Media,Discount Offer,No,2025-02-10
90635,2025-02-10 17:01:13,Display Ads,-,Yes,2025-02-10
77681,2025-02-10 02:50:52,Display Ads,New Product Launch,Yes,2025-02-10
30460,2025-02-11 14:01:30,Display Ads,New Product Launch,Yes,2025-02-11
83149,2025-02-10 02:11:24,Referral,New Product Launch,No,2025-02-10
68751,2025-02-11 04:24:25,Display Ads,Discount Offer,No,2025-02-11
70697,2025-02-11 20:30:21,Display Ads,Discount Offer,Yes,2025-02-11
34310,2025-02-11 15:37:21,Direct Traffic,-,Yes,2025-02-11
98295,2025-02-11 12:22:27,Social Media,Retargeting,Yes,2025-02-11
33499,2025-02-11 22:55:15,Search Ads,Discount Offer,No,2025-02-11
98014,2025-02-10 23:47:07,Direct Traffic,-,Yes,2025-02-10
36947,2025-02-10 07:38:01,Social Media,New Product Launch,No,2025-02-10
26521,2025-02-11 16:10:52,Direct Traffic,-,Yes,2025-02-11
60852,2025-02-11 22:28:15,Search Ads,Discount Offer,No,2025-02-11
72612,2025-02-10 21:17:52,Direct Traffic,-,Yes,2025-02-10
70502,2025-02-10 17:07:35,Email,New Product Launch,No,2025-02-10
73055,2025-02-11 04:47:29,Email,Brand Awareness,No,2025-02-11
12863,2025-02-11 03:03:58,Search Ads,New Product Launch,No,2025-02-11
29709,2025-02-11 03:48:39,Search Ads,New Product Launch,Yes,2025-02-11
59251,2025-02-11 15:18:08,Search Ads,New Product Launch,No,2025-02-11
15025,2025-02-10 04:07:02,Display Ads,Brand Awareness,No,2025-02-10
15978,2025-02-11 00:05:09,Email,Winter Sale,Yes,2025-02-11
46221,2025-02-10 17:10:22,Social Media,-,No,2025-02-10
52397,2025-02-11 11:26:17,Search Ads,Brand Awareness,No,2025-02-11
58957,2025-02-11 15:24:55,Email,-,Yes,2025-02-11
56553,2025-02-10 00:45:14,Referral,Discount Offer,Yes,2025-02-10
30845,2025-02-11 02:07:23,Referral,New Product Launch,Yes,2025-02-11
64157,2025-02-11 06:17:27,Referral,Retargeting,Yes,2025-02-11
30845,2025-02-10 22:35:06,Display Ads,Brand Awareness,Yes,2025-02-10
97756,2025-02-10 17:44:36,Direct Traffic,-,Yes,2025-02-10
27371,2025-02-11 01:51:08,Social Media,New Product Launch,No,2025-02-11
26021,2025-02-10 11:23:55,Direct Traffic,-,No,2025-02-10
86216,2025-02-10 05:19:40,Email,Brand Awareness,Yes,2025-02-10
48404,2025-02-11 12:46:41,Social Media,Discount Offer,No,2025-02-11
70502,2025-02-10 10:43:32,Direct Traffic,-,Yes,2025-02-10
17598,2025-02-10 20:45:14,Display Ads,-,No,2025-02-10
35619,2025-02-11 17:13:20,Social Media,Brand Awareness,No,2025-02-11
11686,2025-02-10 02:12:41,Email,Winter Sale,No,2025-02-10
25150,2025-02-11 20:21:15,Direct Traffic,-,No,2025-02-11
13864,2025-02-11 04:25:28,Direct Traffic,-,No,2025-02-11
61655,2025-02-10 17:12:48,Direct Traffic,-,Yes,2025-02-10
31581,2025-02-11 00:24:11,Search Ads,Discount Offer,No,2025-02-11
60772,2025-02-10 14:53:40,Email,Retargeting,Yes,2025-02-10
85419,2025-02-11 04:27:26,Direct Traffic,-,Yes,2025-02-11
87025,2025-02-10 13:53:46,Social Media,Winter Sale,Yes,2025-02-10
73487,2025-02-10 23:04:24,Direct Traffic,-,No,2025-02-10
68751,2025-02-11 11:57:12,Referral,Brand Awareness,No,2025-02-11
94722,2025-02-10 13:23:24,Referral,Brand Awareness,Yes,2025-02-10
37186,2025-02-11 12:18:31,Display Ads,Winter Sale,No,2025-02-11
90213,2025-02-10 15:11:59,Social Media,Discount Offer,Yes,2025-02-10
61514,2025-02-11 08:38:28,Email,Brand Awareness,Yes,2025-02-11
20111,2025-02-10 10:21:00,Referral,Winter Sale,No,2025-02-10
79404,2025-02-10 00:36:23,Social Media,Winter Sale,Yes,2025-02-10
13184,2025-02-10 15:08:40,Display Ads,Winter Sale,No,2025-02-10
26109,2025-02-11 16:33:36,Social Media,Winter Sale,Yes,2025-02-11
61947,2025-02-10 11:32:02,Search Ads,Brand Awareness,No,2025-02-10
51785,2025-02-11 23:27:58,Direct Traffic,-,No,2025-02-11
85682,2025-02-11 06:19:44,Social Media,Retargeting,Yes,2025-02-11
23839,2025-02-10 13:13:16,Social Media,Retargeting,No,2025-02-10
16536,2025-02-10 07:19:13,Search Ads,-,Yes,2025-02-10
45202,2025-02-10 01:04:44,Direct Traffic,-,Yes,2025-02-10
86112,2025-02-11 15:41:00,Display Ads,New Product Launch,Yes,2025-02-11
42914,2025-02-10 22:44:06,Referral,Discount Offer,Yes,2025-02-10
85046,2025-02-10 04:51:41,Display Ads,Brand Awareness,Yes,2025-02-10
24014,2025-02-10 03:10:12,Search Ads,-,No,2025-02-10
30955,2025-02-10 23:02:07,Social Media,Retargeting,Yes,2025-02-10
69737,2025-02-11 02:14:26,Referral,New Product Launch,No,2025-02-11
45340,2025-02-11 15:49:23,Referral,New Product Launch,No,2025-02-11
91449,2025-02-10 22:15:09,Display Ads,Winter Sale,No,2025-02-10
93476,2025-02-10 09:36:23,Social Media,Discount Offer,Yes,2025-02-10
38286,2025-02-11 23:56:40,Search Ads,New Product Launch,Yes,2025-02-11
93764,2025-02-11 17:31:07,Email,New Product Launch,Yes,2025-02-11
42580,2025-02-10 04:42:38,Social Media,Brand Awareness,No,2025-02-10
72819,2025-02-10 13:25:55,Social Media,-,No,2025-02-10
56987,2025-02-10 20:58:03,Referral,New Product Launch,Yes,2025-02-10
79602,2025-02-11 04:45:16,Search Ads,Retargeting,No,2025-02-11
15277,2025-02-10 03:27:53,Search Ads,Retargeting,No,2025-02-10
27344,2025-02-10 17:05:42,Display Ads,Retargeting,No,2025-02-10
64742,2025-02-10 21:21:48,Referral,Retargeting,Yes,2025-02-10
88521,2025-02-10 23:54:42,Search Ads,Brand Awareness,No,2025-02-10
19507,2025-02-10 18:58:15,Referral,New Product Launch,Yes,2025-02-10
33190,2025-02-11 23:06:17,Search Ads,Winter Sale,Yes,2025-02-11
80259,2025-02-11 21:47:58,Email,Winter Sale,No,2025-02-11
30651,2025-02-11 07:49:27,Referral,-,No,2025-02-11
70222,2025-02-10 20:23:51,Referral,Retargeting,No,2025-02-10
28751,2025-02-10 01:43:38,Social Media,Retargeting,No,2025-02-10
80938,2025-02-11 08:06:24,Social Media,New Product Launch,Yes,2025-02-11
52320,2025-02-10 15:24:47,Referral,Winter Sale,No,2025-02-10
62564,2025-02-11 20:45:29,Email,New Product Launch,No,2025-02-11
68632,2025-02-10 12:35:35,Referral,Brand Awareness,Yes,2025-02-10
10654,2025-02-11 19:49:54,Display Ads,Discount Offer,Yes,2025-02-11
46954,2025-02-10 22:39:58,Referral,Winter Sale,Yes,2025-02-10
86706,2025-02-10 02:45:10,Search Ads,-,No,2025-02-10
29461,2025-02-10 01:08:24,Referral,Winter Sale,No,2025-02-10
78712,2025-02-11 23:09:42,Search Ads,Retargeting,No,2025-02-11
41174,2025-02-10 07:49:48,Referral,Winter Sale,Yes,2025-02-10
26693,2025-02-10 15:40:37,Display Ads,Retargeting,No,2025-02-10
30274,2025-02-11 15:11:18,Display Ads,Brand Awareness,No,2025-02-11
21595,2025-02-11 02:18:08,Social Media,New Product Launch,No,2025-02-11
52408,2025-02-10 15:23:48,Search Ads,Retargeting,No,2025-02-10
40937,2025-02-10 06:23:24,Social Media,New Product Launch,No,2025-02-10
96007,2025-02-10 22:47:50,Referral,-,No,2025-02-10
18845,2025-02-11 22:19:25,Social Media,-,Yes,2025-02-11
98788,2025-02-11 20:10:26,Display Ads,Discount Offer,No,2025-02-11
93576,2025-02-10 18:47:22,Direct Traffic,-,No,2025-02-10
62494,2025-02-10 06:10:05,Referral,Retargeting,No,2025-02-10
27571,2025-02-11 08:52:17,Search Ads,Discount Offer,No,2025-02-11
37591,2025-02-10 13:25:07,Referral,Brand Awareness,Yes,2025-02-10
41874,2025-02-10 04:09:10,Search Ads,-,Yes,2025-02-10
85426,2025-02-11 23:19:09,Referral,Retargeting,No,2025-02-11
45845,2025-02-10 20:04:34,Search Ads,New Product Launch,Yes,2025-02-10
28918,2025-02-10 01:28:23,Direct Traffic,-,No,2025-02-10
96656,2025-02-11 04:58:13,Social Media,Winter Sale,No,2025-02-11
28505,2025-02-10 09:16:11,Email,-,Yes,2025-02-10
62101,2025-02-11 16:40:50,Email,Discount Offer,Yes,2025-02-11
54821,2025-02-10 15:29:49,Display Ads,-,Yes,2025-02-10
22385,2025-02-11 19:13:18,Referral,Discount Offer,No,2025-02-11
35661,2025-02-11 05:48:47,Search Ads,Discount Offer,No,2025-02-11
89813,2025-02-10 07:54:47,Display Ads,Retargeting,Yes,2025-02-10
54821,2025-02-11 11:08:30,Display Ads,Retargeting,Yes,2025-02-11
43883,2025-02-11 02:48:54,Display Ads,Winter Sale,Yes,2025-02-11
42905,2025-02-10 01:31:34,Search Ads,New Product Launch,Yes,2025-02-10
98079,2025-02-11 05:54:44,Search Ads,Discount Offer,No,2025-02-11
60799,2025-02-11 01:04:33,Email,Winter Sale,Yes,2025-02-11
27666,2025-02-10 13:54:24,Search Ads,New Product Launch,No,2025-02-10
74549,2025-02-10 12:32:42,Search Ads,Retargeting,Yes,2025-02-10
61146,2025-02-10 16:39:52,Email,-,No,2025-02-10
33499,2025-02-11 13:15:53,Display Ads,Discount Offer,Yes,2025-02-11
96124,2025-02-11 18:28:56,Search Ads,Retargeting,Yes,2025-02-11
90897,2025-02-11 06:45:37,Email,Winter Sale,No,2025-02-11
34192,2025-02-10 16:18:02,Search Ads,Brand Awareness,Yes,2025-02-10
60844,2025-02-11 17:13:53,Display Ads,Brand Awareness,No,2025-02-11
55983,2025-02-11 15:49:15,Direct Traffic,-,No,2025-02-11
92989,2025-02-10 10:58:29,Search Ads,Brand Awareness,Yes,2025-02-10
93811,2025-02-11 12:22:37,Search Ads,Brand Awareness,No,2025-02-11
91360,2025-02-11 12:10:31,Email,Retargeting,Yes,2025-02-11
90001,2025-02-11 02:46:17,Display Ads,-,No,2025-02-11
18582,2025-02-11 00:27:07,Display Ads,Winter Sale,Yes,2025-02-11
68610,2025-02-10 13:21:53,Search Ads,Brand Awareness,Yes,2025-02-10
18490,2025-02-10 00:05:46,Search Ads,Retargeting,No,2025-02-10
17702,2025-02-11 04:49:51,Referral,Retargeting,No,2025-02-11
83993,2025-02-10 23:50:16,Display Ads,-,No,2025-02-10
28919,2025-02-11 04:35:32,Email,-,No,2025-02-11
36500,2025-02-11 16:35:25,Display Ads,-,Yes,2025-02-11
18582,2025-02-11 21:50:52,Referral,-,No,2025-02-11
60477,2025-02-11 01:16:38,Email,Brand Awareness,No,2025-02-11
61504,2025-02-10 19:07:34,Search Ads,Winter Sale,Yes,2025-02-10
64781,2025-02-11 10:56:23,Email,-,No,2025-02-11
51018,2025-02-11 02:16:47,Direct Traffic,-,No,2025-02-11
14398,2025-02-10 04:58:39,Direct Traffic,-,Yes,2025-02-10
51237,2025-02-11 22:01:07,Email,Discount Offer,No,2025-02-11
80298,2025-02-10 22:46:36,Direct Traffic,-,Yes,2025-02-10
99147,2025-02-11 10:49:51,Social Media,Discount Offer,No,2025-02-11
46988,2025-02-10 06:10:14,Search Ads,Winter Sale,Yes,2025-02-10
52520,2025-02-10 05:33:02,Social Media,Discount Offer,No,2025-02-10
89180,2025-02-11 14:19:17,Display Ads,-,No,2025-02-11
42360,2025-02-11 23:30:28,Display Ads,New Product Launch,Yes,2025-02-11
77286,2025-02-10 22:03:11,Search Ads,Discount Offer,Yes,2025-02-10
34310,2025-02-11 08:55:25,Direct Traffic,-,No,2025-02-11
27556,2025-02-11 21:27:57,Display Ads,-,Yes,2025-02-11
63192,2025-02-10 08:39:32,Search Ads,Discount Offer,Yes,2025-02-10
75557,2025-02-11 21:15:16,Direct Traffic,-,No,2025-02-11
55513,2025-02-10 07:14:34,Direct Traffic,-,No,2025-02-10
88818,2025-02-11 21:33:17,Direct Traffic,-,Yes,2025-02-11
99794,2025-02-11 23:19:05,Display Ads,Winter Sale,Yes,2025-02-11
10317,2025-02-10 08:17:38,Social Media,-,Yes,2025-02-10
63323,2025-02-11 03:44:38,Referral,-,Yes,2025-02-11
63505,2025-02-10 07:29:08,Search Ads,Brand Awareness,Yes,2025-02-10
17715,2025-02-10 18:10:54,Search Ads,Winter Sale,Yes,2025-02-10
62697,2025-02-10 02:37:26,Display Ads,Winter Sale,Yes,2025-02-10
37055,2025-02-11 08:30:36,Social Media,Discount Offer,No,2025-02-11
21824,2025-02-10 04:46:38,Direct Traffic,-,No,2025-02-10
86216,2025-02-11 21:39:50,Social Media,-,No,2025-02-11
25229,2025-02-10 06:39:50,Search Ads,-,No,2025-02-10
24161,2025-02-10 19:39:36,Referral,Discount Offer,No,2025-02-10
52408,2025-02-10 02:08:31,Direct Traffic,-,No,2025-02-10
93007,2025-02-10 05:21:51,Referral,Discount Offer,No,2025-02-10
53151,2025-02-11 05:45:13,Referral,Winter Sale,No,2025-02-11
75473,2025-02-10 01:40:10,Display Ads,Discount Offer,No,2025-02-10
29844,2025-02-11 03:06:02,Email,Discount Offer,No,2025-02-11
82038,2025-02-10 22:20:30,Direct Traffic,-,No,2025-02-10
26511,2025-02-11 10:18:06,Display Ads,-,Yes,2025-02-11
77968,2025-02-10 08:52:29,Social Media,-,No,2025-02-10
90897,2025-02-11 12:47:48,Display Ads,Winter Sale,No,2025-02-11
74884,2025-02-11 15:39:34,Referral,Retargeting,Yes,2025-02-11
71460,2025-02-10 13:21:23,Search Ads,New Product Launch,No,2025-02-10
41377,2025-02-11 19:29:44,Display Ads,Brand Awareness,Yes,2025-02-11
95303,2025-02-11 16:10:31,Email,Retargeting,No,2025-02-11
28511,2025-02-10 03:44:47,Email,Retargeting,No,2025-02-10
84567,2025-02-11 18:12:48,Email,Brand Awareness,No,2025-02-11
22863,2025-02-11 19:51:55,Email,Brand Awareness,No,2025-02-11
79796,2025-02-11 08:23:05,Email,Discount Offer,Yes,2025-02-11
12275,2025-02-10 08:39:31,Direct Traffic,-,No,2025-02-10
21584,2025-02-10 00:43:12,Direct Traffic,-,No,2025-02-10
79602,2025-02-11 10:05:57,Email,Discount Offer,No,2025-02-11
46179,2025-02-10 00:29:09,Social Media,Discount Offer,No,2025-02-10
63620,2025-02-10 13:08:13,Email,Winter Sale,Yes,2025-02-10
33979,2025-02-10 17:17:27,Referral,Retargeting,No,2025-02-10
93576,2025-02-10 16:11:34,Direct Traffic,-,Yes,2025-02-10
34672,2025-02-11 13:59:34,Referral,New Product Launch,No,2025-02-11
80549,2025-02-10 16:05:09,Referral,Brand Awareness,Yes,2025-02-10
10202,2025-02-10 10:05:57,Display Ads,New Product Launch,Yes,2025-02-10
80551,2025-02-11 07:40:51,Referral,Retargeting,No,2025-02-11
29809,2025-02-11 06:55:23,Search Ads,Retargeting,Yes,2025-02-11
40597,2025-02-10 11:47:10,Referral,Retargeting,No,2025-02-10
91449,2025-02-10 19:35:54,Search Ads,-,No,2025-02-10
35337,2025-02-11 09:38:29,Referral,New Product Launch,No,2025-02-11
85459,2025-02-11 08:49:11,Email,New Product Launch,Yes,2025-02-11
82764,2025-02-10 17:27:01,Email,Brand Awareness,No,2025-02-10
56363,2025-02-11 00:09:12,Email,Retargeting,No,2025-02-11
47566,2025-02-10 10:09:15,Display Ads,Retargeting,No,2025-02-10
56452,2025-02-11 14:00:08,Direct Traffic,-,Yes,2025-02-11
56075,2025-02-10 23:31:31,Search Ads,Retargeting,No,2025-02-10
79268,2025-02-10 23:01:12,Referral,Winter Sale,Yes,2025-02-10
51223,2025-02-11 06:26:08,Social Media,Retargeting,Yes,2025-02-11
77231,2025-02-11 09:46:28,Search Ads,Winter Sale,No,2025-02-11
23486,2025-02-10 18:27:48,Search Ads,Brand Awareness,Yes,2025-02-10
79207,2025-02-11 05:08:48,Referral,-,Yes,2025-02-11
46221,2025-02-11 17:22:34,Referral,Brand Awareness,No,2025-02-11
79408,2025-02-10 18:36:24,Display Ads,New Product Launch,Yes,2025-02-10
43398,2025-02-11 07:51:56,Direct Traffic,-,No,2025-02-11
52397,2025-02-11 23:05:21,Referral,Discount Offer,No,2025-02-11
22684,2025-02-10 03:02:02,Direct Traffic,-,Yes,2025-02-10
56968,2025-02-10 07:53:36,Direct Traffic,-,No,2025-02-10
86974,2025-02-10 07:15:12,Direct Traffic,-,Yes,2025-02-10
92565,2025-02-10 06:03:19,Search Ads,New Product Launch,Yes,2025-02-10
92565,2025-02-11 08:51:16,Direct Traffic,-,Yes,2025-02-11
76040,2025-02-11 02:58:48,Referral,New Product Launch,No,2025-02-11
67074,2025-02-11 03:51:56,Search Ads,-,Yes,2025-02-11
26824,2025-02-11 07:32:23,Email,Discount Offer,No,2025-02-11
94024,2025-02-10 06:10:09,Direct Traffic,-,Yes,2025-02-10
64541,2025-02-10 01:28:41,Social Media,-,No,2025-02-10
99627,2025-02-10 07:09:40,Search Ads,Discount Offer,No,2025-02-10
62035,2025-02-10 23:13:21,Direct Traffic,-,No,2025-02-10
25085,2025-02-11 21:17:19,Email,Retargeting,No,2025-02-11
74300,2025-02-11 15:56:29,Display Ads,Discount Offer,Yes,2025-02-11
33345,2025-02-10 19:49:17,Social Media,-,No,2025-02-10
87951,2025-02-10 16:28:42,Search Ads,Discount Offer,Yes,2025-02-10
92043,2025-02-10 05:20:18,Referral,New Product Launch,Yes,2025-02-10
41612,2025-02-11 20:35:04,Referral,-,No,2025-02-11
67860,2025-02-10 10:19:43,Display Ads,Brand Awareness,Yes,2025-02-10
49789,2025-02-10 16:47:13,Display Ads,Discount Offer,No,2025-02-10
18622,2025-02-11 20:21:58,Email,-,No,2025-02-11
28587,2025-02-10 22:07:56,Referral,Discount Offer,No,2025-02-10
44303,2025-02-11 12:52:47,Email,-,Yes,2025-02-11
71979,2025-02-11 04:01:26,Search Ads,Retargeting,Yes,2025-02-11
72929,2025-02-11 11:58:52,Social Media,Brand Awareness,Yes,2025-02-11
12217,2025-02-10 04:04:00,Email,New Product Launch,Yes,2025-02-10
50453,2025-02-11 17:51:46,Email,Retargeting,No,2025-02-11
29505,2025-02-11 17:58:01,Search Ads,Retargeting,Yes,2025-02-11
91612,2025-02-10 16:24:48,Email,-,No,2025-02-10
85422,2025-02-10 12:08:06,Search Ads,-,Yes,2025-02-10
96900,2025-02-10 00:16:36,Referral,New Product Launch,Yes,2025-02-10
70094,2025-02-11 05:41:49,Social Media,Winter Sale,No,2025-02-11
30987,2025-02-10 07:24:46,Email,New Product Launch,Yes,2025-02-10
56476,2025-02-11 07:00:14,Social Media,Retargeting,Yes,2025-02-11
31679,2025-02-10 10:34:15,Direct Traffic,-,No,2025-02-10
21788,2025-02-11 13:04:45,Email,Brand Awareness,Yes,2025-02-11
40517,2025-02-10 10:44:23,Display Ads,Discount Offer,No,2025-02-10
62061,2025-02-11 23:54:43,Referral,Retargeting,Yes,2025-02-11
62905,2025-02-10 17:13:32,Display Ads,-,Yes,2025-02-10
22280,2025-02-11 13:50:30,Search Ads,Discount Offer,Yes,2025-02-11
46954,2025-02-11 10:03:41,Email,New Product Launch,Yes,2025-02-11
91685,2025-02-10 10:04:49,Referral,Winter Sale,No,2025-02-10
65195,2025-02-11 21:39:51,Direct Traffic,-,No,2025-02-11
37474,2025-02-10 01:19:58,Display Ads,Brand Awareness,No,2025-02-10
17727,2025-02-11 18:47:38,Social Media,-,Yes,2025-02-11
37903,2025-02-10 21:05:34,Direct Traffic,-,No,2025-02-10
71979,2025-02-11 08:36:46,Referral,Winter Sale,No,2025-02-11
75328,2025-02-11 22:29:52,Display Ads,Winter Sale,Yes,2025-02-11
83481,2025-02-11 11:46:53,Direct Traffic,-,No,2025-02-11
79304,2025-02-10 03:06:19,Direct Traffic,-,No,2025-02-10
67074,2025-02-10 07:14:25,Referral,New Product Launch,No,2025-02-10
46977,2025-02-11 03:53:34,Search Ads,New Product Launch,No,2025-02-11
71026,2025-02-10 15:16:11,Referral,-,No,2025-02-10
15418,2025-02-11 16:42:11,Direct Traffic,-,Yes,2025-02-11
95745,2025-02-10 12:21:45,Referral,Winter Sale,Yes,2025-02-10
54044,2025-02-10 09:04:00,Direct Traffic,-,No,2025-02-10
52113,2025-02-10 01:32:13,Display Ads,Brand Awareness,No,2025-02-10
45758,2025-02-10 01:44:00,Search Ads,Retargeting,Yes,2025-02-10
76303,2025-02-11 11:34:34,Search Ads,Retargeting,Yes,2025-02-11
53582,2025-02-10 06:18:46,Referral,New Product Launch,No,2025-02-10
17634,2025-02-11 04:58:30,Direct Traffic,-,No,2025-02-11
51554,2025-02-10 03:26:29,Email,Retargeting,No,2025-02-10
86014,2025-02-10 17:12:19,Social Media,Discount Offer,Yes,2025-02-10
28729,2025-02-10 01:51:26,Email,-,No,2025-02-10
34073,2025-02-11 12:52:30,Display Ads,New Product Launch,No,2025-02-11
80602,2025-02-11 12:27:26,Display Ads,Discount Offer,No,2025-02-11
13775,2025-02-10 11:41:27,Direct Traffic,-,Yes,2025-02-10
70237,2025-02-11 15:36:26,Search Ads,Brand Awareness,Yes,2025-02-11
56993,2025-02-11 03:42:31,Display Ads,Brand Awareness,Yes,2025-02-11
65708,2025-02-10 11:10:07,Social Media,Retargeting,No,2025-02-10
43759,2025-02-11 17:07:18,Display Ads,New Product Launch,No,2025-02-11
83881,2025-02-11 17:55:04,Email,Discount Offer,Yes,2025-02-11
25254,2025-02-11 06:45:57,Referral,Retargeting,Yes,2025-02-11
25403,2025-02-11 00:32:15,Direct Traffic,-,Yes,2025-02-11
76645,2025-02-11 17:10:40,Email,Winter Sale,No,2025-02-11
53636,2025-02-10 07:19:10,Referral,New Product Launch,No,2025-02-10
73527,2025-02-11 00:48:03,Referral,-,No,2025-02-11
69904,2025-02-10 02:01:14,Direct Traffic,-,No,2025-02-10
47785,2025-02-10 15:05:46,Email,Brand Awareness,No,2025-02-10
19328,2025-02-11 20:50:01,Search Ads,New Product Launch,Yes,2025-02-11
69737,2025-02-10 20:17:36,Social Media,Discount Offer,Yes,2025-02-10
56007,2025-02-10 09:13:04,Display Ads,Discount Offer,Yes,2025-02-10
36135,2025-02-10 14:35:47,Referral,Retargeting,Yes,2025-02-10
44535,2025-02-11 17:34:16,Search Ads,New Product Launch,Yes,2025-02-11
17611,2025-02-11 19:52:06,Search Ads,Brand Awareness,Yes,2025-02-11
94607,2025-02-11 04:32:24,Display Ads,Brand Awareness,No,2025-02-11
32883,2025-02-10 23:24:46,Display Ads,-,No,2025-02-10
91512,2025-02-10 19:31:53,Email,New Product Launch,Yes,2025-02-10
94028,2025-02-11 09:42:45,Search Ads,Winter Sale,No,2025-02-11
73023,2025-02-10 13:23:19,Social Media,-,No,2025-02-10
93476,2025-02-10 04:35:18,Display Ads,-,No,2025-02-10
72244,2025-02-11 03:22:34,Email,Discount Offer,Yes,2025-02-11
69761,2025-02-10 18:55:23,Referral,Winter Sale,Yes,2025-02-10
86327,2025-02-10 07:49:51,Social Media,Brand Awareness,No,2025-02-10
16561,2025-02-10 04:29:05,Social Media,Discount Offer,No,2025-02-10
76328,2025-02-10 07:06:07,Social Media,-,Yes,2025-02-10
76328,2025-02-11 16:36:54,Email,Discount Offer,Yes,2025-02-11
81168,2025-02-11 21:09:51,Email,Brand Awareness,No,2025-02-11
25019,2025-02-11 14:51:10,Referral,-,Yes,2025-02-11
64870,2025-02-10 16:30:09,Email,Discount Offer,Yes,2025-02-10
74035,2025-02-11 18:09:54,Email,-,Yes,2025-02-11
14049,2025-02-10 21:34:01,Display Ads,-,No,2025-02-10
92904,2025-02-10 21:31:18,Display Ads,-,Yes,2025-02-10
23206,2025-02-10 21:28:12,Search Ads,Brand Awareness,No,2025-02-10
24845,2025-02-10 13:18:05,Display Ads,Brand Awareness,Yes,2025-02-10
43036,2025-02-10 21:36:23,Search Ads,Winter Sale,Yes,2025-02-10
80204,2025-02-11 00:06:35,Email,-,No,2025-02-11
68774,2025-02-11 03:22:07,Display Ads,New Product Launch,Yes,2025-02-11
24413,2025-02-10 04:36:21,Display Ads,Brand Awareness,Yes,2025-02-10
14782,2025-02-10 03:30:34,Display Ads,Discount Offer,Yes,2025-02-10
96285,2025-02-11 05:09:20,Display Ads,Brand Awareness,No,2025-02-11
82708,2025-02-10 23:22:09,Social Media,-,No,2025-02-10
86774,2025-02-11 13:28:19,Search Ads,Brand Awareness,No,2025-02-11
20916,2025-02-11 22:31:32,Direct Traffic,-,No,2025-02-11
89800,2025-02-11 23:04:04,Search Ads,New Product Launch,Yes,2025-02-11
45208,2025-02-10 22:37:35,Display Ads,Retargeting,Yes,2025-02-10
18448,2025-02-10 06:03:52,Social Media,Winter Sale,No,2025-02-10
14386,2025-02-11 03:48:47,Social Media,-,Yes,2025-02-11
34498,2025-02-11 18:18:07,Direct Traffic,-,No,2025-02-11
69779,2025-02-11 15:15:52,Search Ads,Discount Offer,Yes,2025-02-11
62229,2025-02-10 08:01:47,Referral,-,Yes,2025-02-10
68838,2025-02-11 00:29:34,Referral,Retargeting,Yes,2025-02-11
68700,2025-02-11 19:09:15,Email,Brand Awareness,Yes,2025-02-11
96237,2025-02-11 18:24:21,Social Media,Winter Sale,No,2025-02-11
49220,2025-02-11 12:53:49,Direct Traffic,-,No,2025-02-11
87345,2025-02-11 04:44:10,Display Ads,Discount Offer,No,2025-02-11
29837,2025-02-11 13:49:44,Referral,Brand Awareness,No,2025-02-11
19644,2025-02-10 19:51:49,Referral,Retargeting,No,2025-02-10
44827,2025-02-10 05:37:17,Referral,Retargeting,No,2025-02-10
76806,2025-02-10 03:36:35,Search Ads,Winter Sale,No,2025-02-10
52660,2025-02-11 10:23:22,Social Media,Discount Offer,No,2025-02-11
79835,2025-02-10 10:21:13,Search Ads,Winter Sale,No,2025-02-10
66854,2025-02-11 14:43:31,Social Media,New Product Launch,No,2025-02-11
51268,2025-02-11 16:50:40,Display Ads,New Product Launch,Yes,2025-02-11
15924,2025-02-11 00:57:30,Social Media,Winter Sale,Yes,2025-02-11
77231,2025-02-10 03:03:58,Display Ads,-,No,2025-02-10
74915,2025-02-10 15:56:02,Display Ads,Discount Offer,No,2025-02-10
69039,2025-02-10 21:48:52,Search Ads,Winter Sale,No,2025-02-10
30578,2025-02-10 23:50:16,Social Media,Discount Offer,Yes,2025-02-10
59840,2025-02-11 10:44:26,Referral,Winter Sale,Yes,2025-02-11
79883,2025-02-11 02:30:55,Search Ads,Brand Awareness,Yes,2025-02-11
58938,2025-02-10 19:48:36,Search Ads,New Product Launch,Yes,2025-02-10
14782,2025-02-11 13:56:13,Social Media,Discount Offer,Yes,2025-02-11
19759,2025-02-10 21:50:22,Email,Brand Awareness,No,2025-02-10
54549,2025-02-10 23:35:37,Direct Traffic,-,Yes,2025-02-10
85419,2025-02-11 18:49:49,Social Media,Brand Awareness,No,2025-02-11
56125,2025-02-10 16:19:20,Display Ads,Brand Awareness,Yes,2025-02-10
10317,2025-02-11 09:14:56,Search Ads,New Product Launch,No,2025-02-11
89128,2025-02-10 13:07:08,Referral,Winter Sale,No,2025-02-10
20510,2025-02-10 02:23:51,Social Media,Retargeting,No,2025-02-10
61019,2025-02-10 00:03:50,Direct Traffic,-,No,2025-02-10
12269,2025-02-10 18:19:23,Display Ads,Discount Offer,No,2025-02-10
43014,2025-02-11 04:42:53,Referral,Brand Awareness,Yes,2025-02-11
30582,2025-02-10 00:08:11,Email,Brand Awareness,Yes,2025-02-10
31308,2025-02-11 17:54:29,Direct Traffic,-,No,2025-02-11
20743,2025-02-11 15:37:09,Display Ads,Winter Sale,Yes,2025-02-11
46827,2025-02-11 07:25:48,Email,Discount Offer,Yes,2025-02-11
70272,2025-02-11 00:06:39,Email,Brand Awareness,No,2025-02-11
95114,2025-02-10 21:11:23,Display Ads,Retargeting,No,2025-02-10
49789,2025-02-10 20:49:12,Search Ads,Brand Awareness,No,2025-02-10
33601,2025-02-10 08:34:57,Email,-,No,2025-02-10
54821,2025-02-11 10:55:11,Display Ads,-,No,2025-02-11
42970,2025-02-10 05:38:19,Social Media,Retargeting,No,2025-02-10
12877,2025-02-11 08:45:07,Email,Retargeting,No,2025-02-11
17726,2025-02-11 00:42:00,Email,Winter Sale,No,2025-02-11
63323,2025-02-10 20:53:37,Email,Discount Offer,No,2025-02-10
49991,2025-02-11 12:53:06,Referral,Brand Awareness,Yes,2025-02-11
42809,2025-02-10 07:09:19,Email,Retargeting,No,2025-02-10
42610,2025-02-10 23:35:19,Direct Traffic,-,Yes,2025-02-10
72337,2025-02-11 00:42:10,Direct Traffic,-,No,2025-02-11
70604,2025-02-10 16:56:39,Direct Traffic,-,Yes,2025-02-10
46658,2025-02-11 18:55:05,Display Ads,-,Yes,2025-02-11
86658,2025-02-11 23:01:23,Referral,Discount Offer,No,2025-02-11
59390,2025-02-11 23:19:15,Social Media,New Product Launch,Yes,2025-02-11
68841,2025-02-11 16:29:13,Social Media,New Product Launch,No,2025-02-11
43065,2025-02-11 08:42:54,Social Media,Winter Sale,Yes,2025-02-11
81190,2025-02-11 08:11:58,Social Media,Retargeting,No,2025-02-11
69316,2025-02-10 12:48:53,Referral,-,Yes,2025-02-10
91019,2025-02-11 06:09:44,Display Ads,-,No,2025-02-11
63095,2025-02-11 12:12:50,Social Media,New Product Launch,Yes,2025-02-11
86414,2025-02-10 15:37:17,Display Ads,Winter Sale,Yes,2025-02-10
98242,2025-02-11 22:57:55,Email,Brand Awareness,No,2025-02-11
22917,2025-02-10 12:07:12,Display Ads,Discount Offer,No,2025-02-10
99093,2025-02-11 00:55:27,Search Ads,Winter Sale,Yes,2025-02-11
46988,2025-02-11 11:28:53,Direct Traffic,-,No,2025-02-11
32877,2025-02-10 00:50:27,Display Ads,Winter Sale,No,2025-02-10
92167,2025-02-11 07:06:55,Search Ads,New Product Launch,Yes,2025-02-11
74139,2025-02-10 15:13:52,Direct Traffic,-,Yes,2025-02-10
83798,2025-02-10 21:22:13,Search Ads,Winter Sale,No,2025-02-10
91051,2025-02-11 10:52:58,Email,-,Yes,2025-02-11
31439,2025-02-11 17:01:22,Social Media,Brand Awareness,No,2025-02-11
87851,2025-02-10 02:40:20,Direct Traffic,-,Yes,2025-02-10
45832,2025-02-10 10:15:36,Display Ads,Winter Sale,Yes,2025-02-10
63337,2025-02-10 01:00:39,Direct Traffic,-,No,2025-02-10
54259,2025-02-10 09:34:30,Direct Traffic,-,No,2025-02-10
97881,2025-02-11 02:55:17,Referral,-,No,2025-02-11
10374,2025-02-10 12:42:37,Email,New Product Launch,Yes,2025-02-10
88293,2025-02-10 20:21:37,Email,New Product Launch,Yes,2025-02-10
84567,2025-02-11 00:59:15,Referral,New Product Launch,No,2025-02-11
59109,2025-02-10 17:15:25,Referral,Winter Sale,Yes,2025-02-10
77597,2025-02-10 16:58:03,Direct Traffic,-,No,2025-02-10
30888,2025-02-11 04:23:04,Display Ads,Discount Offer,Yes,2025-02-11
35726,2025-02-10 05:58:02,Search Ads,New Product Launch,No,2025-02-10
27438,2025-02-11 20:57:54,Social Media,-,Yes,2025-02-11
68700,2025-02-11 19:33:25,Search Ads,Winter Sale,No,2025-02-11
90114,2025-02-10 03:34:10,Search Ads,Discount Offer,No,2025-02-10
39004,2025-02-10 06:53:24,Email,-,Yes,2025-02-10
60798,2025-02-11 21:08:39,Social Media,Brand Awareness,Yes,2025-02-11
82938,2025-02-11 01:16:53,Search Ads,-,Yes,2025-02-11
64705,2025-02-11 15:38:03,Social Media,New Product Launch,Yes,2025-02-11
27438,2025-02-11 16:50:58,Search Ads,Discount Offer,Yes,2025-02-11
62107,2025-02-11 21:35:09,Referral,Retargeting,Yes,2025-02-11
92621,2025-02-10 12:00:10,Social Media,Retargeting,Yes,2025-02-10
29368,2025-02-11 04:39:11,Referral,-,Yes,2025-02-11
38286,2025-02-10 12:01:56,Direct Traffic,-,No,2025-02-10
54089,2025-02-10 09:39:45,Direct Traffic,-,Yes,2025-02-10
71911,2025-02-10 08:26:50,Display Ads,Winter Sale,No,2025-02-10
95739,2025-02-10 00:34:42,Display Ads,Retargeting,No,2025-02-10
60156,2025-02-10 16:47:49,Social Media,Brand Awareness,No,2025-02-10
10303,2025-02-10 09:14:15,Referral,Discount Offer,Yes,2025-02-10
66008,2025-02-10 23:28:13,Referral,Winter Sale,Yes,2025-02-10
63685,2025-02-11 02:37:36,Display Ads,Winter Sale,No,2025-02-11
13035,2025-02-11 05:31:12,Search Ads,Brand Awareness,Yes,2025-02-11
52154,2025-02-11 21:57:51,Email,-,Yes,2025-02-11
45340,2025-02-11 13:51:52,Display Ads,Winter Sale,Yes,2025-02-11
58496,2025-02-10 09:51:27,Social Media,Brand Awareness,Yes,2025-02-10
11831,2025-02-10 12:16:29,Search Ads,Winter Sale,No,2025-02-10
39251,2025-02-10 09:28:12,Referral,Retargeting,No,2025-02-10
96740,2025-02-11 06:28:03,Email,Winter Sale,No,2025-02-11
64521,2025-02-10 15:53:44,Referral,Retargeting,Yes,2025-02-10
69316,2025-02-10 06:41:35,Display Ads,-,Yes,2025-02-10
63192,2025-02-11 00:54:50,Display Ads,-,No,2025-02-11
58748,2025-02-11 05:58:57,Referral,New Product Launch,Yes,2025-02-11
50704,2025-02-11 05:46:53,Email,Retargeting,No,2025-02-11
33019,2025-02-10 21:31:04,Social Media,Discount Offer,No,2025-02-10
11780,2025-02-11 13:49:28,Email,Winter Sale,Yes,2025-02-11
94832,2025-02-11 17:17:21,Direct Traffic,-,No,2025-02-11
41062,2025-02-10 09:35:24,Search Ads,-,Yes,2025-02-10
17761,2025-02-11 02:47:52,Social Media,Brand Awareness,Yes,2025-02-11
52609,2025-02-11 11:32:18,Social Media,Retargeting,Yes,2025-02-11
21755,2025-02-11 02:13:46,Direct Traffic,-,No,2025-02-11
53536,2025-02-11 02:55:27,Email,Retargeting,No,2025-02-11
34649,2025-02-11 20:57:12,Display Ads,Retargeting,No,2025-02-11
20895,2025-02-11 02:10:23,Display Ads,New Product Launch,Yes,2025-02-11
30380,2025-02-10 19:31:34,Social Media,New Product Launch,Yes,2025-02-10
10120,2025-02-10 09:11:15,Referral,Winter Sale,No,2025-02-10
94229,2025-02-10 08:41:12,Referral,Brand Awareness,No,2025-02-10
32550,2025-02-11 09:46:34,Display Ads,Discount Offer,Yes,2025-02-11
24114,2025-02-10 07:52:01,Social Media,Winter Sale,Yes,2025-02-10
55744,2025-02-10 11:57:40,Search Ads,Winter Sale,No,2025-02-10
21668,2025-02-10 11:51:30,Social Media,Brand Awareness,Yes,2025-02-10
76276,2025-02-11 01:35:09,Search Ads,Brand Awareness,Yes,2025-02-11
62022,2025-02-11 04:37:45,Search Ads,Discount Offer,No,2025-02-11
35923,2025-02-11 13:41:24,Social Media,Winter Sale,Yes,2025-02-11
59480,2025-02-10 01:27:06,Referral,Winter Sale,Yes,2025-02-10
26827,2025-02-10 07:31:46,Social Media,-,No,2025-02-10
26430,2025-02-11 16:12:40,Search Ads,Winter Sale,Yes,2025-02-11
21628,2025-02-10 20:22:47,Direct Traffic,-,No,2025-02-10
77845,2025-02-11 21:14:46,Referral,Retargeting,Yes,2025-02-11
43721,2025-02-10 00:40:51,Search Ads,-,Yes,2025-02-10
91019,2025-02-10 10:27:46,Direct Traffic,-,No,2025-02-10
13471,2025-02-11 19:26:24,Search Ads,Retargeting,Yes,2025-02-11
21537,2025-02-11 17:46:41,Social Media,Retargeting,No,2025-02-11
76514,2025-02-10 14:29:00,Search Ads,New Product Launch,No,2025-02-10
85046,2025-02-10 08:30:35,Referral,-,Yes,2025-02-10
15052,2025-02-11 10:34:49,Direct Traffic,-,No,2025-02-11
56733,2025-02-11 10:26:41,Search Ads,New Product Launch,No,2025-02-11
69904,2025-02-10 10:47:36,Email,Brand Awareness,No,2025-02-10
96855,2025-02-10 20:30:48,Direct Traffic,-,Yes,2025-02-10
96671,2025-02-11 13:36:48,Search Ads,Retargeting,No,2025-02-11
62494,2025-02-10 19:31:54,Email,-,Yes,2025-02-10
53599,2025-02-11 17:07:45,Referral,New Product Launch,Yes,2025-02-11
59072,2025-02-10 14:39:48,Display Ads,Brand Awareness,Yes,2025-02-10
25874,2025-02-11 06:11:56,Referral,-,Yes,2025-02-11
10698,2025-02-11 03:23:43,Display Ads,Brand Awareness,No,2025-02-11
86700,2025-02-10 12:39:08,Display Ads,Retargeting,No,2025-02-10
55035,2025-02-10 15:34:44,Search Ads,New Product Launch,Yes,2025-02-10
80804,2025-02-11 22:19:21,Referral,New Product Launch,No,2025-02-11
35824,2025-02-11 17:43:59,Referral,Retargeting,No,2025-02-11
40666,2025-02-11 03:16:13,Search Ads,New Product Launch,No,2025-02-11
21668,2025-02-10 18:39:22,Search Ads,-,No,2025-02-10
79906,2025-02-11 13:06:52,Display Ads,Brand Awareness,Yes,2025-02-11
57385,2025-02-10 16:32:31,Direct Traffic,-,Yes,2025-02-10
87228,2025-02-10 11:36:09,Search Ads,Retargeting,Yes,2025-02-10
36393,2025-02-10 19:14:52,Direct Traffic,-,Yes,2025-02-10
37856,2025-02-10 05:54:30,Email,Retargeting,Yes,2025-02-10
31190,2025-02-11 00:40:41,Referral,Discount Offer,No,2025-02-11
94970,2025-02-10 15:33:38,Referral,-,Yes,2025-02-10
81446,2025-02-11 21:31:45,Social Media,Winter Sale,No,2025-02-11
26648,2025-02-11 01:31:25,Email,Retargeting,No,2025-02-11
98310,2025-02-11 00:52:05,Referral,Discount Offer,Yes,2025-02-11
59032,2025-02-11 13:25:32,Direct Traffic,-,No,2025-02-11
34708,2025-02-11 03:02:14,Display Ads,Retargeting,Yes,2025-02-11
32391,2025-02-10 18:15:30,Email,Winter Sale,No,2025-02-10
49128,2025-02-11 01:14:07,Email,Retargeting,No,2025-02-11
90635,2025-02-11 09:47:28,Referral,Retargeting,Yes,2025-02-11
62128,2025-02-10 02:19:54,Search Ads,-,No,2025-02-10
35324,2025-02-10 23:49:05,Referral,Brand Awareness,Yes,2025-02-10
70949,2025-02-11 01:11:31,Direct Traffic,-,Yes,2025-02-11
12269,2025-02-10 22:44:27,Social Media,Discount Offer,No,2025-02-10
84567,2025-02-10 14:36:54,Referral,-,Yes,2025-02-10
22725,2025-02-11 14:47:07,Search Ads,Retargeting,No,2025-02-11
16536,2025-02-10 22:54:59,Social Media,Retargeting,Yes,2025-02-10
62264,2025-02-10 10:10:24,Search Ads,-,No,2025-02-10
23781,2025-02-10 07:44:03,Social Media,-,Yes,2025-02-10
46014,2025-02-11 04:32:47,Social Media,Retargeting,No,2025-02-11
55587,2025-02-11 14:58:55,Direct Traffic,-,No,2025-02-11
28623,2025-02-10 17:13:57,Display Ads,Discount Offer,No,2025-02-10
60469,2025-02-11 09:20:45,Direct Traffic,-,No,2025-02-11
63489,2025-02-11 11:37:28,Display Ads,-,Yes,2025-02-11
19679,2025-02-10 03:55:36,Referral,-,Yes,2025-02-10
50783,2025-02-10 15:03:30,Display Ads,Brand Awareness,Yes,2025-02-10
16834,2025-02-10 16:43:08,Referral,Retargeting,No,2025-02-10
62107,2025-02-10 13:50:59,Direct Traffic,-,No,2025-02-10
91019,2025-02-11 23:10:10,Social Media,Discount Offer,Yes,2025-02-11
51558,2025-02-10 07:42:40,Social Media,Brand Awareness,No,2025-02-10
80944,2025-02-11 02:17:02,Direct Traffic,-,No,2025-02-11
32651,2025-02-11 16:21:53,Referral,New Product Launch,Yes,2025-02-11
92337,2025-02-10 13:47:21,Email,Winter Sale,No,2025-02-10
44675,2025-02-10 17:37:44,Search Ads,New Product Launch,No,2025-02-10
11798,2025-02-10 04:38:20,Direct Traffic,-,No,2025-02-10
32828,2025-02-10 05:20:21,Display Ads,Retargeting,No,2025-02-10
27306,2025-02-11 20:51:29,Social Media,Retargeting,No,2025-02-11
19364,2025-02-11 13:14:56,Referral,Discount Offer,No,2025-02-11
39321,2025-02-11 01:57:19,Referral,New Product Launch,No,2025-02-11
85426,2025-02-11 08:25:24,Direct Traffic,-,No,2025-02-11
99746,2025-02-11 16:20:16,Direct Traffic,-,Yes,2025-02-11
66748,2025-02-10 13:51:45,Direct Traffic,-,Yes,2025-02-10
45053,2025-02-11 13:47:10,Email,Retargeting,No,2025-02-11
75595,2025-02-11 12:46:06,Display Ads,Discount Offer,Yes,2025-02-11
15208,2025-02-10 14:42:07,Search Ads,Winter Sale,Yes,2025-02-10
90415,2025-02-10 21:59:18,Email,New Product Launch,Yes,2025-02-10
34653,2025-02-11 11:02:53,Direct Traffic,-,Yes,2025-02-11
12225,2025-02-10 19:20:59,Email,Brand Awareness,Yes,2025-02-10
41411,2025-02-11 00:40:54,Direct Traffic,-,Yes,2025-02-11
54766,2025-02-11 23:56:54,Direct Traffic,-,No,2025-02-11
75095,2025-02-10 20:23:01,Email,Winter Sale,No,2025-02-10
46055,2025-02-10 01:19:22,Direct Traffic,-,Yes,2025-02-10
34573,2025-02-11 08:44:52,Referral,Discount Offer,Yes,2025-02-11
77098,2025-02-10 19:32:59,Referral,-,Yes,2025-02-10
16004,2025-02-11 03:20:28,Display Ads,Brand Awareness,Yes,2025-02-11
35337,2025-02-11 23:44:25,Display Ads,Retargeting,Yes,2025-02-11
67722,2025-02-10 06:28:45,Social Media,Discount Offer,Yes,2025-02-10
44261,2025-02-11 02:20:28,Direct Traffic,-,Yes,2025-02-11
59110,2025-02-11 03:13:16,Social Media,Discount Offer,Yes,2025-02-11
63781,2025-02-10 15:45:55,Referral,New Product Launch,Yes,2025-02-10
75804,2025-02-11 04:26:32,Social Media,-,Yes,2025-02-11
26622,2025-02-11 03:18:42,Search Ads,Brand Awareness,Yes,2025-02-11
65740,2025-02-11 09:25:57,Email,New Product Launch,Yes,2025-02-11
79796,2025-02-10 15:02:52,Display Ads,Brand Awareness,No,2025-02-10
31021,2025-02-11 08:26:52,Social Media,New Product Launch,Yes,2025-02-11
60095,2025-02-10 06:27:07,Direct Traffic,-,No,2025-02-10
53526,2025-02-10 19:46:00,Email,-,No,2025-02-10
65832,2025-02-10 20:35:12,Search Ads,Winter Sale,Yes,2025-02-10
33255,2025-02-11 01:40:55,Direct Traffic,-,Yes,2025-02-11
92974,2025-02-10 01:32:49,Email,Discount Offer,No,2025-02-10
94832,2025-02-11 00:46:14,Display Ads,Winter Sale,Yes,2025-02-11
93007,2025-02-11 04:31:07,Display Ads,Brand Awareness,No,2025-02-11
60236,2025-02-11 07:24:23,Social Media,Discount Offer,Yes,2025-02-11
80552,2025-02-10 11:20:40,Email,-,No,2025-02-10
12269,2025-02-11 21:01:18,Social Media,Winter Sale,No,2025-02-11
18565,2025-02-11 03:33:09,Referral,Retargeting,Yes,2025-02-11
35129,2025-02-10 01:31:35,Direct Traffic,-,No,2025-02-10
22387,2025-02-10 17:51:41,Referral,New Product Launch,Yes,2025-02-10
90964,2025-02-10 07:33:23,Social Media,-,Yes,2025-02-10
64142,2025-02-10 18:07:56,Direct Traffic,-,No,2025-02-10
36126,2025-02-10 22:58:18,Referral,Winter Sale,No,2025-02-10
13184,2025-02-11 11:04:09,Email,-,No,2025-02-11
69351,2025-02-11 06:35:38,Social Media,-,Yes,2025-02-11
85732,2025-02-10 18:22:27,Display Ads,-,Yes,2025-02-10
95694,2025-02-11 03:38:20,Direct Traffic,-,No,2025-02-11
58481,2025-02-11 05:47:15,Social Media,New Product Launch,Yes,2025-02-11
77908,2025-02-10 21:51:17,Direct Traffic,-,No,2025-02-10
80282,2025-02-11 23:52:34,Email,Retargeting,Yes,2025-02-11
62494,2025-02-10 10:49:10,Email,Discount Offer,Yes,2025-02-10
43218,2025-02-10 02:57:50,Referral,Discount Offer,Yes,2025-02-10
41062,2025-02-10 23:34:44,Referral,Retargeting,No,2025-02-10
32954,2025-02-11 10:15:49,Social Media,Retargeting,No,2025-02-11
93576,2025-02-10 16:21:23,Search Ads,-,Yes,2025-02-10
35887,2025-02-11 07:03:38,Referral,Winter Sale,Yes,2025-02-11
70604,2025-02-11 03:08:16,Display Ads,-,Yes,2025-02-11
78752,2025-02-10 13:41:36,Display Ads,New Product Launch,Yes,2025-02-10
16979,2025-02-11 23:14:58,Direct Traffic,-,No,2025-02-11
83281,2025-02-10 16:18:25,Email,Winter Sale,No,2025-02-10
17611,2025-02-10 20:13:45,Email,Retargeting,No,2025-02-10
68708,2025-02-10 09:07:36,Search Ads,Retargeting,No,2025-02-10
40211,2025-02-10 08:17:58,Email,Discount Offer,No,2025-02-10
49128,2025-02-11 12:53:21,Search Ads,Brand Awareness,Yes,2025-02-11
53024,2025-02-11 10:59:27,Direct Traffic,-,No,2025-02-11
82225,2025-02-11 12:14:31,Direct Traffic,-,Yes,2025-02-11
78830,2025-02-11 01:07:10,Display Ads,Brand Awareness,Yes,2025-02-11
71036,2025-02-11 12:06:07,Search Ads,New Product Launch,No,2025-02-11
38683,2025-02-10 22:26:33,Search Ads,Brand Awareness,No,2025-02-10
76911,2025-02-10 01:48:15,Search Ads,Brand Awareness,Yes,2025-02-10
38683,2025-02-11 04:36:46,Direct Traffic,-,No,2025-02-11
90131,2025-02-11 10:36:00,Referral,Discount Offer,No,2025-02-11
11784,2025-02-11 01:00:07,Search Ads,New Product Launch,No,2025-02-11
69194,2025-02-10 16:45:12,Referral,-,No,2025-02-10
84693,2025-02-11 19:05:58,Search Ads,Discount Offer,Yes,2025-02-11
63751,2025-02-10 07:14:39,Display Ads,New Product Launch,No,2025-02-10
81168,2025-02-10 04:00:58,Referral,New Product Launch,Yes,2025-02-10
31324,2025-02-10 01:00:08,Social Media,-,Yes,2025-02-10
17012,2025-02-11 00:02:38,Display Ads,New Product Launch,Yes,2025-02-11
51934,2025-02-11 04:04:21,Search Ads,-,No,2025-02-11
58969,2025-02-10 04:05:58,Social Media,Retargeting,No,2025-02-10
24810,2025-02-11 10:31:13,Direct Traffic,-,Yes,2025-02-11
71460,2025-02-10 07:16:32,Search Ads,-,No,2025-02-10
27735,2025-02-11 01:49:42,Direct Traffic,-,Yes,2025-02-11
11686,2025-02-11 22:31:30,Referral,Brand Awareness,Yes,2025-02-11
48706,2025-02-11 13:34:33,Direct Traffic,-,No,2025-02-11
63337,2025-02-10 10:19:12,Social Media,Discount Offer,No,2025-02-10
60996,2025-02-10 15:38:38,Direct Traffic,-,Yes,2025-02-10
90359,2025-02-10 07:36:30,Display Ads,Winter Sale,Yes,2025-02-10
31273,2025-02-11 19:47:49,Search Ads,Winter Sale,Yes,2025-02-11
45758,2025-02-11 21:47:05,Email,Discount Offer,Yes,2025-02-11
30087,2025-02-10 14:00:24,Referral,New Product Launch,No,2025-02-10
39128,2025-02-11 02:04:43,Social Media,Retargeting,Yes,2025-02-11
72244,2025-02-10 14:57:45,Direct Traffic,-,No,2025-02-10
59077,2025-02-10 23:57:13,Search Ads,Discount Offer,Yes,2025-02-10
12756,2025-02-10 11:08:29,Email,Discount Offer,No,2025-02-10
85535,2025-02-10 12:35:59,Email,-,Yes,2025-02-10
43623,2025-02-11 09:44:44,Search Ads,Brand Awareness,Yes,2025-02-11
56476,2025-02-11 03:35:42,Email,-,No,2025-02-11
78646,2025-02-11 03:22:09,Display Ads,Winter Sale,No,2025-02-11
92988,2025-02-10 06:24:53,Social Media,New Product Launch,No,2025-02-10
71827,2025-02-11 10:57:28,Referral,New Product Launch,Yes,2025-02-11
96523,2025-02-11 14:07:09,Email,New Product Launch,No,2025-02-11
27048,2025-02-11 23:35:38,Direct Traffic,-,No,2025-02-11
64867,2025-02-10 07:21:21,Search Ads,-,No,2025-02-10
20524,2025-02-10 02:14:36,Direct Traffic,-,No,2025-02-10
52660,2025-02-10 13:52:17,Display Ads,New Product Launch,Yes,2025-02-10
67722,2025-02-10 10:17:41,Referral,Retargeting,No,2025-02-10
51068,2025-02-11 21:51:48,Direct Traffic,-,No,2025-02-11
29149,2025-02-11 01:12:47,Search Ads,Discount Offer,No,2025-02-11
41755,2025-02-11 04:13:51,Display Ads,Winter Sale,No,2025-02-11
78980,2025-02-10 19:22:05,Display Ads,Retargeting,No,2025-02-10
29238,2025-02-10 22:58:54,Direct Traffic,-,No,2025-02-10
97280,2025-02-10 00:26:03,Referral,Brand Awareness,Yes,2025-02-10
15351,2025-02-11 19:12:17,Referral,Winter Sale,No,2025-02-11
60095,2025-02-11 02:07:04,Email,New Product Launch,Yes,2025-02-11
32160,2025-02-11 17:05:41,Display Ads,Winter Sale,No,2025-02-11
92673,2025-02-11 22:49:29,Referral,Retargeting,No,2025-02-11
91772,2025-02-10 21:09:04,Referral,Winter Sale,No,2025-02-10
38578,2025-02-11 06:00:34,Display Ads,Discount Offer,No,2025-02-11
80604,2025-02-10 00:55:13,Referral,Discount Offer,No,2025-02-10
60798,2025-02-10 00:52:29,Email,Discount Offer,Yes,2025-02-10
76743,2025-02-11 22:22:09,Direct Traffic,-,No,2025-02-11
23233,2025-02-10 18:50:12,Email,New Product Launch,No,2025-02-10
79461,2025-02-10 23:22:13,Social Media,New Product Launch,Yes,2025-02-10
92692,2025-02-10 22:34:42,Display Ads,Discount Offer,Yes,2025-02-10
91565,2025-02-11 19:02:12,Direct Traffic,-,Yes,2025-02-11
42824,2025-02-10 04:06:19,Display Ads,Winter Sale,No,2025-02-10
58510,2025-02-11 17:47:48,Referral,Discount Offer,Yes,2025-02-11
95449,2025-02-11 02:16:24,Display Ads,Brand Awareness,No,2025-02-11
57079,2025-02-11 12:05:34,Direct Traffic,-,No,2025-02-11
90332,2025-02-11 19:57:43,Search Ads,Retargeting,Yes,2025-02-11
89730,2025-02-10 03:19:34,Referral,Winter Sale,No,2025-02-10
10414,2025-02-11 09:07:12,Social Media,Brand Awareness,No,2025-02-11
88357,2025-02-11 18:29:44,Search Ads,New Product Launch,Yes,2025-02-11
44528,2025-02-10 04:43:00,Direct Traffic,-,No,2025-02-10
13139,2025-02-11 22:47:54,Referral,Brand Awareness,No,2025-02-11
39994,2025-02-11 04:34:10,Direct Traffic,-,No,2025-02-11
13186,2025-02-10 03:37:25,Direct Traffic,-,No,2025-02-10
62264,2025-02-11 21:37:24,Referral,-,Yes,2025-02-11
97756,2025-02-11 14:10:17,Social Media,Winter Sale,No,2025-02-11
57389,2025-02-11 09:54:42,Display Ads,New Product Launch,Yes,2025-02-11
63274,2025-02-10 16:11:11,Social Media,-,Yes,2025-02-10
39770,2025-02-11 00:58:53,Social Media,Winter Sale,Yes,2025-02-11
23927,2025-02-10 15:40:48,Social Media,Retargeting,No,2025-02-10
63473,2025-02-11 23:19:03,Direct Traffic,-,No,2025-02-11
28848,2025-02-10 13:49:50,Referral,New Product Launch,No,2025-02-10
81964,2025-02-10 13:30:42,Email,New Product Launch,No,2025-02-10
93811,2025-02-10 07:01:45,Social Media,New Product Launch,Yes,2025-02-10
79164,2025-02-11 11:59:07,Social Media,-,No,2025-02-11
85419,2025-02-10 00:49:43,Email,Winter Sale,No,2025-02-10
70272,2025-02-11 21:09:33,Referral,Discount Offer,No,2025-02-11
31133,2025-02-11 05:24:05,Referral,-,Yes,2025-02-11
86539,2025-02-11 22:29:10,Social Media,Brand Awareness,No,2025-02-11
22270,2025-02-11 00:32:53,Direct Traffic,-,No,2025-02-11
42501,2025-02-11 14:19:04,Display Ads,Retargeting,No,2025-02-11
17287,2025-02-10 00:00:39,Display Ads,Brand Awareness,No,2025-02-10
41563,2025-02-11 01:55:26,Email,Winter Sale,Yes,2025-02-11
30468,2025-02-10 14:35:05,Social Media,-,No,2025-02-10
59109,2025-02-11 19:40:48,Referral,Brand Awareness,Yes,2025-02-11
21755,2025-02-11 10:18:09,Direct Traffic,-,No,2025-02-11
92445,2025-02-11 16:08:11,Email,Brand Awareness,Yes,2025-02-11
17614,2025-02-11 23:22:28,Direct Traffic,-,No,2025-02-11
44026,2025-02-11 03:02:58,Search Ads,-,Yes,2025-02-11
91679,2025-02-11 04:16:15,Social Media,Winter Sale,No,2025-02-11
52609,2025-02-10 13:35:08,Display Ads,-,No,2025-02-10
71036,2025-02-11 12:53:08,Email,Retargeting,Yes,2025-02-11
11801,2025-02-10 01:14:32,Search Ads,New Product Launch,Yes,2025-02-10
42905,2025-02-11 00:48:26,Social Media,New Product Launch,No,2025-02-11
56968,2025-02-10 02:17:57,Email,-,Yes,2025-02-10
66408,2025-02-10 17:31:32,Display Ads,-,No,2025-02-10
10415,2025-02-10 22:16:20,Direct Traffic,-,Yes,2025-02-10
28524,2025-02-10 18:25:06,Social Media,Retargeting,No,2025-02-10
28171,2025-02-11 19:17:32,Direct Traffic,-,No,2025-02-11
95840,2025-02-10 00:41:34,Referral,-,Yes,2025-02-10
15596,2025-02-11 17:47:36,Email,Brand Awareness,Yes,2025-02-11
35961,2025-02-10 10:42:15,Direct Traffic,-,No,2025-02-10
85375,2025-02-11 19:23:12,Search Ads,-,No,2025-02-11
66881,2025-02-11 18:44:25,Direct Traffic,-,No,2025-02-11
47302,2025-02-10 06:54:45,Display Ads,Retargeting,Yes,2025-02-10
43014,2025-02-11 05:07:38,Direct Traffic,-,Yes,2025-02-11
50839,2025-02-11 01:12:47,Referral,Retargeting,Yes,2025-02-11
24256,2025-02-11 19:46:49,Email,Brand Awareness,Yes,2025-02-11
90712,2025-02-10 21:09:09,Display Ads,Retargeting,No,2025-02-10
67809,2025-02-10 11:45:40,Search Ads,New Product Launch,No,2025-02-10
48298,2025-02-10 05:55:01,Display Ads,Retargeting,Yes,2025-02-10
59144,2025-02-11 03:32:31,Direct Traffic,-,No,2025-02-11
54121,2025-02-10 01:31:17,Email,Brand Awareness,No,2025-02-10
74104,2025-02-11 00:23:46,Search Ads,New Product Launch,No,2025-02-11
43298,2025-02-10 13:17:00,Direct Traffic,-,Yes,2025-02-10
31703,2025-02-11 22:43:20,Social Media,Retargeting,No,2025-02-11
94932,2025-02-10 04:04:04,Email,-,No,2025-02-10
94028,2025-02-11 10:41:03,Social Media,-,Yes,2025-02-11
50216,2025-02-11 07:52:20,Social Media,Discount Offer,Yes,2025-02-11
58258,2025-02-11 22:14:04,Email,Discount Offer,Yes,2025-02-11
86414,2025-02-11 21:18:26,Email,New Product Launch,Yes,2025-02-11
15105,2025-02-10 21:35:57,Social Media,-,No,2025-02-10
26582,2025-02-11 03:19:25,Display Ads,Brand Awareness,Yes,2025-02-11
52142,2025-02-11 07:13:17,Direct Traffic,-,Yes,2025-02-11
51554,2025-02-11 04:42:42,Display Ads,Retargeting,No,2025-02-11
11511,2025-02-11 07:34:12,Referral,-,No,2025-02-11
24956,2025-02-10 13:33:13,Direct Traffic,-,Yes,2025-02-10
27437,2025-02-11 09:23:49,Referral,Discount Offer,Yes,2025-02-11
73412,2025-02-10 00:46:21,Referral,Brand Awareness,Yes,2025-02-10
27571,2025-02-11 16:03:28,Search Ads,Retargeting,Yes,2025-02-11
10095,2025-02-10 21:59:46,Email,Retargeting,Yes,2025-02-10
39400,2025-02-11 08:43:56,Referral,New Product Launch,No,2025-02-11
88885,2025-02-11 05:16:42,Social Media,Discount Offer,Yes,2025-02-11
33843,2025-02-11 04:22:35,Direct Traffic,-,Yes,2025-02-11
99697,2025-02-11 13:36:47,Social Media,Retargeting,Yes,2025-02-11
38392,2025-02-11 05:28:32,Direct Traffic,-,No,2025-02-11
73264,2025-02-10 12:46:42,Social Media,Brand Awareness,No,2025-02-10
63337,2025-02-11 05:22:53,Social Media,Discount Offer,No,2025-02-11
80298,2025-02-10 07:23:51,Social Media,-,Yes,2025-02-10
95275,2025-02-11 15:11:14,Social Media,-,No,2025-02-11
50952,2025-02-11 16:23:28,Search Ads,Winter Sale,Yes,2025-02-11
91772,2025-02-11 07:31:03,Email,-,No,2025-02-11
60881,2025-02-11 12:45:35,Direct Traffic,-,No,2025-02-11
84060,2025-02-11 08:49:12,Email,Brand Awareness,Yes,2025-02-11
79444,2025-02-10 03:26:21,Referral,Winter Sale,Yes,2025-02-10
20999,2025-02-10 23:32:32,Direct Traffic,-,Yes,2025-02-10
84041,2025-02-11 21:19:44,Search Ads,Winter Sale,Yes,2025-02-11
16916,2025-02-10 11:55:03,Social Media,Brand Awareness,No,2025-02-10
10167,2025-02-10 14:59:06,Display Ads,Brand Awareness,No,2025-02-10
89132,2025-02-10 10:22:55,Social Media,-,No,2025-02-10
91512,2025-02-10 17:12:26,Search Ads,-,Yes,2025-02-10
75712,2025-02-10 01:34:19,Search Ads,Winter Sale,No,2025-02-10
82701,2025-02-11 14:20:56,Email,Brand Awareness,No,2025-02-11
66382,2025-02-11 12:06:16,Email,Discount Offer,Yes,2025-02-11
73141,2025-02-11 09:55:55,Social Media,Discount Offer,Yes,2025-02-11
63367,2025-02-11 17:12:18,Search Ads,Brand Awareness,Yes,2025-02-11
60684,2025-02-11 19:42:08,Referral,New Product Launch,Yes,2025-02-11
99748,2025-02-10 12:04:34,Display Ads,Discount Offer,Yes,2025-02-10
92988,2025-02-11 00:52:15,Referral,New Product Launch,No,2025-02-11
37382,2025-02-11 07:11:48,Email,Brand Awareness,Yes,2025-02-11
27470,2025-02-11 23:46:42,Referral,-,Yes,2025-02-11
83354,2025-02-11 08:13:47,Search Ads,Discount Offer,Yes,2025-02-11
84492,2025-02-11 15:19:26,Display Ads,Retargeting,No,2025-02-11
25959,2025-02-11 03:29:51,Search Ads,Retargeting,Yes,2025-02-11
72892,2025-02-10 04:05:23,Referral,Discount Offer,No,2025-02-10
87204,2025-02-10 19:32:40,Social Media,Winter Sale,No,2025-02-10
80551,2025-02-10 00:01:52,Direct Traffic,-,Yes,2025-02-10
96672,2025-02-10 00:31:18,Display Ads,Winter Sale,No,2025-02-10
99627,2025-02-10 18:58:47,Search Ads,-,Yes,2025-02-10
96546,2025-02-10 14:05:09,Referral,Brand Awareness,Yes,2025-02-10
68585,2025-02-10 16:16:46,Email,-,No,2025-02-10
98418,2025-02-10 01:48:43,Direct Traffic,-,No,2025-02-10
22270,2025-02-11 05:58:18,Display Ads,Retargeting,Yes,2025-02-11
40114,2025-02-11 12:00:52,Social Media,New Product Launch,Yes,2025-02-11
14080,2025-02-11 11:10:41,Search Ads,Winter Sale,No,2025-02-11
90001,2025-02-10 06:59:48,Referral,Brand Awareness,Yes,2025-02-10
76850,2025-02-11 21:05:11,Social Media,Discount Offer,Yes,2025-02-11
74413,2025-02-11 11:51:27,Email,-,No,2025-02-11
65073,2025-02-10 17:15:34,Direct Traffic,-,No,2025-02-10
52335,2025-02-11 04:54:30,Referral,Winter Sale,Yes,2025-02-11
73945,2025-02-10 20:29:28,Display Ads,-,Yes,2025-02-10
27023,2025-02-10 15:04:29,Email,Retargeting,No,2025-02-10
24025,2025-02-10 07:32:40,Search Ads,Retargeting,Yes,2025-02-10
51223,2025-02-11 01:31:51,Referral,Winter Sale,No,2025-02-11
72645,2025-02-11 23:38:46,Referral,Winter Sale,Yes,2025-02-11
42360,2025-02-11 21:01:03,Direct Traffic,-,Yes,2025-02-11
63062,2025-02-10 17:39:25,Email,Retargeting,Yes,2025-02-10
83878,2025-02-11 19:21:02,Direct Traffic,-,No,2025-02-11
19180,2025-02-11 21:59:37,Search Ads,Winter Sale,No,2025-02-11
76240,2025-02-11 08:17:30,Direct Traffic,-,No,2025-02-11
46988,2025-02-11 20:36:34,Referral,Brand Awareness,No,2025-02-11
61770,2025-02-11 18:38:51,Direct Traffic,-,Yes,2025-02-11
76040,2025-02-10 19:13:28,Email,Winter Sale,Yes,2025-02-10
89239,2025-02-11 01:21:21,Email,-,No,2025-02-11
12275,2025-02-10 02:33:51,Direct Traffic,-,No,2025-02-10
93802,2025-02-11 02:09:36,Search Ads,New Product Launch,No,2025-02-11
98432,2025-02-11 10:13:49,Referral,-,No,2025-02-11
18492,2025-02-11 16:30:58,Display Ads,Brand Awareness,No,2025-02-11
78574,2025-02-11 05:13:16,Direct Traffic,-,Yes,2025-02-11
83881,2025-02-10 03:50:32,Email,Winter Sale,No,2025-02-10
27347,2025-02-11 19:51:18,Search Ads,-,Yes,2025-02-11
17727,2025-02-10 12:32:16,Display Ads,Winter Sale,No,2025-02-10
29734,2025-02-10 19:35:58,Display Ads,Retargeting,Yes,2025-02-10
97915,2025-02-11 03:08:40,Direct Traffic,-,Yes,2025-02-11
23733,2025-02-10 13:26:00,Email,-,No,2025-02-10
82505,2025-02-10 23:09:12,Email,Brand Awareness,No,2025-02-10
66008,2025-02-10 18:32:44,Social Media,Winter Sale,No,2025-02-10
54700,2025-02-10 23:47:24,Direct Traffic,-,Yes,2025-02-10
56007,2025-02-11 16:09:48,Referral,Winter Sale,No,2025-02-11
77873,2025-02-11 18:04:08,Search Ads,Retargeting,Yes,2025-02-11
33999,2025-02-11 05:26:42,Referral,Winter Sale,Yes,2025-02-11
89792,2025-02-11 16:31:30,Display Ads,Retargeting,Yes,2025-02-11
31763,2025-02-11 12:35:02,Display Ads,-,No,2025-02-11
30155,2025-02-11 07:50:22,Search Ads,Brand Awareness,Yes,2025-02-11
31219,2025-02-11 21:16:20,Email,New Product Launch,Yes,2025-02-11
87375,2025-02-11 17:57:52,Referral,New Product Launch,Yes,2025-02-11
66664,2025-02-11 08:14:36,Social Media,Discount Offer,No,2025-02-11
98152,2025-02-10 23:30:16,Search Ads,New Product Launch,Yes,2025-02-10
37786,2025-02-11 09:40:35,Display Ads,Brand Awareness,Yes,2025-02-11
32377,2025-02-10 15:05:04,Referral,Discount Offer,No,2025-02-10
88567,2025-02-11 00:58:23,Search Ads,New Product Launch,Yes,2025-02-11
40804,2025-02-10 00:01:11,Social Media,-,Yes,2025-02-10
59576,2025-02-11 05:51:01,Direct Traffic,-,Yes,2025-02-11
66646,2025-02-11 19:56:16,Email,New Product Launch,No,2025-02-11
79781,2025-02-10 04:25:54,Social Media,Winter Sale,No,2025-02-10
31134,2025-02-10 08:19:34,Search Ads,Retargeting,No,2025-02-10
50453,2025-02-10 09:17:25,Direct Traffic,-,Yes,2025-02-10
34073,2025-02-10 06:03:04,Social Media,Winter Sale,Yes,2025-02-10
81952,2025-02-10 18:28:56,Direct Traffic,-,No,2025-02-10
78374,2025-02-11 06:06:40,Direct Traffic,-,No,2025-02-11
31213,2025-02-11 01:53:37,Direct Traffic,-,Yes,2025-02-11
72612,2025-02-11 08:51:24,Search Ads,-,Yes,2025-02-11
92673,2025-02-10 12:58:57,Direct Traffic,-,Yes,2025-02-10
35129,2025-02-10 14:03:20,Email,Discount Offer,Yes,2025-02-10
10303,2025-02-10 06:08:23,Direct Traffic,-,No,2025-02-10
96015,2025-02-11 03:07:03,Referral,Winter Sale,No,2025-02-11
78882,2025-02-10 23:29:40,Email,Retargeting,Yes,2025-02-10
33497,2025-02-11 02:31:29,Display Ads,-,Yes,2025-02-11
33960,2025-02-10 07:22:06,Referral,Retargeting,No,2025-02-10
76702,2025-02-10 12:09:40,Display Ads,Discount Offer,No,2025-02-10
69761,2025-02-11 06:47:05,Social Media,Winter Sale,No,2025-02-11
99250,2025-02-10 21:33:34,Search Ads,-,No,2025-02-10
42734,2025-02-11 02:31:15,Display Ads,New Product Launch,No,2025-02-11
27480,2025-02-10 06:51:54,Referral,Brand Awareness,Yes,2025-02-10
98242,2025-02-10 15:43:53,Search Ads,New Product Launch,No,2025-02-10
64142,2025-02-10 14:14:08,Social Media,New Product Launch,Yes,2025-02-10
80804,2025-02-10 10:10:30,Social Media,New Product Launch,No,2025-02-10
88187,2025-02-11 12:32:40,Display Ads,Brand Awareness,Yes,2025-02-11
47060,2025-02-10 12:59:48,Display Ads,Retargeting,Yes,2025-02-10
59198,2025-02-10 14:52:18,Direct Traffic,-,Yes,2025-02-10
33189,2025-02-11 21:03:22,Social Media,New Product Launch,No,2025-02-11
73814,2025-02-11 03:57:56,Referral,-,No,2025-02-11
16348,2025-02-11 09:01:46,Email,Retargeting,No,2025-02-11
90114,2025-02-10 05:25:20,Referral,Winter Sale,Yes,2025-02-10
55905,2025-02-10 09:28:48,Social Media,Winter Sale,No,2025-02-10
11453,2025-02-11 14:54:16,Referral,Winter Sale,No,2025-02-11
37332,2025-02-11 08:08:29,Referral,Brand Awareness,No,2025-02-11
92487,2025-02-11 13:19:35,Social Media,Discount Offer,No,2025-02-11
22923,2025-02-11 23:02:17,Search Ads,Winter Sale,Yes,2025-02-11
68657,2025-02-10 01:59:18,Display Ads,Winter Sale,No,2025-02-10
49293,2025-02-11 10:37:43,Email,Brand Awareness,Yes,2025-02-11
28919,2025-02-11 18:49:12,Email,-,No,2025-02-11
73141,2025-02-10 09:57:55,Referral,New Product Launch,No,2025-02-10
72009,2025-02-11 19:37:36,Referral,Brand Awareness,Yes,2025-02-11
39400,2025-02-11 09:59:36,Direct Traffic,-,No,2025-02-11
13558,2025-02-10 17:58:37,Direct Traffic,-,No,2025-02-10
38175,2025-02-10 02:22:50,Social Media,Brand Awareness,No,2025-02-10
99566,2025-02-10 12:03:56,Referral,New Product Launch,No,2025-02-10
89412,2025-02-11 23:33:38,Social Media,Brand Awareness,No,2025-02-11
30895,2025-02-10 21:52:08,Display Ads,Discount Offer,No,2025-02-10
58496,2025-02-10 08:39:51,Search Ads,Winter Sale,Yes,2025-02-10
13186,2025-02-10 07:39:35,Social Media,New Product Launch,No,2025-02-10
59599,2025-02-10 17:19:17,Display Ads,Winter Sale,No,2025-02-10
42399,2025-02-11 00:14:16,Referral,Retargeting,No,2025-02-11
40965,2025-02-11 00:25:18,Display Ads,New Product Launch,No,2025-02-11
16536,2025-02-11 02:56:41,Search Ads,New Product Launch,No,2025-02-11
83798,2025-02-11 18:12:59,Social Media,Discount Offer,No,2025-02-11
49243,2025-02-11 08:56:51,Search Ads,New Product Launch,Yes,2025-02-11
22923,2025-02-11 14:47:53,Email,Winter Sale,No,2025-02-11
50311,2025-02-10 05:26:07,Referral,-,Yes,2025-02-10
54016,2025-02-10 06:06:35,Referral,New Product Launch,Yes,2025-02-10
92972,2025-02-10 21:59:56,Referral,New Product Launch,Yes,2025-02-10
54395,2025-02-10 15:15:03,Email,-,Yes,2025-02-10
97804,2025-02-10 20:55:44,Email,New Product Launch,No,2025-02-10
92698,2025-02-10 18:54:02,Social Media,Retargeting,No,2025-02-10
44869,2025-02-11 22:56:20,Social Media,New Product Launch,Yes,2025-02-11
99627,2025-02-11 20:19:02,Display Ads,Discount Offer,Yes,2025-02-11
54044,2025-02-11 05:47:26,Referral,New Product Launch,Yes,2025-02-11
30026,2025-02-11 15:48:08,Email,Retargeting,Yes,2025-02-11
80549,2025-02-10 16:41:14,Direct Traffic,-,No,2025-02-10
48330,2025-02-10 12:46:22,Email,Winter Sale,Yes,2025-02-10
62128,2025-02-11 14:42:27,Referral,-,No,2025-02-11
85732,2025-02-11 03:52:27,Direct Traffic,-,Yes,2025-02-11
62843,2025-02-11 13:30:42,Email,-,No,2025-02-11
75137,2025-02-10 09:38:56,Search Ads,Winter Sale,Yes,2025-02-10
93431,2025-02-11 22:29:51,Email,Winter Sale,Yes,2025-02-11
64163,2025-02-10 10:41:12,Display Ads,Retargeting,Yes,2025-02-10
60022,2025-02-10 23:17:02,Display Ads,Retargeting,No,2025-02-10
22385,2025-02-10 09:26:41,Search Ads,Discount Offer,No,2025-02-10
27589,2025-02-10 01:02:44,Email,Retargeting,Yes,2025-02-10
37903,2025-02-10 02:48:15,Email,Retargeting,No,2025-02-10
85049,2025-02-11 19:48:08,Email,Brand Awareness,Yes,2025-02-11
68891,2025-02-11 17:30:06,Social Media,Brand Awareness,Yes,2025-02-11
24413,2025-02-11 00:19:17,Search Ads,-,Yes,2025-02-11
63820,2025-02-11 04:34:57,Display Ads,Retargeting,No,2025-02-11
44982,2025-02-10 19:04:03,Display Ads,-,Yes,2025-02-10
47509,2025-02-11 08:49:19,Social Media,New Product Launch,Yes,2025-02-11
47302,2025-02-10 15:10:05,Email,Discount Offer,Yes,2025-02-10
12121,2025-02-10 21:05:23,Social Media,-,Yes,2025-02-10
72028,2025-02-10 12:10:50,Referral,Winter Sale,Yes,2025-02-10
69761,2025-02-11 02:51:20,Direct Traffic,-,No,2025-02-11
69847,2025-02-11 06:22:09,Direct Traffic,-,No,2025-02-11
13403,2025-02-11 22:20:38,Display Ads,Brand Awareness,Yes,2025-02-11
14080,2025-02-10 02:04:18,Direct Traffic,-,No,2025-02-10
45681,2025-02-10 10:28:57,Display Ads,Discount Offer,No,2025-02-10
95509,2025-02-11 07:24:35,Display Ads,Retargeting,No,2025-02-11
72415,2025-02-11 10:35:10,Search Ads,-,No,2025-02-11
70492,2025-02-11 01:24:49,Email,Discount Offer,No,2025-02-11
23202,2025-02-11 09:14:29,Email,Retargeting,Yes,2025-02-11
21910,2025-02-10 07:59:50,Social Media,Retargeting,No,2025-02-10
64955,2025-02-10 21:33:04,Display Ads,Retargeting,Yes,2025-02-10
78348,2025-02-11 06:43:45,Direct Traffic,-,No,2025-02-11
55427,2025-02-10 15:06:10,Email,-,No,2025-02-10
20743,2025-02-10 21:56:09,Direct Traffic,-,No,2025-02-10
69144,2025-02-11 17:14:21,Referral,Discount Offer,Yes,2025-02-11
88567,2025-02-11 17:15:41,Referral,New Product Launch,No,2025-02-11
19184,2025-02-11 16:04:55,Direct Traffic,-,No,2025-02-11
96855,2025-02-10 19:21:10,Email,Brand Awareness,Yes,2025-02-10
99697,2025-02-10 11:09:06,Social Media,New Product Launch,Yes,2025-02-10
94431,2025-02-11 00:41:13,Direct Traffic,-,Yes,2025-02-11
33292,2025-02-10 11:12:13,Search Ads,Brand Awareness,No,2025-02-10
66382,2025-02-11 01:59:54,Search Ads,New Product Launch,Yes,2025-02-11
83320,2025-02-11 17:13:27,Email,Winter Sale,Yes,2025-02-11
92402,2025-02-10 22:50:20,Email,-,No,2025-02-10
34833,2025-02-10 01:57:03,Referral,New Product Launch,No,2025-02-10
56041,2025-02-10 03:18:25,Display Ads,Brand Awareness,Yes,2025-02-10
74627,2025-02-11 20:54:11,Direct Traffic,-,No,2025-02-11
86700,2025-02-11 22:25:59,Social Media,Winter Sale,Yes,2025-02-11
25147,2025-02-10 16:11:30,Referral,Winter Sale,Yes,2025-02-10
89619,2025-02-10 04:25:48,Social Media,Retargeting,No,2025-02-10
42809,2025-02-10 06:58:59,Social Media,Retargeting,No,2025-02-10
90088,2025-02-10 20:21:35,Search Ads,Winter Sale,No,2025-02-10
38483,2025-02-11 17:22:09,Referral,Retargeting,Yes,2025-02-11
14049,2025-02-10 13:39:48,Search Ads,Brand Awareness,No,2025-02-10
91679,2025-02-10 13:11:21,Social Media,Retargeting,Yes,2025-02-10
29109,2025-02-11 01:19:51,Direct Traffic,-,Yes,2025-02-11
94431,2025-02-10 12:08:38,Search Ads,Winter Sale,No,2025-02-10
64553,2025-02-10 23:49:30,Search Ads,Brand Awareness,No,2025-02-10
93007,2025-02-11 15:55:18,Display Ads,Discount Offer,Yes,2025-02-11
31643,2025-02-10 14:26:43,Direct Traffic,-,No,2025-02-10
61650,2025-02-10 16:30:12,Direct Traffic,-,Yes,2025-02-10
93270,2025-02-10 07:24:06,Email,Winter Sale,No,2025-02-10
72929,2025-02-11 09:31:36,Social Media,-,Yes,2025-02-11
20853,2025-02-11 15:56:58,Referral,Winter Sale,Yes,2025-02-11
97826,2025-02-10 07:30:48,Display Ads,Retargeting,Yes,2025-02-10
61053,2025-02-10 13:53:20,Display Ads,-,Yes,2025-02-10
63064,2025-02-10 12:53:52,Referral,-,Yes,2025-02-10
85651,2025-02-11 14:29:18,Email,-,No,2025-02-11
71839,2025-02-11 21:15:23,Display Ads,Winter Sale,No,2025-02-11
17074,2025-02-10 05:48:54,Display Ads,Retargeting,No,2025-02-10
73814,2025-02-11 20:51:40,Referral,-,Yes,2025-02-11
61650,2025-02-10 20:04:56,Display Ads,Brand Awareness,Yes,2025-02-10
98881,2025-02-11 13:35:53,Referral,-,No,2025-02-11
27506,2025-02-11 23:25:12,Display Ads,Retargeting,No,2025-02-11
82938,2025-02-10 13:05:25,Search Ads,Retargeting,No,2025-02-10
49128,2025-02-10 23:01:33,Search Ads,Winter Sale,Yes,2025-02-10
84196,2025-02-11 15:46:45,Referral,-,No,2025-02-11
40227,2025-02-10 09:10:18,Direct Traffic,-,No,2025-02-10
46487,2025-02-11 08:27:09,Direct Traffic,-,Yes,2025-02-11
11365,2025-02-10 11:21:30,Referral,Winter Sale,No,2025-02-10
66060,2025-02-10 12:13:19,Direct Traffic,-,No,2025-02-10
70773,2025-02-10 09:12:49,Search Ads,New Product Launch,No,2025-02-10
45218,2025-02-10 17:07:23,Email,Brand Awareness,Yes,2025-02-10
53419,2025-02-10 21:05:07,Display Ads,-,Yes,2025-02-10
36918,2025-02-11 22:09:27,Direct Traffic,-,No,2025-02-11
78830,2025-02-10 14:51:10,Direct Traffic,-,No,2025-02-10
34780,2025-02-10 21:03:41,Social Media,Discount Offer,No,2025-02-10
51786,2025-02-10 04:50:59,Social Media,Winter Sale,No,2025-02-10
24251,2025-02-11 17:38:39,Direct Traffic,-,No,2025-02-11
83035,2025-02-11 01:13:57,Email,New Product Launch,No,2025-02-11
55190,2025-02-10 13:48:58,Referral,-,Yes,2025-02-10
13191,2025-02-10 14:36:50,Referral,-,Yes,2025-02-10
32692,2025-02-11 03:39:22,Social Media,Discount Offer,No,2025-02-11
13186,2025-02-11 02:16:11,Display Ads,Discount Offer,No,2025-02-11
64521,2025-02-11 04:48:16,Social Media,Winter Sale,No,2025-02-11
26185,2025-02-11 14:53:10,Email,Brand Awareness,Yes,2025-02-11
59390,2025-02-10 15:10:11,Direct Traffic,-,Yes,2025-02-10
86379,2025-02-11 00:15:02,Referral,Discount Offer,No,2025-02-11
43623,2025-02-11 13:07:40,Direct Traffic,-,No,2025-02-11
92487,2025-02-11 02:47:01,Email,Brand Awareness,No,2025-02-11
14172,2025-02-10 12:36:42,Email,Winter Sale,No,2025-02-10
12275,2025-02-10 04:43:05,Search Ads,Retargeting,Yes,2025-02-10
59302,2025-02-10 08:52:46,Search Ads,-,No,2025-02-10
90131,2025-02-11 07:47:51,Display Ads,Brand Awareness,No,2025-02-11
41221,2025-02-10 10:23:23,Display Ads,Brand Awareness,No,2025-02-10
16955,2025-02-11 13:50:21,Referral,Brand Awareness,Yes,2025-02-11
92989,2025-02-11 00:15:13,Email,Retargeting,No,2025-02-11
55333,2025-02-10 21:33:46,Search Ads,-,Yes,2025-02-10
84413,2025-02-11 02:56:35,Display Ads,Brand Awareness,No,2025-02-11
27700,2025-02-11 08:01:00,Search Ads,-,No,2025-02-11
13444,2025-02-11 19:47:26,Social Media,Retargeting,No,2025-02-11
98320,2025-02-11 00:31:41,Search Ads,Retargeting,Yes,2025-02-11
74876,2025-02-10 23:27:31,Referral,Discount Offer,No,2025-02-10
47202,2025-02-10 05:11:22,Direct Traffic,-,No,2025-02-10
63527,2025-02-11 18:23:43,Email,Winter Sale,No,2025-02-11
75656,2025-02-10 17:54:55,Display Ads,Retargeting,Yes,2025-02-10
56128,2025-02-11 00:56:01,Social Media,-,No,2025-02-11
79891,2025-02-10 11:58:57,Referral,Retargeting,Yes,2025-02-10
92167,2025-02-10 03:10:13,Email,-,Yes,2025-02-10
22923,2025-02-10 15:10:06,Email,Winter Sale,Yes,2025-02-10
71478,2025-02-11 00:47:58,Direct Traffic,-,No,2025-02-11
61867,2025-02-10 02:27:38,Display Ads,Retargeting,No,2025-02-10
29238,2025-02-11 01:22:47,Search Ads,-,Yes,2025-02-11
52282,2025-02-11 17:56:53,Search Ads,Brand Awareness,Yes,2025-02-11
77688,2025-02-11 21:50:41,Referral,Discount Offer,No,2025-02-11
59927,2025-02-10 19:30:04,Display Ads,Discount Offer,Yes,2025-02-10
47202,2025-02-11 15:36:43,Email,Winter Sale,No,2025-02-11
55513,2025-02-10 21:26:03,Search Ads,-,Yes,2025-02-10
81371,2025-02-10 13:08:23,Social Media,Winter Sale,Yes,2025-02-10
92785,2025-02-10 04:11:02,Referral,Brand Awareness,No,2025-02-10
42030,2025-02-10 11:43:37,Display Ads,Retargeting,Yes,2025-02-10
55702,2025-02-10 10:18:23,Display Ads,-,Yes,2025-02-10
11790,2025-02-10 14:29:18,Search Ads,Retargeting,No,2025-02-10
67454,2025-02-10 21:15:38,Search Ads,New Product Launch,Yes,2025-02-10
96598,2025-02-11 08:06:44,Referral,Brand Awareness,Yes,2025-02-11
59188,2025-02-10 04:32:25,Email,New Product Launch,No,2025-02-10
65922,2025-02-11 18:47:09,Display Ads,New Product Launch,No,2025-02-11
48330,2025-02-10 09:05:30,Social Media,Winter Sale,Yes,2025-02-10
70237,2025-02-10 04:31:33,Display Ads,Retargeting,Yes,2025-02-10
15390,2025-02-11 23:17:03,Referral,Retargeting,No,2025-02-11
37078,2025-02-10 11:37:13,Direct Traffic,-,No,2025-02-10
48099,2025-02-10 23:17:01,Search Ads,Retargeting,No,2025-02-10
72028,2025-02-10 19:44:23,Social Media,-,Yes,2025-02-10
28919,2025-02-11 13:53:24,Referral,-,No,2025-02-11
73945,2025-02-10 09:55:24,Display Ads,Retargeting,No,2025-02-10
48099,2025-02-10 10:03:21,Social Media,Retargeting,Yes,2025-02-10
59631,2025-02-10 08:50:58,Referral,Discount Offer,Yes,2025-02-10
86021,2025-02-11 01:16:54,Social Media,-,No,2025-02-11
60001,2025-02-10 10:06:29,Social Media,-,Yes,2025-02-10
10673,2025-02-11 04:08:41,Direct Traffic,-,Yes,2025-02-11
80604,2025-02-10 22:22:01,Email,-,No,2025-02-10
43692,2025-02-10 11:13:41,Email,Discount Offer,No,2025-02-10
30820,2025-02-11 17:45:56,Display Ads,Discount Offer,No,2025-02-11
50166,2025-02-11 01:51:22,Display Ads,Discount Offer,Yes,2025-02-11
78282,2025-02-11 18:56:18,Social Media,-,Yes,2025-02-11
16083,2025-02-10 14:50:21,Email,Discount Offer,No,2025-02-10
72118,2025-02-11 07:03:15,Social Media,-,Yes,2025-02-11
19372,2025-02-10 10:20:08,Social Media,Retargeting,No,2025-02-10
29196,2025-02-11 01:57:00,Search Ads,New Product Launch,No,2025-02-11
15395,2025-02-10 22:22:05,Social Media,Retargeting,Yes,2025-02-10
63029,2025-02-11 08:49:07,Search Ads,-,Yes,2025-02-11
90001,2025-02-10 19:28:07,Social Media,-,Yes,2025-02-10
27513,2025-02-11 05:15:39,Referral,Discount Offer,No,2025-02-11
15978,2025-02-11 12:25:50,Social Media,Brand Awareness,Yes,2025-02-11
44026,2025-02-11 04:14:39,Referral,New Product Launch,Yes,2025-02-11
89677,2025-02-10 19:08:18,Social Media,-,No,2025-02-10
49665,2025-02-10 07:41:20,Search Ads,New Product Launch,No,2025-02-10
26582,2025-02-11 04:53:26,Display Ads,Retargeting,Yes,2025-02-11
50574,2025-02-11 11:20:32,Search Ads,Brand Awareness,No,2025-02-11
24765,2025-02-11 01:14:30,Search Ads,New Product Launch,No,2025-02-11
10685,2025-02-10 01:43:44,Display Ads,Brand Awareness,Yes,2025-02-10
54739,2025-02-10 22:31:43,Email,Brand Awareness,No,2025-02-10
68891,2025-02-11 16:44:11,Referral,-,No,2025-02-11
12121,2025-02-10 07:13:37,Search Ads,Retargeting,Yes,2025-02-10
96629,2025-02-10 07:19:38,Social Media,Retargeting,Yes,2025-02-10
79181,2025-02-11 15:44:02,Social Media,New Product Launch,Yes,2025-02-11
11107,2025-02-10 17:44:11,Referral,-,No,2025-02-10
24594,2025-02-10 13:32:36,Direct Traffic,-,Yes,2025-02-10
81053,2025-02-10 14:00:11,Search Ads,Discount Offer,No,2025-02-10
66785,2025-02-11 05:31:03,Search Ads,Discount Offer,Yes,2025-02-11
61905,2025-02-10 23:54:11,Email,Winter Sale,Yes,2025-02-10
30820,2025-02-10 15:31:17,Social Media,-,Yes,2025-02-10
53947,2025-02-10 22:46:41,Email,-,No,2025-02-10
21757,2025-02-11 14:11:57,Search Ads,Retargeting,Yes,2025-02-11
71478,2025-02-11 09:04:59,Display Ads,Discount Offer,Yes,2025-02-11
95799,2025-02-11 19:09:41,Referral,Retargeting,Yes,2025-02-11
83490,2025-02-11 15:55:27,Referral,New Product Launch,No,2025-02-11
79906,2025-02-10 05:26:50,Direct Traffic,-,No,2025-02-10
89685,2025-02-11 21:25:42,Direct Traffic,-,No,2025-02-11
48740,2025-02-11 16:14:29,Display Ads,New Product Launch,No,2025-02-11
51068,2025-02-11 03:42:22,Email,-,No,2025-02-11
93270,2025-02-11 16:12:16,Display Ads,Winter Sale,No,2025-02-11
13186,2025-02-11 06:20:31,Direct Traffic,-,No,2025-02-11
63250,2025-02-11 06:44:23,Direct Traffic,-,No,2025-02-11
66866,2025-02-10 15:01:11,Search Ads,Retargeting,No,2025-02-10
86406,2025-02-11 23:20:36,Search Ads,Discount Offer,Yes,2025-02-11
57739,2025-02-11 07:06:29,Direct Traffic,-,Yes,2025-02-11
38286,2025-02-11 16:08:44,Email,Brand Awareness,No,2025-02-11
47452,2025-02-10 06:57:25,Display Ads,-,No,2025-02-10
37186,2025-02-11 04:39:53,Email,Retargeting,Yes,2025-02-11
79823,2025-02-11 15:51:19,Social Media,Winter Sale,Yes,2025-02-11
85576,2025-02-10 01:30:34,Referral,Winter Sale,Yes,2025-02-10
85844,2025-02-11 00:35:30,Referral,New Product Launch,No,2025-02-11
53283,2025-02-11 13:36:51,Social Media,Winter Sale,Yes,2025-02-11
10378,2025-02-11 21:26:36,Referral,Brand Awareness,Yes,2025-02-11
67005,2025-02-11 01:52:37,Social Media,Brand Awareness,Yes,2025-02-11
20300,2025-02-11 06:02:43,Social Media,Retargeting,Yes,2025-02-11
87153,2025-02-11 02:31:11,Display Ads,-,No,2025-02-11
49478,2025-02-10 21:38:16,Direct Traffic,-,No,2025-02-10
77091,2025-02-10 04:00:29,Display Ads,Brand Awareness,No,2025-02-10
47302,2025-02-11 00:39:28,Search Ads,Winter Sale,Yes,2025-02-11
47085,2025-02-11 05:56:26,Direct Traffic,-,Yes,2025-02-11
94070,2025-02-11 15:51:37,Search Ads,Brand Awareness,Yes,2025-02-11
23599,2025-02-11 15:55:08,Referral,Winter Sale,Yes,2025-02-11
64814,2025-02-10 00:02:17,Display Ads,Brand Awareness,No,2025-02-10
99627,2025-02-10 19:01:39,Email,Retargeting,No,2025-02-10
35230,2025-02-10 08:49:24,Email,Brand Awareness,No,2025-02-10
63473,2025-02-10 21:52:30,Search Ads,Brand Awareness,No,2025-02-10
85343,2025-02-10 20:56:14,Direct Traffic,-,Yes,2025-02-10
79894,2025-02-10 19:11:05,Email,Winter Sale,Yes,2025-02-10
90359,2025-02-11 01:49:39,Direct Traffic,-,No,2025-02-11
58496,2025-02-10 03:53:51,Search Ads,Winter Sale,No,2025-02-10
73183,2025-02-10 04:27:02,Social Media,Brand Awareness,No,2025-02-10
76622,2025-02-11 02:16:01,Display Ads,Discount Offer,No,2025-02-11
15924,2025-02-11 13:55:54,Search Ads,Brand Awareness,No,2025-02-11
20400,2025-02-11 08:02:59,Display Ads,New Product Launch,Yes,2025-02-11
47452,2025-02-11 19:37:19,Social Media,Brand Awareness,No,2025-02-11
57318,2025-02-10 12:00:35,Display Ads,Winter Sale,No,2025-02-10
92974,2025-02-10 01:00:18,Referral,New Product Launch,No,2025-02-10
36308,2025-02-11 11:00:48,Search Ads,New Product Launch,No,2025-02-11
67051,2025-02-10 23:47:39,Email,Winter Sale,Yes,2025-02-10
15145,2025-02-10 12:39:12,Display Ads,Brand Awareness,Yes,2025-02-10
10668,2025-02-11 07:39:45,Referral,Retargeting,Yes,2025-02-11
99153,2025-02-11 05:40:50,Direct Traffic,-,No,2025-02-11
72040,2025-02-11 12:33:48,Social Media,Discount Offer,No,2025-02-11
87245,2025-02-11 20:31:50,Display Ads,Winter Sale,Yes,2025-02-11
79207,2025-02-11 10:17:17,Direct Traffic,-,Yes,2025-02-11
41964,2025-02-10 07:46:10,Email,Retargeting,No,2025-02-10
76029,2025-02-10 19:04:21,Social Media,-,Yes,2025-02-10
85902,2025-02-10 00:50:03,Search Ads,Discount Offer,No,2025-02-10
62478,2025-02-10 03:00:21,Display Ads,New Product Launch,Yes,2025-02-10
92808,2025-02-11 00:03:39,Referral,Brand Awareness,No,2025-02-11
61462,2025-02-10 17:21:28,Display Ads,Winter Sale,No,2025-02-10
99782,2025-02-10 09:52:12,Display Ads,Retargeting,No,2025-02-10
24215,2025-02-10 20:56:27,Social Media,Discount Offer,Yes,2025-02-10
67658,2025-02-10 13:14:53,Search Ads,Brand Awareness,Yes,2025-02-10
69942,2025-02-10 17:28:22,Direct Traffic,-,Yes,2025-02-10
54489,2025-02-10 10:55:55,Referral,-,No,2025-02-10
88598,2025-02-10 07:08:09,Search Ads,Brand Awareness,No,2025-02-10
70492,2025-02-10 19:43:36,Display Ads,-,No,2025-02-10
38683,2025-02-11 23:33:04,Referral,-,No,2025-02-11
71469,2025-02-11 23:16:19,Direct Traffic,-,No,2025-02-11
48404,2025-02-11 05:18:52,Email,Retargeting,Yes,2025-02-11
62298,2025-02-11 11:29:42,Email,Brand Awareness,Yes,2025-02-11
28265,2025-02-10 23:34:55,Direct Traffic,-,Yes,2025-02-10
76871,2025-02-10 21:16:50,Social Media,Winter Sale,No,2025-02-10
29164,2025-02-10 17:02:41,Social Media,Winter Sale,Yes,2025-02-10
57401,2025-02-11 06:33:14,Email,-,Yes,2025-02-11
80999,2025-02-10 11:16:02,Display Ads,Retargeting,No,2025-02-10
59899,2025-02-11 05:52:44,Display Ads,Discount Offer,No,2025-02-11
45866,2025-02-10 23:30:02,Social Media,-,No,2025-02-10
54121,2025-02-10 16:36:43,Display Ads,Discount Offer,Yes,2025-02-10
41312,2025-02-11 22:59:19,Social Media,Retargeting,No,2025-02-11
82862,2025-02-10 01:39:46,Direct Traffic,-,No,2025-02-10
25134,2025-02-11 00:41:35,Display Ads,Discount Offer,Yes,2025-02-11
10442,2025-02-11 20:42:25,Social Media,New Product Launch,Yes,2025-02-11
73905,2025-02-11 15:15:31,Direct Traffic,-,Yes,2025-02-11
58064,2025-02-11 17:30:49,Referral,Retargeting,Yes,2025-02-11
73132,2025-02-10 03:09:32,Direct Traffic,-,Yes,2025-02-10
89110,2025-02-11 02:28:11,Direct Traffic,-,Yes,2025-02-11
90213,2025-02-11 22:18:45,Social Media,Brand Awareness,Yes,2025-02-11
40968,2025-02-11 10:13:46,Search Ads,Winter Sale,Yes,2025-02-11
14798,2025-02-10 08:48:19,Referral,Winter Sale,No,2025-02-10
43178,2025-02-11 10:30:56,Direct Traffic,-,Yes,2025-02-11
71410,2025-02-11 05:52:55,Email,Retargeting,Yes,2025-02-11
27778,2025-02-10 01:05:09,Direct Traffic,-,Yes,2025-02-10
49394,2025-02-10 20:10:48,Social Media,-,Yes,2025-02-10
54877,2025-02-11 18:01:53,Direct Traffic,-,No,2025-02-11
93964,2025-02-11 15:00:11,Email,Retargeting,Yes,2025-02-11
83712,2025-02-10 10:35:14,Email,-,No,2025-02-10
37622,2025-02-10 16:14:54,Email,Discount Offer,Yes,2025-02-10
60484,2025-02-10 23:24:02,Email,Retargeting,No,2025-02-10
30299,2025-02-10 16:53:33,Search Ads,Retargeting,Yes,2025-02-10
82058,2025-02-10 00:21:37,Search Ads,Brand Awareness,No,2025-02-10
46442,2025-02-11 08:18:43,Search Ads,-,Yes,2025-02-11
26437,2025-02-11 02:52:23,Referral,New Product Launch,Yes,2025-02-11
83035,2025-02-10 12:36:24,Email,Brand Awareness,Yes,2025-02-10
10518,2025-02-10 19:04:22,Referral,New Product Launch,Yes,2025-02-10
11917,2025-02-10 11:16:28,Direct Traffic,-,Yes,2025-02-10
37786,2025-02-10 03:39:28,Display Ads,Retargeting,No,2025-02-10
64742,2025-02-11 13:32:59,Social Media,Winter Sale,Yes,2025-02-11
68180,2025-02-10 03:07:44,Search Ads,Discount Offer,Yes,2025-02-10
14049,2025-02-11 12:57:23,Search Ads,New Product Launch,Yes,2025-02-11
10690,2025-02-10 19:03:13,Email,Discount Offer,Yes,2025-02-10
99481,2025-02-11 00:21:53,Referral,-,No,2025-02-11
68657,2025-02-10 08:50:19,Referral,-,Yes,2025-02-10
52130,2025-02-11 06:14:17,Direct Traffic,-,Yes,2025-02-11
35668,2025-02-11 11:24:26,Search Ads,New Product Launch,No,2025-02-11
56501,2025-02-11 22:25:40,Email,-,Yes,2025-02-11
14978,2025-02-10 10:20:39,Social Media,Winter Sale,Yes,2025-02-10
10273,2025-02-10 17:33:44,Social Media,Brand Awareness,Yes,2025-02-10
26097,2025-02-10 07:04:56,Search Ads,-,Yes,2025-02-10
98237,2025-02-11 21:41:53,Social Media,Retargeting,Yes,2025-02-11
90516,2025-02-11 00:34:54,Direct Traffic,-,Yes,2025-02-11
76702,2025-02-11 22:14:23,Direct Traffic,-,Yes,2025-02-11
23486,2025-02-11 11:27:20,Social Media,-,Yes,2025-02-11
82045,2025-02-10 09:21:00,Referral,Retargeting,Yes,2025-02-10
90125,2025-02-11 06:46:20,Direct Traffic,-,No,2025-02-11
39628,2025-02-11 04:09:15,Email,Winter Sale,Yes,2025-02-11
80133,2025-02-11 04:47:02,Referral,Retargeting,No,2025-02-11
63551,2025-02-10 09:54:57,Direct Traffic,-,No,2025-02-10
71306,2025-02-10 09:12:38,Search Ads,-,No,2025-02-10
26430,2025-02-10 17:38:00,Display Ads,Brand Awareness,No,2025-02-10
33593,2025-02-10 14:17:42,Email,Winter Sale,Yes,2025-02-10
17287,2025-02-11 17:50:12,Referral,-,No,2025-02-11
25978,2025-02-11 02:36:36,Social Media,-,No,2025-02-11
52335,2025-02-11 18:44:55,Email,Retargeting,Yes,2025-02-11
35942,2025-02-11 22:28:39,Direct Traffic,-,No,2025-02-11
74032,2025-02-11 19:32:53,Direct Traffic,-,Yes,2025-02-11
19971,2025-02-10 00:42:07,Referral,New Product Launch,Yes,2025-02-10
65473,2025-02-11 19:32:33,Email,New Product Launch,No,2025-02-11
28246,2025-02-10 18:23:00,Search Ads,Winter Sale,No,2025-02-10
32897,2025-02-10 16:51:31,Direct Traffic,-,Yes,2025-02-10
34073,2025-02-10 03:43:44,Email,Winter Sale,No,2025-02-10
71469,2025-02-10 23:52:02,Email,Winter Sale,Yes,2025-02-10
26918,2025-02-10 22:39:35,Direct Traffic,-,Yes,2025-02-10
26291,2025-02-10 20:44:52,Social Media,Winter Sale,Yes,2025-02-10
57564,2025-02-10 10:44:42,Search Ads,Brand Awareness,Yes,2025-02-10
96656,2025-02-11 17:28:20,Social Media,-,No,2025-02-11
97508,2025-02-10 20:14:30,Email,Retargeting,No,2025-02-10
19400,2025-02-11 12:27:21,Direct Traffic,-,No,2025-02-11
45571,2025-02-10 10:24:12,Search Ads,Discount Offer,Yes,2025-02-10
54301,2025-02-10 11:11:10,Email,Retargeting,Yes,2025-02-10
25195,2025-02-10 05:19:01,Display Ads,Winter Sale,No,2025-02-10
54069,2025-02-10 06:30:25,Display Ads,Retargeting,No,2025-02-10
16561,2025-02-10 06:16:46,Search Ads,New Product Launch,No,2025-02-10
24508,2025-02-11 05:11:42,Referral,Brand Awareness,Yes,2025-02-11
17702,2025-02-11 17:10:09,Email,Discount Offer,Yes,2025-02-11
46662,2025-02-10 04:10:26,Display Ads,-,Yes,2025-02-10
57455,2025-02-10 15:31:03,Social Media,-,Yes,2025-02-10
61522,2025-02-11 05:36:26,Search Ads,New Product Launch,Yes,2025-02-11
63243,2025-02-11 01:10:08,Direct Traffic,-,No,2025-02-11
64142,2025-02-11 04:35:50,Direct Traffic,-,No,2025-02-11
45415,2025-02-10 09:21:03,Display Ads,Retargeting,No,2025-02-10
27023,2025-02-10 16:27:40,Display Ads,-,No,2025-02-10
37559,2025-02-10 01:47:54,Email,-,No,2025-02-10
78441,2025-02-10 18:04:02,Email,New Product Launch,No,2025-02-10
92988,2025-02-11 04:56:26,Search Ads,-,No,2025-02-11
82497,2025-02-10 05:58:21,Display Ads,Brand Awareness,No,2025-02-10
56094,2025-02-10 14:16:23,Display Ads,Brand Awareness,Yes,2025-02-10
10378,2025-02-11 05:56:27,Social Media,Discount Offer,Yes,2025-02-11
17478,2025-02-10 11:34:59,Email,Winter Sale,Yes,2025-02-10
20111,2025-02-10 15:35:14,Search Ads,Winter Sale,No,2025-02-10
74139,2025-02-11 07:03:18,Search Ads,Brand Awareness,Yes,2025-02-11
68681,2025-02-11 06:55:39,Social Media,Retargeting,Yes,2025-02-11
73286,2025-02-10 05:22:10,Display Ads,Retargeting,No,2025-02-10
59110,2025-02-10 04:06:11,Social Media,Discount Offer,Yes,2025-02-10
71410,2025-02-10 16:08:59,Direct Traffic,-,Yes,2025-02-10
95962,2025-02-10 01:35:58,Direct Traffic,-,Yes,2025-02-10
31213,2025-02-11 17:58:33,Display Ads,Brand Awareness,Yes,2025-02-11
98055,2025-02-11 21:35:04,Referral,New Product Launch,No,2025-02-11
68615,2025-02-10 16:58:30,Social Media,New Product Launch,Yes,2025-02-10
30274,2025-02-11 12:38:37,Social Media,Discount Offer,Yes,2025-02-11
11914,2025-02-10 03:18:05,Display Ads,Brand Awareness,No,2025-02-10
97899,2025-02-10 01:50:13,Email,New Product Launch,No,2025-02-10
38857,2025-02-11 12:16:49,Search Ads,Brand Awareness,No,2025-02-11
45796,2025-02-10 01:05:32,Direct Traffic,-,Yes,2025-02-10
88061,2025-02-10 20:54:00,Social Media,Brand Awareness,No,2025-02-10
37365,2025-02-10 18:21:15,Display Ads,Winter Sale,Yes,2025-02-10
21668,2025-02-10 03:13:59,Display Ads,Brand Awareness,Yes,2025-02-10
81406,2025-02-11 20:17:59,Direct Traffic,-,Yes,2025-02-11
46592,2025-02-11 13:02:03,Social Media,-,Yes,2025-02-11
37856,2025-02-10 00:14:34,Email,Winter Sale,No,2025-02-10
40968,2025-02-11 03:37:50,Search Ads,Discount Offer,Yes,2025-02-11
69737,2025-02-10 00:18:47,Display Ads,-,No,2025-02-10
12275,2025-02-11 20:26:54,Search Ads,Discount Offer,No,2025-02-11
92006,2025-02-10 04:34:37,Search Ads,Winter Sale,No,2025-02-10
72561,2025-02-11 02:24:58,Direct Traffic,-,Yes,2025-02-11
95799,2025-02-11 09:46:59,Email,Winter Sale,Yes,2025-02-11
60888,2025-02-11 07:03:13,Search Ads,Discount Offer,No,2025-02-11
67283,2025-02-10 05:45:12,Referral,New Product Launch,Yes,2025-02-10
30299,2025-02-11 14:50:51,Direct Traffic,-,No,2025-02-11
36427,2025-02-10 02:46:03,Social Media,-,Yes,2025-02-10
34094,2025-02-11 09:32:32,Search Ads,Retargeting,No,2025-02-11
12797,2025-02-10 00:04:44,Search Ads,Brand Awareness,Yes,2025-02-10
73458,2025-02-11 03:51:23,Email,Winter Sale,No,2025-02-11
31643,2025-02-10 09:16:46,Referral,-,Yes,2025-02-10
74300,2025-02-10 07:41:35,Direct Traffic,-,No,2025-02-10
91512,2025-02-10 18:23:09,Direct Traffic,-,Yes,2025-02-10
49297,2025-02-11 06:28:36,Search Ads,Brand Awareness,No,2025-02-11
12855,2025-02-11 06:24:01,Referral,Winter Sale,Yes,2025-02-11
99147,2025-02-10 21:05:26,Search Ads,Retargeting,No,2025-02-10
93708,2025-02-10 05:12:51,Display Ads,New Product Launch,Yes,2025-02-10
59319,2025-02-10 20:17:36,Referral,Retargeting,No,2025-02-10
55756,2025-02-10 14:34:26,Social Media,Retargeting,No,2025-02-10
55755,2025-02-10 02:59:56,Email,Retargeting,No,2025-02-10
88357,2025-02-10 19:07:01,Display Ads,Retargeting,No,2025-02-10
67175,2025-02-10 19:24:24,Display Ads,Winter Sale,Yes,2025-02-10
25104,2025-02-10 23:49:54,Display Ads,Brand Awareness,No,2025-02-10
15082,2025-02-11 21:57:30,Direct Traffic,-,No,2025-02-11
25369,2025-02-11 23:58:23,Social Media,-,Yes,2025-02-11
49735,2025-02-10 17:42:45,Social Media,Discount Offer,No,2025-02-10
71911,2025-02-11 05:38:42,Search Ads,Winter Sale,No,2025-02-11
39056,2025-02-10 05:13:01,Direct Traffic,-,Yes,2025-02-10
41941,2025-02-11 17:51:42,Social Media,Brand Awareness,Yes,2025-02-11
43014,2025-02-10 09:38:31,Direct Traffic,-,Yes,2025-02-10
66382,2025-02-11 12:12:18,Email,Retargeting,No,2025-02-11
43930,2025-02-10 13:35:42,Email,New Product Launch,No,2025-02-10
71078,2025-02-11 15:11:39,Social Media,Brand Awareness,Yes,2025-02-11
19507,2025-02-11 09:45:49,Referral,-,Yes,2025-02-11
62264,2025-02-11 16:13:09,Referral,Discount Offer,Yes,2025-02-11
69421,2025-02-11 10:10:44,Search Ads,New Product Launch,No,2025-02-11
66042,2025-02-10 22:56:40,Referral,Winter Sale,Yes,2025-02-10
71460,2025-02-11 20:01:09,Direct Traffic,-,Yes,2025-02-11
83712,2025-02-11 15:58:42,Email,Brand Awareness,Yes,2025-02-11
58795,2025-02-10 07:02:11,Email,Winter Sale,Yes,2025-02-10
57455,2025-02-10 03:32:59,Referral,New Product Launch,Yes,2025-02-10
32299,2025-02-10 05:53:43,Referral,Brand Awareness,No,2025-02-10
75033,2025-02-11 22:37:23,Direct Traffic,-,No,2025-02-11
81053,2025-02-10 00:17:07,Display Ads,-,No,2025-02-10
19754,2025-02-11 16:26:28,Email,Retargeting,No,2025-02-11
12077,2025-02-11 21:10:11,Social Media,-,No,2025-02-11
50926,2025-02-10 09:28:59,Direct Traffic,-,No,2025-02-10
28289,2025-02-11 07:32:16,Email,-,No,2025-02-11
23202,2025-02-10 04:40:12,Direct Traffic,-,No,2025-02-10
43036,2025-02-10 19:10:37,Search Ads,-,Yes,2025-02-10
82862,2025-02-11 07:26:51,Social Media,Discount Offer,Yes,2025-02-11
12877,2025-02-10 02:08:27,Display Ads,Winter Sale,Yes,2025-02-10
57951,2025-02-10 17:17:40,Social Media,Winter Sale,Yes,2025-02-10
31134,2025-02-10 04:50:27,Search Ads,Brand Awareness,No,2025-02-10
92043,2025-02-10 04:38:45,Email,New Product Launch,No,2025-02-10
90969,2025-02-10 05:42:14,Referral,Brand Awareness,No,2025-02-10
57372,2025-02-10 06:17:40,Display Ads,New Product Launch,Yes,2025-02-10
22118,2025-02-10 01:09:17,Referral,Winter Sale,No,2025-02-10
35886,2025-02-11 22:34:45,Display Ads,-,No,2025-02-11
13480,2025-02-10 04:32:08,Display Ads,Winter Sale,No,2025-02-10
50693,2025-02-10 17:05:31,Social Media,Retargeting,No,2025-02-10
76909,2025-02-11 11:34:49,Social Media,Brand Awareness,Yes,2025-02-11
67419,2025-02-11 11:59:22,Direct Traffic,-,Yes,2025-02-11
98320,2025-02-11 08:26:13,Direct Traffic,-,Yes,2025-02-11
81855,2025-02-10 19:24:08,Direct Traffic,-,No,2025-02-10
67253,2025-02-11 12:49:05,Display Ads,-,Yes,2025-02-11
84693,2025-02-11 03:18:14,Referral,New Product Launch,Yes,2025-02-11
63505,2025-02-11 13:50:52,Social Media,New Product Launch,No,2025-02-11
89340,2025-02-10 23:33:07,Referral,New Product Launch,Yes,2025-02-10
30136,2025-02-10 02:05:49,Social Media,New Product Launch,No,2025-02-10
50369,2025-02-10 07:51:38,Search Ads,Discount Offer,No,2025-02-10
48867,2025-02-11 10:06:45,Referral,New Product Launch,Yes,2025-02-11
53902,2025-02-11 12:48:21,Referral,Winter Sale,Yes,2025-02-11
81563,2025-02-11 23:15:41,Referral,Winter Sale,No,2025-02-11
91541,2025-02-11 23:49:56,Referral,Winter Sale,No,2025-02-11
42006,2025-02-10 14:21:42,Referral,New Product Launch,No,2025-02-10
53932,2025-02-11 09:39:16,Email,Retargeting,Yes,2025-02-11
71927,2025-02-10 03:06:14,Direct Traffic,-,No,2025-02-10
43847,2025-02-11 19:07:00,Email,Retargeting,No,2025-02-11
11686,2025-02-11 02:38:20,Display Ads,Discount Offer,No,2025-02-11
78514,2025-02-11 12:57:00,Email,New Product Launch,Yes,2025-02-11
76240,2025-02-11 19:42:33,Search Ads,-,Yes,2025-02-11
59840,2025-02-11 23:41:05,Email,-,Yes,2025-02-11
73286,2025-02-11 00:10:14,Search Ads,Retargeting,No,2025-02-11
88692,2025-02-10 14:43:28,Direct Traffic,-,Yes,2025-02-10
31021,2025-02-10 06:30:24,Display Ads,Winter Sale,Yes,2025-02-10
87893,2025-02-11 03:01:43,Search Ads,-,No,2025-02-11
72645,2025-02-10 21:21:45,Display Ads,Discount Offer,No,2025-02-10
85426,2025-02-11 11:45:47,Search Ads,Brand Awareness,Yes,2025-02-11
10120,2025-02-10 16:31:20,Email,Winter Sale,Yes,2025-02-10
25195,2025-02-10 17:54:46,Social Media,Discount Offer,Yes,2025-02-10
67155,2025-02-10 06:13:04,Direct Traffic,-,No,2025-02-10
27470,2025-02-11 08:13:27,Direct Traffic,-,Yes,2025-02-11
21116,2025-02-11 06:40:42,Social Media,-,No,2025-02-11
55808,2025-02-10 13:26:51,Social Media,Brand Awareness,No,2025-02-10
83254,2025-02-11 15:37:06,Email,Retargeting,Yes,2025-02-11
69217,2025-02-10 01:09:31,Referral,Winter Sale,Yes,2025-02-10
13806,2025-02-10 00:05:13,Search Ads,-,No,2025-02-10
91565,2025-02-11 04:52:00,Display Ads,Winter Sale,Yes,2025-02-11
68367,2025-02-11 13:39:20,Direct Traffic,-,No,2025-02-11
82166,2025-02-11 14:29:12,Search Ads,Winter Sale,No,2025-02-11
33019,2025-02-11 21:30:21,Direct Traffic,-,No,2025-02-11
91641,2025-02-11 12:16:58,Search Ads,Discount Offer,Yes,2025-02-11
95870,2025-02-11 11:18:16,Display Ads,-,No,2025-02-11
92346,2025-02-10 07:21:39,Direct Traffic,-,Yes,2025-02-10
83912,2025-02-11 06:49:24,Display Ads,-,Yes,2025-02-11
64032,2025-02-11 13:39:11,Display Ads,New Product Launch,Yes,2025-02-11
68751,2025-02-10 23:15:24,Direct Traffic,-,Yes,2025-02-10
89953,2025-02-10 01:01:13,Display Ads,New Product Launch,No,2025-02-10
31070,2025-02-11 12:18:29,Referral,New Product Launch,No,2025-02-11
71941,2025-02-11 05:39:29,Email,New Product Launch,Yes,2025-02-11
44484,2025-02-10 22:05:19,Social Media,Brand Awareness,Yes,2025-02-10
43883,2025-02-10 09:58:22,Social Media,-,Yes,2025-02-10
14212,2025-02-11 17:11:02,Direct Traffic,-,Yes,2025-02-11
17702,2025-02-10 14:58:18,Email,Discount Offer,No,2025-02-10
48732,2025-02-10 07:01:16,Email,Winter Sale,Yes,2025-02-10
20632,2025-02-11 02:46:25,Direct Traffic,-,Yes,2025-02-11
27048,2025-02-10 21:42:40,Direct Traffic,-,Yes,2025-02-10
92699,2025-02-11 04:06:13,Social Media,Retargeting,Yes,2025-02-11
33497,2025-02-10 04:30:11,Referral,Discount Offer,Yes,2025-02-10
98275,2025-02-11 18:59:50,Search Ads,Brand Awareness,No,2025-02-11
85587,2025-02-10 08:03:26,Email,Discount Offer,No,2025-02-10
25254,2025-02-10 00:56:27,Referral,Brand Awareness,Yes,2025-02-10
83962,2025-02-10 23:58:42,Email,-,No,2025-02-10
30460,2025-02-10 07:37:45,Direct Traffic,-,No,2025-02-10
44400,2025-02-11 05:25:36,Display Ads,Brand Awareness,Yes,2025-02-11
22343,2025-02-10 11:20:09,Social Media,New Product Launch,No,2025-02-10
67283,2025-02-11 22:40:25,Direct Traffic,-,No,2025-02-11
25547,2025-02-11 18:24:56,Email,Winter Sale,Yes,2025-02-11
88885,2025-02-11 00:44:17,Direct Traffic,-,No,2025-02-11
21504,2025-02-10 13:05:48,Search Ads,Brand Awareness,Yes,2025-02-10
46373,2025-02-11 23:38:49,Social Media,-,No,2025-02-11
66748,2025-02-10 06:21:20,Direct Traffic,-,No,2025-02-10
12275,2025-02-10 01:14:16,Email,Discount Offer,Yes,2025-02-10
60660,2025-02-10 19:31:03,Display Ads,Brand Awareness,Yes,2025-02-10
15582,2025-02-11 22:55:26,Direct Traffic,-,No,2025-02-11
99321,2025-02-10 18:35:30,Direct Traffic,-,No,2025-02-10
76276,2025-02-10 11:04:03,Direct Traffic,-,No,2025-02-10
71497,2025-02-10 23:07:40,Referral,Brand Awareness,No,2025-02-10
10518,2025-02-11 12:17:20,Referral,-,Yes,2025-02-11
33517,2025-02-10 23:41:52,Search Ads,Brand Awareness,No,2025-02-10
54301,2025-02-11 11:24:18,Display Ads,-,No,2025-02-11
11257,2025-02-10 13:08:16,Email,Brand Awareness,No,2025-02-10
55355,2025-02-11 04:18:17,Referral,New Product Launch,No,2025-02-11
41641,2025-02-11 08:12:04,Social Media,-,Yes,2025-02-11
61053,2025-02-11 03:41:48,Direct Traffic,-,No,2025-02-11
93802,2025-02-10 16:20:37,Direct Traffic,-,Yes,2025-02-10
23233,2025-02-10 13:48:57,Direct Traffic,-,Yes,2025-02-10
46977,2025-02-11 13:47:24,Email,-,No,2025-02-11
13426,2025-02-11 00:10:07,Email,New Product Launch,No,2025-02-11
60095,2025-02-10 10:29:14,Display Ads,New Product Launch,Yes,2025-02-10
40130,2025-02-11 03:15:53,Direct Traffic,-,Yes,2025-02-11
29461,2025-02-11 11:20:15,Email,Discount Offer,No,2025-02-11
15582,2025-02-10 01:00:27,Email,New Product Launch,Yes,2025-02-10
22270,2025-02-10 09:25:17,Search Ads,New Product Launch,No,2025-02-10
54440,2025-02-11 23:13:39,Direct Traffic,-,No,2025-02-11
22723,2025-02-11 04:03:13,Display Ads,New Product Launch,Yes,2025-02-11
41641,2025-02-10 00:30:16,Email,-,Yes,2025-02-10
19967,2025-02-10 01:28:59,Direct Traffic,-,No,2025-02-10
53902,2025-02-11 01:16:59,Social Media,New Product Launch,No,2025-02-11
98683,2025-02-10 07:25:54,Search Ads,Brand Awareness,No,2025-02-10
36074,2025-02-10 13:32:36,Referral,Retargeting,No,2025-02-10
80549,2025-02-11 13:36:24,Referral,Winter Sale,No,2025-02-11
44882,2025-02-10 23:32:28,Search Ads,Winter Sale,No,2025-02-10
28623,2025-02-11 04:55:07,Search Ads,Discount Offer,Yes,2025-02-11
77968,2025-02-11 23:18:30,Email,Winter Sale,Yes,2025-02-11
16713,2025-02-10 02:46:27,Email,New Product Launch,Yes,2025-02-10
21596,2025-02-11 18:04:19,Referral,New Product Launch,Yes,2025-02-11
38483,2025-02-11 19:18:46,Email,-,No,2025-02-11
44038,2025-02-11 22:29:03,Social Media,Brand Awareness,No,2025-02-11
45315,2025-02-10 00:51:24,Referral,Winter Sale,No,2025-02-10
47094,2025-02-11 08:24:56,Search Ads,Discount Offer,No,2025-02-11
27589,2025-02-10 12:54:14,Social Media,Brand Awareness,Yes,2025-02-10
21667,2025-02-11 13:55:34,Email,Winter Sale,No,2025-02-11
95449,2025-02-11 21:43:26,Direct Traffic,-,Yes,2025-02-11
28265,2025-02-10 11:50:57,Email,Winter Sale,Yes,2025-02-10
10654,2025-02-11 04:44:49,Search Ads,New Product Launch,No,2025-02-11
99481,2025-02-10 09:33:34,Social Media,New Product Launch,Yes,2025-02-10
16337,2025-02-10 17:31:00,Direct Traffic,-,Yes,2025-02-10
79835,2025-02-11 20:14:13,Referral,Brand Awareness,No,2025-02-11
86889,2025-02-11 09:02:13,Social Media,Retargeting,No,2025-02-11
79268,2025-02-11 07:22:40,Search Ads,Discount Offer,Yes,2025-02-11
27971,2025-02-11 11:11:23,Display Ads,Retargeting,Yes,2025-02-11
77688,2025-02-10 01:30:31,Direct Traffic,-,Yes,2025-02-10
85651,2025-02-10 13:08:26,Direct Traffic,-,Yes,2025-02-10
89110,2025-02-11 17:31:56,Direct Traffic,-,Yes,2025-02-11
25147,2025-02-10 18:57:24,Display Ads,New Product Launch,No,2025-02-10
42353,2025-02-10 04:19:22,Display Ads,New Product Launch,Yes,2025-02-10
95799,2025-02-10 07:47:16,Display Ads,Retargeting,Yes,2025-02-10
83489,2025-02-10 23:03:22,Referral,New Product Launch,Yes,2025-02-10
71094,2025-02-10 21:48:08,Display Ads,Winter Sale,Yes,2025-02-10
94825,2025-02-11 11:38:39,Display Ads,Brand Awareness,Yes,2025-02-11
36840,2025-02-10 02:19:58,Social Media,New Product Launch,Yes,2025-02-10
28268,2025-02-11 03:39:53,Search Ads,New Product Launch,Yes,2025-02-11
76328,2025-02-11 21:24:47,Email,Retargeting,No,2025-02-11
59033,2025-02-11 00:35:12,Referral,-,Yes,2025-02-11
54727,2025-02-10 21:57:12,Social Media,Discount Offer,Yes,2025-02-10
62264,2025-02-10 15:24:20,Social Media,Winter Sale,Yes,2025-02-10
31126,2025-02-10 19:00:51,Search Ads,-,No,2025-02-10
23968,2025-02-11 04:09:05,Display Ads,Discount Offer,No,2025-02-11
35942,2025-02-11 04:52:27,Social Media,Discount Offer,No,2025-02-11
81711,2025-02-10 06:47:48,Social Media,New Product Launch,Yes,2025-02-10
40808,2025-02-11 13:21:16,Email,Discount Offer,Yes,2025-02-11
97529,2025-02-10 09:30:30,Search Ads,-,No,2025-02-10
47740,2025-02-11 09:41:45,Direct Traffic,-,Yes,2025-02-11
31581,2025-02-10 10:38:21,Email,New Product Launch,No,2025-02-10
99490,2025-02-11 05:16:45,Search Ads,-,No,2025-02-11
47509,2025-02-11 11:07:55,Display Ads,New Product Launch,Yes,2025-02-11
98015,2025-02-11 02:11:07,Referral,Brand Awareness,No,2025-02-11
84041,2025-02-11 02:15:02,Direct Traffic,-,Yes,2025-02-11
65743,2025-02-10 03:35:55,Social Media,Retargeting,No,2025-02-10
28556,2025-02-10 13:50:20,Direct Traffic,-,No,2025-02-10
58768,2025-02-11 21:09:04,Search Ads,New Product Launch,Yes,2025-02-11
37659,2025-02-11 06:01:51,Referral,New Product Launch,No,2025-02-11
82182,2025-02-11 05:30:27,Search Ads,Discount Offer,Yes,2025-02-11
17566,2025-02-10 07:41:09,Social Media,-,Yes,2025-02-10
14798,2025-02-11 16:29:37,Direct Traffic,-,No,2025-02-11
44474,2025-02-11 07:09:52,Email,-,No,2025-02-11
39994,2025-02-10 17:20:25,Search Ads,New Product Launch,Yes,2025-02-10
95461,2025-02-11 20:46:20,Referral,Discount Offer,No,2025-02-11
47151,2025-02-10 02:31:38,Email,New Product Launch,No,2025-02-10
56993,2025-02-10 00:03:55,Email,-,Yes,2025-02-10
55829,2025-02-11 00:03:50,Referral,Discount Offer,Yes,2025-02-11
74104,2025-02-10 02:33:01,Referral,New Product Launch,No,2025-02-10
10766,2025-02-10 15:17:42,Social Media,Brand Awareness,Yes,2025-02-10
19759,2025-02-10 11:55:11,Email,Brand Awareness,Yes,2025-02-10
56041,2025-02-11 05:13:12,Search Ads,Winter Sale,No,2025-02-11
45681,2025-02-10 11:17:53,Social Media,Brand Awareness,Yes,2025-02-10
27167,2025-02-11 19:45:41,Referral,Winter Sale,Yes,2025-02-11
28623,2025-02-10 13:58:54,Direct Traffic,-,Yes,2025-02-10
72045,2025-02-11 21:29:28,Social Media,Discount Offer,Yes,2025-02-11
61062,2025-02-10 08:28:07,Direct Traffic,-,Yes,2025-02-10
94253,2025-02-11 19:48:27,Search Ads,Retargeting,No,2025-02-11
60684,2025-02-11 01:28:50,Display Ads,Brand Awareness,Yes,2025-02-11
33345,2025-02-11 15:08:21,Social Media,Winter Sale,No,2025-02-11
64713,2025-02-11 15:38:24,Display Ads,Winter Sale,No,2025-02-11
91565,2025-02-11 10:10:48,Direct Traffic,-,Yes,2025-02-11
60974,2025-02-11 22:56:40,Display Ads,Retargeting,No,2025-02-11
10028,2025-02-11 01:03:57,Display Ads,-,Yes,2025-02-11
64440,2025-02-11 18:58:28,Display Ads,Discount Offer,No,2025-02-11
84928,2025-02-10 14:46:30,Direct Traffic,-,Yes,2025-02-10
50839,2025-02-11 03:58:41,Social Media,Brand Awareness,Yes,2025-02-11
43767,2025-02-11 09:10:06,Direct Traffic,-,Yes,2025-02-11
30141,2025-02-11 19:47:19,Search Ads,Retargeting,Yes,2025-02-11
25284,2025-02-11 11:21:41,Search Ads,-,No,2025-02-11
66060,2025-02-11 20:16:02,Direct Traffic,-,Yes,2025-02-11
18699,2025-02-10 22:08:21,Email,-,Yes,2025-02-10
36115,2025-02-11 11:46:26,Social Media,Retargeting,No,2025-02-11
61368,2025-02-11 07:28:52,Search Ads,-,Yes,2025-02-11
29877,2025-02-11 23:08:57,Email,Winter Sale,Yes,2025-02-11
56297,2025-02-11 03:10:59,Referral,New Product Launch,No,2025-02-11
22943,2025-02-11 06:35:36,Display Ads,New Product Launch,No,2025-02-11
56912,2025-02-10 03:02:15,Display Ads,Brand Awareness,Yes,2025-02-10
52864,2025-02-10 13:17:04,Referral,-,No,2025-02-10
89180,2025-02-11 10:38:45,Display Ads,Brand Awareness,No,2025-02-11
61062,2025-02-10 01:33:56,Referral,-,No,2025-02-10
10654,2025-02-10 02:38:51,Search Ads,-,No,2025-02-10
48753,2025-02-11 15:57:43,Social Media,-,No,2025-02-11
93476,2025-02-10 19:14:46,Referral,-,No,2025-02-10
23733,2025-02-11 20:36:34,Referral,Discount Offer,Yes,2025-02-11
93592,2025-02-11 09:00:48,Direct Traffic,-,No,2025-02-11
64528,2025-02-10 17:25:15,Display Ads,New Product Launch,No,2025-02-10
13967,2025-02-10 09:42:22,Social Media,Winter Sale,No,2025-02-10
34143,2025-02-11 07:26:06,Direct Traffic,-,Yes,2025-02-11
41422,2025-02-11 04:42:04,Social Media,New Product Launch,Yes,2025-02-11
26622,2025-02-11 10:43:50,Search Ads,Retargeting,Yes,2025-02-11
96629,2025-02-11 17:14:30,Search Ads,Brand Awareness,Yes,2025-02-11
17761,2025-02-10 22:34:11,Referral,New Product Launch,No,2025-02-10
14398,2025-02-11 14:15:21,Social Media,Discount Offer,Yes,2025-02-11
95648,2025-02-10 12:10:29,Referral,Winter Sale,No,2025-02-10
71410,2025-02-10 17:22:36,Email,Discount Offer,Yes,2025-02-10
22516,2025-02-10 04:14:26,Search Ads,Brand Awareness,No,2025-02-10
85725,2025-02-10 14:50:37,Direct Traffic,-,Yes,2025-02-10
59281,2025-02-10 23:31:20,Referral,Discount Offer,Yes,2025-02-10
50942,2025-02-11 12:10:45,Search Ads,Discount Offer,No,2025-02-11
50369,2025-02-11 01:12:31,Display Ads,-,No,2025-02-11
59899,2025-02-10 12:45:17,Direct Traffic,-,Yes,2025-02-10
49073,2025-02-10 05:53:52,Search Ads,Discount Offer,No,2025-02-10
13035,2025-02-11 16:06:30,Direct Traffic,-,Yes,2025-02-11
37051,2025-02-11 13:01:22,Social Media,Discount Offer,Yes,2025-02-11
24526,2025-02-10 01:13:52,Display Ads,Discount Offer,No,2025-02-10
19184,2025-02-11 09:32:16,Display Ads,Retargeting,No,2025-02-11
67211,2025-02-11 17:56:28,Referral,Discount Offer,Yes,2025-02-11
35873,2025-02-11 23:32:50,Social Media,-,No,2025-02-11
88515,2025-02-11 07:38:17,Social Media,Retargeting,No,2025-02-11
79087,2025-02-10 17:30:47,Direct Traffic,-,No,2025-02-10
14978,2025-02-10 17:15:27,Search Ads,Winter Sale,No,2025-02-10
17478,2025-02-10 03:31:44,Referral,Retargeting,Yes,2025-02-10
76181,2025-02-10 21:00:08,Display Ads,Brand Awareness,Yes,2025-02-10
55227,2025-02-11 18:44:13,Search Ads,-,No,2025-02-11
79906,2025-02-10 01:29:10,Display Ads,Brand Awareness,Yes,2025-02-10
71570,2025-02-10 20:30:36,Referral,Brand Awareness,No,2025-02-10
24251,2025-02-10 11:56:11,Referral,-,No,2025-02-10
73945,2025-02-10 17:51:11,Email,Retargeting,No,2025-02-10
36717,2025-02-10 04:03:00,Search Ads,Winter Sale,No,2025-02-10
59722,2025-02-11 05:58:06,Display Ads,New Product Launch,No,2025-02-11
31021,2025-02-10 11:58:46,Referral,Winter Sale,Yes,2025-02-10
94174,2025-02-10 20:14:33,Social Media,Discount Offer,Yes,2025-02-10
68641,2025-02-11 19:13:17,Direct Traffic,-,No,2025-02-11
88708,2025-02-11 06:26:32,Social Media,Brand Awareness,Yes,2025-02-11
36377,2025-02-11 03:44:23,Display Ads,Brand Awareness,No,2025-02-11
60798,2025-02-10 17:36:34,Social Media,Winter Sale,Yes,2025-02-10
61685,2025-02-10 11:56:52,Referral,New Product Launch,Yes,2025-02-10
17012,2025-02-10 01:53:32,Direct Traffic,-,Yes,2025-02-10
33578,2025-02-10 08:02:49,Email,Discount Offer,No,2025-02-10
49735,2025-02-11 16:27:32,Social Media,New Product Launch,No,2025-02-11
72645,2025-02-11 17:10:42,Referral,Brand Awareness,Yes,2025-02-11
26328,2025-02-11 19:54:37,Social Media,Discount Offer,Yes,2025-02-11
25547,2025-02-11 22:42:12,Display Ads,Retargeting,Yes,2025-02-11
27571,2025-02-11 14:47:05,Direct Traffic,-,Yes,2025-02-11
28385,2025-02-10 05:42:52,Referral,Brand Awareness,No,2025-02-10
76717,2025-02-10 02:50:15,Referral,New Product Launch,No,2025-02-10
32839,2025-02-11 23:07:55,Referral,Discount Offer,No,2025-02-11
11741,2025-02-10 07:51:33,Display Ads,Retargeting,Yes,2025-02-10
22270,2025-02-11 07:42:45,Email,Retargeting,No,2025-02-11
93942,2025-02-11 12:23:28,Email,Retargeting,Yes,2025-02-11
84693,2025-02-11 16:04:25,Direct Traffic,-,Yes,2025-02-11
95739,2025-02-11 04:33:40,Email,New Product Launch,Yes,2025-02-11
16756,2025-02-10 23:55:26,Direct Traffic,-,No,2025-02-10
24594,2025-02-10 12:23:26,Direct Traffic,-,No,2025-02-10
51640,2025-02-11 15:41:42,Display Ads,-,Yes,2025-02-11
81974,2025-02-11 15:28:43,Search Ads,Winter Sale,Yes,2025-02-11
84203,2025-02-10 18:23:44,Direct Traffic,-,Yes,2025-02-10
24215,2025-02-10 20:31:41,Display Ads,-,Yes,2025-02-10
69217,2025-02-11 18:01:22,Search Ads,Brand Awareness,No,2025-02-11
59899,2025-02-10 01:40:18,Social Media,-,No,2025-02-10
11416,2025-02-10 22:26:31,Direct Traffic,-,Yes,2025-02-10
94070,2025-02-10 07:22:19,Search Ads,New Product Launch,Yes,2025-02-10
36457,2025-02-11 10:32:53,Referral,Brand Awareness,Yes,2025-02-11
28481,2025-02-11 23:07:48,Email,New Product Launch,Yes,2025-02-11
85722,2025-02-10 07:38:33,Email,Retargeting,No,2025-02-10
10442,2025-02-10 05:15:54,Direct Traffic,-,Yes,2025-02-10
53526,2025-02-10 00:08:57,Email,New Product Launch,Yes,2025-02-10
33497,2025-02-10 06:27:50,Social Media,Discount Offer,No,2025-02-10
80967,2025-02-11 13:50:30,Social Media,Winter Sale,Yes,2025-02-11
15190,2025-02-11 06:17:26,Email,Brand Awareness,Yes,2025-02-11
29709,2025-02-10 21:05:28,Social Media,New Product Launch,Yes,2025-02-10
49991,2025-02-10 20:17:16,Referral,New Product Launch,Yes,2025-02-10
63416,2025-02-11 06:03:32,Referral,Retargeting,No,2025-02-11
64263,2025-02-10 00:35:02,Search Ads,Winter Sale,Yes,2025-02-10
56160,2025-02-11 13:57:33,Referral,Retargeting,Yes,2025-02-11
65740,2025-02-10 00:46:16,Display Ads,-,Yes,2025-02-10
94174,2025-02-10 08:30:47,Search Ads,Discount Offer,No,2025-02-10
62101,2025-02-11 18:20:27,Direct Traffic,-,Yes,2025-02-11
24526,2025-02-10 15:44:36,Social Media,Brand Awareness,Yes,2025-02-10
50942,2025-02-10 16:55:29,Direct Traffic,-,No,2025-02-10
32839,2025-02-11 18:51:44,Email,Discount Offer,Yes,2025-02-11
73721,2025-02-11 04:56:13,Social Media,Brand Awareness,Yes,2025-02-11
25195,2025-02-11 20:55:26,Search Ads,-,No,2025-02-11
42457,2025-02-10 04:28:45,Email,New Product Launch,No,2025-02-10
34737,2025-02-11 13:30:11,Referral,Brand Awareness,No,2025-02-11
48867,2025-02-11 04:34:07,Direct Traffic,-,No,2025-02-11
26511,2025-02-10 14:17:03,Display Ads,Brand Awareness,No,2025-02-10
71985,2025-02-10 04:08:14,Email,New Product Launch,Yes,2025-02-10
49673,2025-02-10 21:53:54,Search Ads,Brand Awareness,Yes,2025-02-10
65820,2025-02-11 08:01:33,Direct Traffic,-,No,2025-02-11
28413,2025-02-11 09:45:38,Referral,-,No,2025-02-11
43931,2025-02-11 01:54:29,Referral,Retargeting,Yes,2025-02-11
55190,2025-02-10 15:57:29,Direct Traffic,-,Yes,2025-02-10
79091,2025-02-11 23:13:28,Social Media,-,No,2025-02-11
43847,2025-02-11 15:42:19,Social Media,Retargeting,Yes,2025-02-11
82667,2025-02-11 18:05:20,Social Media,Discount Offer,Yes,2025-02-11
95402,2025-02-11 20:58:17,Referral,Brand Awareness,Yes,2025-02-11
79571,2025-02-10 00:02:27,Search Ads,Retargeting,No,2025-02-10
22917,2025-02-11 09:23:57,Search Ads,Brand Awareness,Yes,2025-02-11
28387,2025-02-11 03:45:17,Search Ads,Discount Offer,Yes,2025-02-11
87938,2025-02-11 01:57:03,Search Ads,New Product Launch,No,2025-02-11
30989,2025-02-10 17:00:45,Email,Brand Awareness,Yes,2025-02-10
24221,2025-02-10 13:07:16,Email,Discount Offer,No,2025-02-10
82330,2025-02-11 07:32:00,Direct Traffic,-,No,2025-02-11
49913,2025-02-11 01:12:04,Direct Traffic,-,No,2025-02-11
42610,2025-02-11 16:56:49,Email,Retargeting,No,2025-02-11
75293,2025-02-10 15:49:05,Social Media,-,No,2025-02-10
11295,2025-02-10 16:46:14,Social Media,Discount Offer,No,2025-02-10
26537,2025-02-10 06:12:01,Social Media,New Product Launch,Yes,2025-02-10
26582,2025-02-10 20:15:46,Display Ads,Winter Sale,No,2025-02-10
34587,2025-02-11 04:41:07,Direct Traffic,-,Yes,2025-02-11
74534,2025-02-10 01:34:31,Search Ads,New Product Launch,No,2025-02-10
31213,2025-02-11 15:33:55,Email,New Product Launch,No,2025-02-11
61062,2025-02-10 08:17:09,Search Ads,Discount Offer,Yes,2025-02-10
33190,2025-02-11 18:25:23,Referral,Discount Offer,No,2025-02-11
89619,2025-02-11 03:35:24,Referral,Retargeting,Yes,2025-02-11
20743,2025-02-10 12:33:58,Referral,Brand Awareness,No,2025-02-10
77098,2025-02-10 12:14:25,Direct Traffic,-,Yes,2025-02-10
11661,2025-02-11 12:43:39,Social Media,Winter Sale,No,2025-02-11
56987,2025-02-11 03:26:41,Referral,Retargeting,No,2025-02-11
89174,2025-02-10 03:12:11,Direct Traffic,-,No,2025-02-10
29914,2025-02-10 20:25:10,Social Media,Winter Sale,Yes,2025-02-10
76514,2025-02-11 02:47:53,Display Ads,-,No,2025-02-11
12350,2025-02-10 07:45:29,Direct Traffic,-,No,2025-02-10
83281,2025-02-10 19:13:24,Email,-,No,2025-02-10
73105,2025-02-10 17:18:05,Referral,Winter Sale,Yes,2025-02-10
62079,2025-02-11 01:30:46,Search Ads,New Product Launch,No,2025-02-11
38857,2025-02-10 00:01:33,Search Ads,New Product Launch,Yes,2025-02-10
20021,2025-02-10 00:43:21,Display Ads,Discount Offer,No,2025-02-10
59631,2025-02-10 15:34:37,Social Media,Winter Sale,Yes,2025-02-10
73412,2025-02-11 04:17:07,Display Ads,Discount Offer,Yes,2025-02-11
89240,2025-02-10 21:27:53,Direct Traffic,-,Yes,2025-02-10
72561,2025-02-10 08:55:03,Display Ads,Brand Awareness,Yes,2025-02-10
43531,2025-02-10 17:20:30,Social Media,Retargeting,No,2025-02-10
59899,2025-02-11 23:16:57,Direct Traffic,-,No,2025-02-11
36044,2025-02-11 22:09:28,Display Ads,-,No,2025-02-11
71979,2025-02-11 17:13:58,Email,New Product Launch,No,2025-02-11
98079,2025-02-11 16:52:46,Email,Brand Awareness,Yes,2025-02-11
17761,2025-02-10 00:06:25,Direct Traffic,-,Yes,2025-02-10
22011,2025-02-11 18:13:10,Display Ads,Discount Offer,No,2025-02-11
92972,2025-02-11 03:48:44,Referral,Retargeting,No,2025-02-11
44719,2025-02-10 07:26:53,Search Ads,Winter Sale,Yes,2025-02-10
45415,2025-02-11 10:43:43,Search Ads,New Product Launch,Yes,2025-02-11
89214,2025-02-10 21:50:57,Social Media,Retargeting,Yes,2025-02-10
68042,2025-02-11 07:39:12,Email,-,No,2025-02-11
22673,2025-02-11 20:41:23,Email,New Product Launch,Yes,2025-02-11
25362,2025-02-10 19:51:20,Referral,Retargeting,Yes,2025-02-10
99250,2025-02-10 02:02:44,Referral,Winter Sale,No,2025-02-10
84512,2025-02-11 12:59:13,Direct Traffic,-,Yes,2025-02-11
24212,2025-02-10 06:24:16,Social Media,-,Yes,2025-02-10
34708,2025-02-10 12:39:38,Referral,Retargeting,No,2025-02-10
46491,2025-02-11 05:40:24,Search Ads,Winter Sale,Yes,2025-02-11
84060,2025-02-10 09:37:01,Direct Traffic,-,Yes,2025-02-10
78574,2025-02-11 06:38:00,Social Media,New Product Launch,No,2025-02-11
81152,2025-02-11 19:49:14,Direct Traffic,-,Yes,2025-02-11
83281,2025-02-10 23:56:14,Display Ads,-,No,2025-02-10
68071,2025-02-11 02:10:10,Display Ads,New Product Launch,No,2025-02-11
49243,2025-02-11 08:21:16,Email,Brand Awareness,No,2025-02-11
29113,2025-02-10 00:10:32,Direct Traffic,-,No,2025-02-10
85902,2025-02-10 09:04:47,Referral,Winter Sale,Yes,2025-02-10
65575,2025-02-10 07:37:28,Direct Traffic,-,Yes,2025-02-10
79781,2025-02-10 19:05:33,Direct Traffic,-,Yes,2025-02-10
22118,2025-02-11 20:40:17,Search Ads,Retargeting,No,2025-02-11
45477,2025-02-10 15:57:37,Display Ads,Brand Awareness,No,2025-02-10
62875,2025-02-11 16:13:25,Social Media,Winter Sale,No,2025-02-11
45340,2025-02-10 08:02:26,Direct Traffic,-,No,2025-02-10
81545,2025-02-11 16:26:24,Display Ads,-,Yes,2025-02-11
45845,2025-02-10 22:55:50,Search Ads,Retargeting,No,2025-02-10
37002,2025-02-11 17:24:10,Referral,Discount Offer,Yes,2025-02-11
99799,2025-02-10 22:14:47,Referral,-,Yes,2025-02-10
54048,2025-02-10 20:21:19,Display Ads,Brand Awareness,No,2025-02-10
57726,2025-02-10 04:04:37,Email,New Product Launch,Yes,2025-02-10
72077,2025-02-10 06:14:19,Search Ads,New Product Launch,Yes,2025-02-10
62089,2025-02-11 19:47:23,Email,Winter Sale,No,2025-02-11
79268,2025-02-11 20:40:02,Social Media,Brand Awareness,Yes,2025-02-11
52660,2025-02-10 11:50:59,Social Media,New Product Launch,Yes,2025-02-10
94388,2025-02-11 08:30:29,Direct Traffic,-,Yes,2025-02-11
49053,2025-02-11 20:21:50,Referral,Discount Offer,Yes,2025-02-11
42610,2025-02-10 11:24:05,Direct Traffic,-,No,2025-02-10
92234,2025-02-10 22:53:21,Referral,-,No,2025-02-10
69316,2025-02-11 06:14:42,Direct Traffic,-,Yes,2025-02-11
35830,2025-02-11 14:09:32,Email,Retargeting,No,2025-02-11
32424,2025-02-10 18:00:23,Referral,Discount Offer,No,2025-02-10
57318,2025-02-10 08:56:22,Direct Traffic,-,No,2025-02-10
93161,2025-02-10 12:24:28,Search Ads,Discount Offer,No,2025-02-10
91512,2025-02-10 00:44:21,Direct Traffic,-,No,2025-02-10
94623,2025-02-11 01:35:08,Direct Traffic,-,Yes,2025-02-11
41667,2025-02-11 05:17:39,Social Media,Winter Sale,Yes,2025-02-11
65881,2025-02-11 01:36:15,Search Ads,Brand Awareness,Yes,2025-02-11
74894,2025-02-11 05:04:57,Direct Traffic,-,No,2025-02-11
33979,2025-02-10 07:26:00,Email,Winter Sale,No,2025-02-10
90974,2025-02-10 02:43:10,Search Ads,-,No,2025-02-10
81563,2025-02-11 07:47:09,Display Ads,Brand Awareness,Yes,2025-02-11
91630,2025-02-10 18:35:59,Referral,-,Yes,2025-02-10
26693,2025-02-10 16:10:20,Direct Traffic,-,Yes,2025-02-10
40597,2025-02-11 15:09:20,Social Media,Brand Awareness,Yes,2025-02-11
44272,2025-02-11 06:01:12,Referral,Discount Offer,No,2025-02-11
99995,2025-02-11 15:07:35,Email,Retargeting,Yes,2025-02-11
34390,2025-02-10 22:06:50,Social Media,Winter Sale,No,2025-02-10
83254,2025-02-10 02:56:23,Display Ads,New Product Launch,Yes,2025-02-10
10317,2025-02-11 16:55:59,Display Ads,Brand Awareness,Yes,2025-02-11
84041,2025-02-11 14:35:10,Referral,New Product Launch,No,2025-02-11
60484,2025-02-11 21:00:18,Search Ads,Winter Sale,No,2025-02-11
29031,2025-02-11 15:45:43,Social Media,Winter Sale,No,2025-02-11
23206,2025-02-11 03:30:24,Referral,Retargeting,Yes,2025-02-11
89240,2025-02-10 00:34:32,Social Media,Retargeting,No,2025-02-10
95886,2025-02-11 14:34:28,Search Ads,Retargeting,No,2025-02-11
41612,2025-02-10 16:45:15,Referral,Brand Awareness,No,2025-02-10
25615,2025-02-10 00:16:25,Email,Discount Offer,Yes,2025-02-10
41941,2025-02-11 08:14:13,Social Media,Brand Awareness,No,2025-02-11
56666,2025-02-10 02:14:55,Direct Traffic,-,Yes,2025-02-10
82044,2025-02-10 15:47:47,Referral,Brand Awareness,Yes,2025-02-10
65497,2025-02-11 02:06:51,Email,Winter Sale,No,2025-02-11
69729,2025-02-10 18:23:09,Direct Traffic,-,No,2025-02-10
82929,2025-02-11 17:43:47,Search Ads,New Product Launch,No,2025-02-11
74686,2025-02-11 00:16:02,Direct Traffic,-,Yes,2025-02-11
28918,2025-02-11 08:01:19,Display Ads,Retargeting,No,2025-02-11
65740,2025-02-11 09:25:14,Email,Brand Awareness,No,2025-02-11
48298,2025-02-11 02:36:39,Social Media,Discount Offer,Yes,2025-02-11
61401,2025-02-11 22:08:49,Email,New Product Launch,No,2025-02-11
89367,2025-02-11 03:45:50,Display Ads,New Product Launch,Yes,2025-02-11
69282,2025-02-10 01:50:28,Email,Winter Sale,Yes,2025-02-10
22917,2025-02-10 01:40:33,Social Media,Discount Offer,No,2025-02-10
24576,2025-02-10 06:45:18,Direct Traffic,-,Yes,2025-02-10
56007,2025-02-10 00:30:09,Display Ads,-,No,2025-02-10
10202,2025-02-11 21:53:40,Search Ads,New Product Launch,Yes,2025-02-11
91966,2025-02-10 13:33:15,Social Media,-,Yes,2025-02-10
32897,2025-02-11 15:02:42,Referral,New Product Launch,Yes,2025-02-11
62446,2025-02-11 10:31:14,Referral,New Product Launch,Yes,2025-02-11
39101,2025-02-10 00:16:45,Email,Discount Offer,No,2025-02-10
22516,2025-02-11 11:57:22,Social Media,Discount Offer,No,2025-02-11
46667,2025-02-11 20:56:33,Referral,Brand Awareness,No,2025-02-11
46592,2025-02-11 01:54:57,Display Ads,Brand Awareness,Yes,2025-02-11
28265,2025-02-11 08:03:43,Search Ads,Winter Sale,Yes,2025-02-11
15418,2025-02-10 17:16:47,Direct Traffic,-,No,2025-02-10
99697,2025-02-11 06:14:33,Email,Brand Awareness,Yes,2025-02-11
25544,2025-02-10 19:53:48,Social Media,Brand Awareness,No,2025-02-10
68849,2025-02-11 01:56:37,Social Media,-,No,2025-02-11
95694,2025-02-11 12:58:42,Email,Discount Offer,Yes,2025-02-11
27942,2025-02-11 10:30:53,Referral,-,Yes,2025-02-11
59251,2025-02-11 03:52:44,Display Ads,New Product Launch,No,2025-02-11
46070,2025-02-11 01:30:17,Search Ads,Brand Awareness,No,2025-02-11
62905,2025-02-11 05:59:25,Direct Traffic,-,No,2025-02-11
45845,2025-02-11 14:27:33,Display Ads,New Product Launch,Yes,2025-02-11
28870,2025-02-10 06:20:49,Display Ads,New Product Launch,No,2025-02-10
37902,2025-02-10 17:51:39,Referral,New Product Launch,Yes,2025-02-10
33382,2025-02-11 13:09:10,Social Media,Brand Awareness,No,2025-02-11
47740,2025-02-11 23:37:53,Referral,Winter Sale,No,2025-02-11
70492,2025-02-10 12:24:37,Email,Brand Awareness,Yes,2025-02-10
37365,2025-02-11 00:28:16,Search Ads,Retargeting,No,2025-02-11
61514,2025-02-11 22:07:03,Referral,New Product Launch,No,2025-02-11
89367,2025-02-11 02:38:37,Email,Retargeting,No,2025-02-11
33382,2025-02-11 19:20:38,Referral,-,No,2025-02-11
84690,2025-02-11 13:08:24,Direct Traffic,-,No,2025-02-11
73762,2025-02-11 14:17:15,Email,Brand Awareness,Yes,2025-02-11
83147,2025-02-10 09:42:23,Referral,Winter Sale,Yes,2025-02-10
32651,2025-02-11 08:22:00,Direct Traffic,-,No,2025-02-11
20400,2025-02-11 21:10:52,Email,Discount Offer,No,2025-02-11
42978,2025-02-11 07:46:42,Search Ads,Brand Awareness,Yes,2025-02-11
69351,2025-02-11 22:14:37,Display Ads,Winter Sale,Yes,2025-02-11
86081,2025-02-10 11:34:08,Social Media,Brand Awareness,Yes,2025-02-10
52328,2025-02-10 08:17:48,Email,New Product Launch,No,2025-02-10
27513,2025-02-11 09:22:18,Display Ads,Retargeting,No,2025-02-11
25377,2025-02-10 16:56:45,Direct Traffic,-,Yes,2025-02-10
64142,2025-02-11 02:42:55,Referral,Winter Sale,Yes,2025-02-11
19180,2025-02-10 14:50:17,Social Media,Discount Offer,No,2025-02-10
33367,2025-02-11 13:17:06,Email,Discount Offer,Yes,2025-02-11
60881,2025-02-10 01:02:06,Social Media,Retargeting,Yes,2025-02-10
63091,2025-02-11 01:38:53,Email,New Product Launch,No,2025-02-11
94646,2025-02-11 18:22:22,Email,Winter Sale,No,2025-02-11
38175,2025-02-10 17:43:38,Display Ads,Winter Sale,Yes,2025-02-10
95590,2025-02-10 21:11:04,Display Ads,Winter Sale,No,2025-02-10
86889,2025-02-10 12:19:22,Search Ads,Brand Awareness,No,2025-02-10
75656,2025-02-10 17:40:56,Email,Discount Offer,No,2025-02-10
30446,2025-02-11 12:00:07,Display Ads,New Product Launch,No,2025-02-11
29809,2025-02-10 09:58:07,Direct Traffic,-,No,2025-02-10
27306,2025-02-11 04:29:32,Social Media,-,Yes,2025-02-11
87436,2025-02-11 21:45:17,Direct Traffic,-,No,2025-02-11
25019,2025-02-11 14:11:22,Search Ads,Discount Offer,No,2025-02-11
30419,2025-02-11 14:59:17,Direct Traffic,-,No,2025-02-11
79883,2025-02-10 16:16:27,Email,-,Yes,2025-02-10
69301,2025-02-10 10:28:06,Display Ads,-,Yes,2025-02-10
24734,2025-02-11 11:49:05,Search Ads,Retargeting,No,2025-02-11
16756,2025-02-11 16:13:01,Search Ads,Brand Awareness,Yes,2025-02-11
83952,2025-02-11 12:50:44,Email,New Product Launch,Yes,2025-02-11
77790,2025-02-10 10:05:00,Social Media,New Product Launch,No,2025-02-10
55808,2025-02-10 15:04:23,Referral,-,No,2025-02-10
94388,2025-02-10 13:26:05,Referral,-,Yes,2025-02-10
90131,2025-02-11 21:53:36,Display Ads,New Product Launch,Yes,2025-02-11
91879,2025-02-11 09:49:32,Display Ads,New Product Launch,No,2025-02-11
74686,2025-02-10 04:58:08,Social Media,Retargeting,No,2025-02-10
25303,2025-02-10 12:38:10,Referral,Brand Awareness,No,2025-02-10
63471,2025-02-11 16:17:26,Display Ads,Winter Sale,Yes,2025-02-11
80527,2025-02-11 23:52:01,Direct Traffic,-,Yes,2025-02-11
50250,2025-02-10 16:27:58,Referral,Retargeting,No,2025-02-10
19184,2025-02-10 00:36:45,Display Ads,New Product Launch,Yes,2025-02-10
52806,2025-02-10 23:49:23,Referral,Brand Awareness,No,2025-02-10
88868,2025-02-10 21:40:05,Search Ads,Discount Offer,No,2025-02-10
88567,2025-02-11 03:10:10,Direct Traffic,-,No,2025-02-11
54440,2025-02-11 09:09:58,Email,Winter Sale,Yes,2025-02-11
33421,2025-02-11 12:01:10,Email,Discount Offer,Yes,2025-02-11
63511,2025-02-10 14:18:10,Search Ads,New Product Launch,No,2025-02-10
53526,2025-02-11 12:22:20,Referral,-,No,2025-02-11
54739,2025-02-10 15:55:10,Email,Winter Sale,No,2025-02-10
21343,2025-02-10 03:16:49,Social Media,Brand Awareness,Yes,2025-02-10
38175,2025-02-10 23:27:41,Direct Traffic,-,Yes,2025-02-10
85343,2025-02-10 07:45:27,Email,Brand Awareness,Yes,2025-02-10
94970,2025-02-11 11:31:29,Search Ads,Brand Awareness,Yes,2025-02-11
82774,2025-02-11 11:49:17,Referral,New Product Launch,No,2025-02-11
65708,2025-02-10 16:50:10,Direct Traffic,-,No,2025-02-10
12712,2025-02-11 05:29:38,Direct Traffic,-,No,2025-02-11
45310,2025-02-10 12:43:08,Display Ads,Discount Offer,No,2025-02-10
70659,2025-02-10 22:24:02,Email,Discount Offer,No,2025-02-10
46334,2025-02-11 13:22:24,Email,New Product Launch,Yes,2025-02-11
80392,2025-02-11 10:13:19,Direct Traffic,-,Yes,2025-02-11
67455,2025-02-10 20:54:32,Social Media,Brand Awareness,No,2025-02-10
81689,2025-02-11 15:01:21,Display Ads,Winter Sale,Yes,2025-02-11
30910,2025-02-11 18:45:44,Social Media,-,No,2025-02-11
59144,2025-02-10 16:09:46,Referral,Retargeting,Yes,2025-02-10
37386,2025-02-10 02:44:24,Direct Traffic,-,Yes,2025-02-10
55190,2025-02-10 13:42:40,Referral,Winter Sale,Yes,2025-02-10
30578,2025-02-11 12:20:51,Referral,Discount Offer,No,2025-02-11
28289,2025-02-11 10:16:13,Email,Discount Offer,Yes,2025-02-11
29664,2025-02-10 21:07:30,Social Media,-,Yes,2025-02-10
48732,2025-02-11 03:06:59,Display Ads,New Product Launch,Yes,2025-02-11
39144,2025-02-10 08:27:08,Social Media,Winter Sale,No,2025-02-10
48706,2025-02-10 09:14:50,Search Ads,Winter Sale,No,2025-02-10
43930,2025-02-11 17:41:50,Display Ads,Brand Awareness,Yes,2025-02-11
31126,2025-02-11 15:05:48,Search Ads,New Product Launch,Yes,2025-02-11
12641,2025-02-11 22:29:17,Referral,Brand Awareness,No,2025-02-11
85459,2025-02-11 04:10:39,Search Ads,Discount Offer,No,2025-02-11
27023,2025-02-11 12:30:05,Email,New Product Launch,No,2025-02-11
48089,2025-02-10 05:39:53,Referral,Brand Awareness,Yes,2025-02-10
20985,2025-02-11 12:45:09,Direct Traffic,-,No,2025-02-11
31340,2025-02-10 00:25:49,Direct Traffic,-,Yes,2025-02-10
78712,2025-02-10 20:04:01,Display Ads,Brand Awareness,Yes,2025-02-10
29261,2025-02-10 16:57:37,Email,Brand Awareness,No,2025-02-10
65966,2025-02-11 08:24:00,Display Ads,Brand Awareness,Yes,2025-02-11
82050,2025-02-10 03:15:39,Referral,Retargeting,No,2025-02-10
57166,2025-02-11 03:23:09,Search Ads,Retargeting,No,2025-02-11
92914,2025-02-10 01:49:27,Email,Retargeting,No,2025-02-10
90897,2025-02-10 12:42:44,Direct Traffic,-,Yes,2025-02-10
79692,2025-02-11 22:34:22,Search Ads,Retargeting,No,2025-02-11
11058,2025-02-11 16:27:33,Email,Winter Sale,No,2025-02-11
56968,2025-02-10 06:26:35,Social Media,Brand Awareness,No,2025-02-10
80804,2025-02-10 18:53:56,Display Ads,Brand Awareness,No,2025-02-10
83578,2025-02-10 17:59:17,Email,-,Yes,2025-02-10
39460,2025-02-11 10:21:04,Search Ads,Discount Offer,No,2025-02-11
80967,2025-02-11 00:07:53,Email,-,Yes,2025-02-11
63709,2025-02-10 23:52:34,Email,-,Yes,2025-02-10
32424,2025-02-10 05:54:00,Referral,Brand Awareness,Yes,2025-02-10
49673,2025-02-11 08:06:28,Social Media,Winter Sale,Yes,2025-02-11
17863,2025-02-11 10:49:59,Email,Winter Sale,Yes,2025-02-11
23209,2025-02-11 07:03:34,Search Ads,Discount Offer,Yes,2025-02-11
65175,2025-02-10 07:02:25,Display Ads,Retargeting,Yes,2025-02-10
26827,2025-02-11 10:47:32,Display Ads,New Product Launch,No,2025-02-11
73721,2025-02-10 14:24:47,Email,Brand Awareness,No,2025-02-10
78831,2025-02-11 01:41:22,Referral,New Product Launch,Yes,2025-02-11
30910,2025-02-10 03:37:23,Referral,Discount Offer,Yes,2025-02-10
23206,2025-02-11 07:13:32,Email,-,No,2025-02-11
78420,2025-02-11 14:57:28,Search Ads,New Product Launch,No,2025-02-11
30989,2025-02-11 20:37:37,Display Ads,Winter Sale,No,2025-02-11
76040,2025-02-11 18:16:54,Display Ads,Brand Awareness,No,2025-02-11
95303,2025-02-10 07:15:37,Referral,Winter Sale,Yes,2025-02-10
47509,2025-02-10 11:29:19,Search Ads,Winter Sale,Yes,2025-02-10
41612,2025-02-11 09:01:40,Display Ads,Brand Awareness,No,2025-02-11
61146,2025-02-11 08:38:34,Email,Winter Sale,No,2025-02-11
84189,2025-02-11 19:44:48,Direct Traffic,-,Yes,2025-02-11
47511,2025-02-11 16:59:13,Referral,Discount Offer,Yes,2025-02-11
27726,2025-02-11 05:09:27,Referral,New Product Launch,No,2025-02-11
69460,2025-02-10 09:06:26,Email,Retargeting,No,2025-02-10
38226,2025-02-10 16:41:03,Search Ads,Brand Awareness,Yes,2025-02-10
58797,2025-02-11 21:21:07,Email,Brand Awareness,Yes,2025-02-11
44474,2025-02-11 17:01:22,Referral,Discount Offer,Yes,2025-02-11
80769,2025-02-10 12:36:09,Display Ads,Discount Offer,No,2025-02-10
84512,2025-02-10 08:42:03,Email,New Product Launch,No,2025-02-10
68180,2025-02-11 02:31:21,Email,-,No,2025-02-11
97825,2025-02-11 09:27:22,Direct Traffic,-,No,2025-02-11
89732,2025-02-10 18:45:40,Direct Traffic,-,No,2025-02-10
53220,2025-02-11 01:18:30,Display Ads,Retargeting,Yes,2025-02-11
52260,2025-02-10 02:44:32,Direct Traffic,-,No,2025-02-10
68071,2025-02-11 09:15:18,Referral,New Product Launch,No,2025-02-11
12509,2025-02-11 16:37:55,Referral,Winter Sale,No,2025-02-11
43014,2025-02-11 06:36:18,Direct Traffic,-,Yes,2025-02-11
59390,2025-02-11 03:29:58,Social Media,Retargeting,Yes,2025-02-11
70502,2025-02-10 04:55:36,Search Ads,New Product Launch,No,2025-02-10
10415,2025-02-10 02:46:42,Social Media,-,Yes,2025-02-10
76055,2025-02-10 00:10:58,Referral,Discount Offer,No,2025-02-10
10466,2025-02-11 23:16:09,Direct Traffic,-,Yes,2025-02-11
28985,2025-02-10 12:09:17,Direct Traffic,-,No,2025-02-10
13191,2025-02-11 02:31:00,Referral,-,No,2025-02-11
47202,2025-02-11 20:48:47,Direct Traffic,-,Yes,2025-02-11
53582,2025-02-11 22:16:31,Display Ads,Discount Offer,Yes,2025-02-11
67455,2025-02-10 00:44:30,Search Ads,Discount Offer,Yes,2025-02-10
10654,2025-02-10 00:46:47,Referral,Winter Sale,No,2025-02-10
29877,2025-02-10 13:43:54,Display Ads,-,No,2025-02-10
47339,2025-02-11 11:14:26,Direct Traffic,-,Yes,2025-02-11
81300,2025-02-10 12:57:00,Email,Retargeting,No,2025-02-10
31278,2025-02-10 23:00:52,Display Ads,Retargeting,Yes,2025-02-10
64163,2025-02-10 07:01:33,Direct Traffic,-,Yes,2025-02-10
68367,2025-02-11 19:35:31,Social Media,New Product Launch,Yes,2025-02-11
88880,2025-02-10 13:51:04,Email,Brand Awareness,Yes,2025-02-10
86327,2025-02-10 13:54:18,Email,Brand Awareness,Yes,2025-02-10
64228,2025-02-11 22:24:14,Email,New Product Launch,Yes,2025-02-11
48115,2025-02-10 06:59:19,Direct Traffic,-,Yes,2025-02-10
27371,2025-02-11 14:08:54,Direct Traffic,-,No,2025-02-11
25134,2025-02-11 17:48:11,Social Media,Brand Awareness,No,2025-02-11
85197,2025-02-11 13:43:59,Direct Traffic,-,No,2025-02-11
15176,2025-02-11 09:39:38,Display Ads,Brand Awareness,Yes,2025-02-11
52282,2025-02-10 14:12:31,Email,Winter Sale,Yes,2025-02-10
33578,2025-02-11 04:50:08,Search Ads,-,Yes,2025-02-11
64075,2025-02-10 08:46:43,Social Media,Discount Offer,Yes,2025-02-10
80739,2025-02-10 05:09:07,Referral,Discount Offer,Yes,2025-02-10
78282,2025-02-11 11:31:14,Social Media,Brand Awareness,No,2025-02-11
25790,2025-02-10 07:55:59,Email,Retargeting,Yes,2025-02-10
90632,2025-02-10 05:35:09,Display Ads,-,Yes,2025-02-10
20524,2025-02-11 12:47:21,Display Ads,-,Yes,2025-02-11
90700,2025-02-11 06:55:03,Email,Retargeting,Yes,2025-02-11
10566,2025-02-10 09:32:33,Direct Traffic,-,Yes,2025-02-10
26927,2025-02-11 17:25:22,Referral,Winter Sale,Yes,2025-02-11
36681,2025-02-10 03:19:57,Display Ads,Discount Offer,Yes,2025-02-10
13116,2025-02-11 09:05:26,Display Ads,Discount Offer,No,2025-02-11
73762,2025-02-11 23:17:42,Direct Traffic,-,Yes,2025-02-11
78076,2025-02-10 20:32:49,Email,-,Yes,2025-02-10
69478,2025-02-10 19:31:14,Email,Brand Awareness,No,2025-02-10
60493,2025-02-10 19:39:33,Email,New Product Launch,Yes,2025-02-10
64263,2025-02-11 17:02:30,Display Ads,-,Yes,2025-02-11
21445,2025-02-11 09:49:53,Social Media,-,Yes,2025-02-11
86578,2025-02-10 23:14:48,Social Media,Brand Awareness,No,2025-02-10
11914,2025-02-11 08:53:43,Email,Winter Sale,No,2025-02-11
16785,2025-02-11 05:51:50,Display Ads,-,No,2025-02-11
95772,2025-02-10 19:46:51,Social Media,Retargeting,No,2025-02-10
29238,2025-02-10 21:51:20,Direct Traffic,-,Yes,2025-02-10
59787,2025-02-11 20:08:10,Email,Retargeting,No,2025-02-11
37365,2025-02-10 02:34:30,Social Media,Retargeting,No,2025-02-10
94932,2025-02-10 06:26:10,Email,Winter Sale,No,2025-02-10
52864,2025-02-11 15:59:39,Referral,New Product Launch,No,2025-02-11
61032,2025-02-10 18:50:57,Social Media,-,No,2025-02-10
24012,2025-02-10 23:13:16,Referral,Discount Offer,No,2025-02-10
84041,2025-02-10 05:19:42,Search Ads,-,No,2025-02-10
49673,2025-02-10 08:49:53,Referral,Discount Offer,No,2025-02-10
62188,2025-02-10 16:24:13,Search Ads,-,No,2025-02-10
19262,2025-02-10 04:16:49,Social Media,Discount Offer,Yes,2025-02-10
64157,2025-02-10 20:54:30,Social Media,New Product Launch,No,2025-02-10
14398,2025-02-11 14:02:01,Referral,New Product Launch,Yes,2025-02-11
91360,2025-02-10 21:05:05,Search Ads,Brand Awareness,No,2025-02-10
62446,2025-02-10 20:23:46,Referral,New Product Launch,No,2025-02-10
73487,2025-02-11 05:44:23,Search Ads,Retargeting,Yes,2025-02-11
17074,2025-02-11 17:15:03,Display Ads,Winter Sale,No,2025-02-11
80070,2025-02-10 03:42:28,Display Ads,New Product Launch,No,2025-02-10
48850,2025-02-10 14:56:31,Direct Traffic,-,No,2025-02-10
24876,2025-02-10 16:23:00,Search Ads,-,No,2025-02-10
45927,2025-02-11 16:06:27,Search Ads,Discount Offer,No,2025-02-11
83481,2025-02-10 02:43:05,Search Ads,Retargeting,Yes,2025-02-10
56041,2025-02-10 22:46:17,Display Ads,-,No,2025-02-10
83093,2025-02-10 21:52:03,Social Media,Winter Sale,No,2025-02-10
96294,2025-02-11 06:17:30,Search Ads,New Product Launch,No,2025-02-11
93474,2025-02-11 19:00:21,Search Ads,New Product Launch,Yes,2025-02-11
77098,2025-02-11 00:04:38,Social Media,New Product Launch,No,2025-02-11
66042,2025-02-10 23:13:30,Direct Traffic,-,No,2025-02-10
56041,2025-02-11 13:31:17,Email,Winter Sale,Yes,2025-02-11
80683,2025-02-10 00:19:03,Direct Traffic,-,Yes,2025-02-10
74104,2025-02-10 03:11:39,Social Media,New Product Launch,No,2025-02-10
82044,2025-02-10 10:31:13,Referral,Brand Awareness,No,2025-02-10
23621,2025-02-10 01:24:55,Referral,-,No,2025-02-10
80631,2025-02-10 18:29:19,Search Ads,Brand Awareness,No,2025-02-10
33960,2025-02-11 01:33:38,Direct Traffic,-,Yes,2025-02-11
88808,2025-02-11 20:10:27,Search Ads,Retargeting,Yes,2025-02-11
73029,2025-02-11 04:29:30,Direct Traffic,-,Yes,2025-02-11
88868,2025-02-11 14:16:35,Social Media,-,No,2025-02-11
70094,2025-02-10 20:34:55,Search Ads,Brand Awareness,No,2025-02-10
25441,2025-02-11 11:30:06,Direct Traffic,-,Yes,2025-02-11
10668,2025-02-11 14:54:39,Direct Traffic,-,No,2025-02-11
29461,2025-02-11 19:09:13,Referral,New Product Launch,No,2025-02-11
66863,2025-02-10 20:32:38,Email,-,No,2025-02-10
18301,2025-02-10 14:51:40,Display Ads,Discount Offer,Yes,2025-02-10
56666,2025-02-11 18:32:21,Direct Traffic,-,No,2025-02-11
77231,2025-02-10 17:08:37,Display Ads,Discount Offer,No,2025-02-10
12663,2025-02-11 17:36:06,Direct Traffic,-,Yes,2025-02-11
60684,2025-02-10 04:26:05,Email,Retargeting,Yes,2025-02-10
26918,2025-02-10 18:30:56,Referral,Winter Sale,No,2025-02-10
32914,2025-02-10 06:38:27,Email,Discount Offer,Yes,2025-02-10
10095,2025-02-11 08:09:00,Display Ads,-,No,2025-02-11
51223,2025-02-11 18:44:29,Search Ads,Retargeting,Yes,2025-02-11
48902,2025-02-10 21:43:51,Display Ads,Discount Offer,No,2025-02-10
83965,2025-02-11 17:40:28,Direct Traffic,-,No,2025-02-11
29114,2025-02-10 16:17:38,Social Media,New Product Launch,No,2025-02-10
49073,2025-02-11 07:15:38,Email,New Product Launch,No,2025-02-11
52609,2025-02-10 03:13:39,Direct Traffic,-,Yes,2025-02-10
28948,2025-02-11 03:08:05,Social Media,Discount Offer,No,2025-02-11
99526,2025-02-11 20:27:46,Search Ads,Brand Awareness,No,2025-02-11
80683,2025-02-11 06:21:36,Direct Traffic,-,Yes,2025-02-11
48574,2025-02-10 01:25:01,Display Ads,Winter Sale,Yes,2025-02-10
77289,2025-02-10 10:28:07,Social Media,Winter Sale,No,2025-02-10
82798,2025-02-10 08:12:30,Display Ads,New Product Launch,No,2025-02-10
53526,2025-02-11 13:52:17,Referral,Retargeting,No,2025-02-11
53636,2025-02-11 15:10:20,Search Ads,Retargeting,Yes,2025-02-11
73487,2025-02-10 02:58:06,Email,Discount Offer,Yes,2025-02-10
38457,2025-02-10 23:37:18,Search Ads,Retargeting,No,2025-02-10
93592,2025-02-10 23:34:44,Display Ads,Winter Sale,No,2025-02-10
17133,2025-02-11 03:13:11,Referral,Discount Offer,Yes,2025-02-11
76003,2025-02-10 02:42:38,Email,-,No,2025-02-10
31680,2025-02-11 18:05:02,Email,Winter Sale,No,2025-02-11
61504,2025-02-10 13:04:48,Display Ads,Discount Offer,No,2025-02-10
51669,2025-02-10 21:54:12,Search Ads,New Product Launch,Yes,2025-02-10
59461,2025-02-10 16:50:03,Referral,New Product Launch,Yes,2025-02-10
49647,2025-02-11 04:20:49,Search Ads,Discount Offer,No,2025-02-11
57108,2025-02-10 15:22:56,Email,-,Yes,2025-02-10
58795,2025-02-11 12:51:02,Email,Discount Offer,Yes,2025-02-11
37380,2025-02-11 06:01:51,Social Media,Brand Awareness,No,2025-02-11
39795,2025-02-10 08:09:43,Referral,Discount Offer,Yes,2025-02-10
87204,2025-02-10 09:42:33,Direct Traffic,-,No,2025-02-10
63416,2025-02-11 15:44:50,Referral,New Product Launch,Yes,2025-02-11
68384,2025-02-11 15:51:56,Email,-,No,2025-02-11
15190,2025-02-10 16:17:18,Referral,Winter Sale,Yes,2025-02-10
34573,2025-02-10 17:46:32,Search Ads,Discount Offer,Yes,2025-02-10
61983,2025-02-11 16:09:17,Referral,Retargeting,Yes,2025-02-11
11831,2025-02-11 23:47:41,Referral,Brand Awareness,Yes,2025-02-11
31723,2025-02-11 13:31:55,Search Ads,-,No,2025-02-11
60798,2025-02-10 17:50:24,Social Media,New Product Launch,No,2025-02-10
96454,2025-02-10 13:13:56,Display Ads,New Product Launch,Yes,2025-02-10
44295,2025-02-11 22:06:19,Search Ads,Winter Sale,Yes,2025-02-11
78752,2025-02-11 19:12:05,Search Ads,New Product Launch,No,2025-02-11
11511,2025-02-10 11:16:24,Referral,-,Yes,2025-02-10
25915,2025-02-10 07:23:55,Display Ads,Retargeting,No,2025-02-10
39321,2025-02-10 07:31:17,Direct Traffic,-,Yes,2025-02-10
14978,2025-02-10 12:26:27,Display Ads,Discount Offer,Yes,2025-02-10
53526,2025-02-11 22:50:18,Search Ads,Retargeting,Yes,2025-02-11
55035,2025-02-10 20:33:29,Email,Discount Offer,No,2025-02-10
41563,2025-02-10 20:44:13,Social Media,-,Yes,2025-02-10
38485,2025-02-11 17:18:42,Search Ads,Retargeting,Yes,2025-02-11
94431,2025-02-11 03:59:12,Social Media,Discount Offer,Yes,2025-02-11
15351,2025-02-11 16:52:47,Search Ads,Retargeting,No,2025-02-11
27344,2025-02-11 02:13:05,Display Ads,Retargeting,No,2025-02-11
39128,2025-02-11 02:49:01,Direct Traffic,-,Yes,2025-02-11
39158,2025-02-11 03:35:16,Social Media,Brand Awareness,No,2025-02-11
11503,2025-02-10 14:32:44,Search Ads,Winter Sale,No,2025-02-10
59072,2025-02-10 10:01:38,Direct Traffic,-,Yes,2025-02-10
64159,2025-02-11 21:34:24,Search Ads,-,No,2025-02-11
41490,2025-02-11 04:40:29,Direct Traffic,-,No,2025-02-11
60001,2025-02-10 21:06:28,Direct Traffic,-,No,2025-02-10
92337,2025-02-11 16:43:03,Social Media,Winter Sale,No,2025-02-11
94816,2025-02-10 00:53:57,Display Ads,New Product Launch,No,2025-02-10
42734,2025-02-11 13:02:25,Email,Discount Offer,Yes,2025-02-11
58496,2025-02-10 12:00:59,Referral,Brand Awareness,No,2025-02-10
86856,2025-02-10 23:24:33,Email,New Product Launch,Yes,2025-02-10
71469,2025-02-10 23:34:48,Email,-,Yes,2025-02-10
47509,2025-02-10 02:01:42,Email,Retargeting,No,2025-02-10
25147,2025-02-11 02:58:49,Referral,New Product Launch,Yes,2025-02-11
43411,2025-02-11 22:59:15,Email,New Product Launch,Yes,2025-02-11
77310,2025-02-11 16:02:00,Email,New Product Launch,No,2025-02-11
53163,2025-02-11 17:27:24,Email,Retargeting,No,2025-02-11
18383,2025-02-10 08:53:46,Display Ads,Brand Awareness,Yes,2025-02-10
58064,2025-02-11 13:22:52,Social Media,-,Yes,2025-02-11
17287,2025-02-11 11:36:14,Social Media,Winter Sale,No,2025-02-11
69301,2025-02-11 14:16:28,Email,-,No,2025-02-11
11798,2025-02-10 22:01:35,Search Ads,New Product Launch,Yes,2025-02-10
19792,2025-02-11 23:22:24,Referral,Brand Awareness,No,2025-02-11
91612,2025-02-10 08:09:38,Search Ads,New Product Launch,No,2025-02-10
77908,2025-02-11 15:51:22,Social Media,Discount Offer,Yes,2025-02-11
27942,2025-02-11 10:07:42,Search Ads,Winter Sale,Yes,2025-02-11
75328,2025-02-11 09:58:48,Referral,Winter Sale,Yes,2025-02-11
45652,2025-02-10 03:19:28,Social Media,Winter Sale,Yes,2025-02-10
94646,2025-02-11 16:46:02,Direct Traffic,-,No,2025-02-11
56666,2025-02-10 04:24:16,Direct Traffic,-,No,2025-02-10
19372,2025-02-10 05:20:48,Email,New Product Launch,Yes,2025-02-10
33979,2025-02-10 21:07:57,Email,Winter Sale,Yes,2025-02-10
59232,2025-02-10 20:30:58,Email,Winter Sale,No,2025-02-10
30299,2025-02-11 19:01:27,Search Ads,Winter Sale,Yes,2025-02-11
11177,2025-02-10 10:57:40,Search Ads,-,Yes,2025-02-10
93802,2025-02-10 20:05:49,Email,-,No,2025-02-10
79894,2025-02-10 23:47:58,Referral,Brand Awareness,Yes,2025-02-10
99490,2025-02-10 08:56:59,Search Ads,New Product Launch,No,2025-02-10
84567,2025-02-11 05:20:34,Display Ads,Winter Sale,Yes,2025-02-11
38046,2025-02-10 06:30:12,Search Ads,New Product Launch,No,2025-02-10
55224,2025-02-10 13:03:09,Display Ads,Retargeting,No,2025-02-10
35837,2025-02-10 19:12:32,Referral,New Product Launch,No,2025-02-10
36731,2025-02-10 23:24:18,Direct Traffic,-,Yes,2025-02-10
44994,2025-02-10 12:51:17,Social Media,Winter Sale,Yes,2025-02-10
73459,2025-02-11 19:08:49,Email,Winter Sale,No,2025-02-11
88061,2025-02-11 11:04:42,Social Media,-,Yes,2025-02-11
97508,2025-02-10 07:04:30,Display Ads,Retargeting,Yes,2025-02-10
37708,2025-02-11 14:55:06,Email,Discount Offer,Yes,2025-02-11
60974,2025-02-11 21:17:48,Email,Retargeting,No,2025-02-11
44991,2025-02-11 10:24:04,Social Media,-,No,2025-02-11
61426,2025-02-11 00:45:34,Direct Traffic,-,No,2025-02-11
89183,2025-02-10 04:19:26,Social Media,Winter Sale,Yes,2025-02-10
15418,2025-02-11 13:25:13,Direct Traffic,-,No,2025-02-11
13737,2025-02-11 18:40:45,Display Ads,Winter Sale,No,2025-02-11
22773,2025-02-10 10:23:54,Search Ads,Discount Offer,No,2025-02-10
53006,2025-02-11 11:17:12,Search Ads,Brand Awareness,No,2025-02-11
44982,2025-02-10 14:55:38,Email,Winter Sale,Yes,2025-02-10
20384,2025-02-10 21:20:23,Display Ads,Discount Offer,No,2025-02-10
39761,2025-02-11 10:45:52,Search Ads,Winter Sale,No,2025-02-11
22358,2025-02-11 19:59:14,Display Ads,New Product Launch,No,2025-02-11
60974,2025-02-10 10:12:44,Display Ads,Discount Offer,Yes,2025-02-10
31213,2025-02-11 00:42:48,Email,Winter Sale,Yes,2025-02-11
97706,2025-02-10 09:34:09,Social Media,Brand Awareness,No,2025-02-10
61504,2025-02-11 16:10:29,Direct Traffic,-,No,2025-02-11
63243,2025-02-10 19:36:11,Referral,Brand Awareness,Yes,2025-02-10
48949,2025-02-10 01:01:10,Search Ads,Brand Awareness,No,2025-02-10
37332,2025-02-10 22:06:07,Display Ads,Discount Offer,No,2025-02-10
87730,2025-02-10 22:31:21,Referral,Brand Awareness,No,2025-02-10
17168,2025-02-10 06:51:29,Display Ads,Brand Awareness,No,2025-02-10
67860,2025-02-10 05:10:20,Search Ads,Discount Offer,Yes,2025-02-10
72185,2025-02-10 12:34:54,Social Media,Winter Sale,No,2025-02-10
62079,2025-02-10 00:18:14,Social Media,Retargeting,No,2025-02-10
54215,2025-02-11 06:23:40,Social Media,New Product Launch,No,2025-02-11
80739,2025-02-10 04:43:52,Display Ads,New Product Launch,No,2025-02-10
46662,2025-02-10 03:15:13,Direct Traffic,-,No,2025-02-10
54874,2025-02-11 18:12:42,Display Ads,Retargeting,No,2025-02-11
82667,2025-02-10 07:37:24,Display Ads,-,No,2025-02-10
44869,2025-02-11 21:16:04,Search Ads,Retargeting,No,2025-02-11
64068,2025-02-10 12:39:46,Social Media,-,No,2025-02-10
63416,2025-02-11 07:03:51,Direct Traffic,-,Yes,2025-02-11
61770,2025-02-11 14:30:04,Display Ads,New Product Launch,Yes,2025-02-11
69579,2025-02-11 21:49:24,Direct Traffic,-,Yes,2025-02-11
82045,2025-02-10 11:48:49,Email,New Product Launch,No,2025-02-10
54334,2025-02-10 05:14:43,Social Media,Discount Offer,Yes,2025-02-10
50636,2025-02-11 12:07:12,Social Media,-,Yes,2025-02-11
61529,2025-02-10 23:56:34,Referral,Winter Sale,Yes,2025-02-10
77688,2025-02-11 21:51:29,Social Media,Retargeting,Yes,2025-02-11
86042,2025-02-11 20:11:11,Display Ads,New Product Launch,Yes,2025-02-11
61829,2025-02-10 04:42:01,Display Ads,Retargeting,No,2025-02-10
25874,2025-02-11 16:02:05,Search Ads,New Product Launch,Yes,2025-02-11
98295,2025-02-10 09:53:49,Email,New Product Launch,No,2025-02-10
26437,2025-02-10 14:19:49,Search Ads,Retargeting,No,2025-02-10
37002,2025-02-10 17:33:14,Display Ads,New Product Launch,Yes,2025-02-10
97726,2025-02-10 23:34:46,Email,Winter Sale,Yes,2025-02-10
60996,2025-02-10 20:10:47,Display Ads,Brand Awareness,No,2025-02-10
84690,2025-02-11 15:52:23,Referral,Retargeting,Yes,2025-02-11
19454,2025-02-11 09:50:40,Social Media,Winter Sale,Yes,2025-02-11
62422,2025-02-11 19:20:26,Display Ads,Brand Awareness,No,2025-02-11
87245,2025-02-10 14:43:10,Referral,Brand Awareness,Yes,2025-02-10
22861,2025-02-10 14:28:52,Email,Discount Offer,No,2025-02-10
95298,2025-02-10 11:38:36,Social Media,Winter Sale,No,2025-02-10
47391,2025-02-11 15:49:32,Direct Traffic,-,No,2025-02-11
79162,2025-02-11 17:01:22,Email,Retargeting,Yes,2025-02-11
13116,2025-02-10 01:45:02,Direct Traffic,-,Yes,2025-02-10
74629,2025-02-11 10:39:31,Email,New Product Launch,No,2025-02-11
76806,2025-02-10 11:42:53,Referral,Retargeting,Yes,2025-02-10
36676,2025-02-11 19:10:49,Direct Traffic,-,Yes,2025-02-11
40937,2025-02-11 15:23:41,Social Media,Brand Awareness,Yes,2025-02-11
39696,2025-02-10 03:29:24,Email,Discount Offer,Yes,2025-02-10
11284,2025-02-10 04:46:50,Social Media,New Product Launch,No,2025-02-10
10317,2025-02-11 01:39:29,Social Media,Discount Offer,No,2025-02-11
87760,2025-02-11 15:40:08,Direct Traffic,-,Yes,2025-02-11
23209,2025-02-11 00:10:36,Direct Traffic,-,No,2025-02-11
71478,2025-02-11 05:55:13,Social Media,New Product Launch,No,2025-02-11
86558,2025-02-10 09:59:29,Email,Brand Awareness,No,2025-02-10
65726,2025-02-11 12:05:47,Display Ads,New Product Launch,No,2025-02-11
36681,2025-02-11 03:10:19,Display Ads,New Product Launch,No,2025-02-11
77184,2025-02-11 20:27:21,Social Media,Retargeting,No,2025-02-11
11453,2025-02-10 13:36:37,Referral,Winter Sale,No,2025-02-10
17726,2025-02-10 15:46:35,Social Media,Retargeting,Yes,2025-02-10
85549,2025-02-11 20:16:46,Email,Retargeting,Yes,2025-02-11
41146,2025-02-10 21:01:21,Direct Traffic,-,Yes,2025-02-10
35436,2025-02-10 13:49:58,Direct Traffic,-,Yes,2025-02-10
72179,2025-02-10 02:18:20,Direct Traffic,-,Yes,2025-02-10
95840,2025-02-10 02:14:52,Social Media,Winter Sale,No,2025-02-10
23449,2025-02-10 13:52:09,Referral,-,No,2025-02-10
57455,2025-02-10 09:12:50,Referral,-,Yes,2025-02-10
55035,2025-02-11 10:55:00,Direct Traffic,-,No,2025-02-11
58748,2025-02-11 15:09:10,Email,Brand Awareness,Yes,2025-02-11
17656,2025-02-10 17:35:46,Referral,Discount Offer,No,2025-02-10
75208,2025-02-10 13:07:39,Social Media,Retargeting,No,2025-02-10
90506,2025-02-10 16:03:25,Referral,Winter Sale,Yes,2025-02-10
75027,2025-02-10 07:24:55,Referral,New Product Launch,No,2025-02-10
85587,2025-02-11 23:13:35,Email,-,No,2025-02-11
35756,2025-02-11 17:36:09,Search Ads,Brand Awareness,Yes,2025-02-11
96900,2025-02-10 10:51:32,Social Media,Brand Awareness,Yes,2025-02-10
12877,2025-02-10 11:57:46,Direct Traffic,-,Yes,2025-02-10
19800,2025-02-11 09:46:56,Search Ads,-,Yes,2025-02-11
99937,2025-02-11 08:11:18,Direct Traffic,-,No,2025-02-11
11295,2025-02-10 23:25:57,Referral,Brand Awareness,Yes,2025-02-10
61528,2025-02-10 01:11:09,Email,Brand Awareness,Yes,2025-02-10
80259,2025-02-11 04:34:48,Direct Traffic,-,No,2025-02-11
31763,2025-02-11 09:56:17,Social Media,-,No,2025-02-11
54821,2025-02-11 08:48:13,Email,-,Yes,2025-02-11
61537,2025-02-11 01:18:29,Display Ads,Winter Sale,Yes,2025-02-11
92988,2025-02-11 17:17:25,Direct Traffic,-,No,2025-02-11
66408,2025-02-10 18:11:15,Direct Traffic,-,Yes,2025-02-10
50264,2025-02-11 20:04:59,Search Ads,Winter Sale,Yes,2025-02-11
43759,2025-02-10 22:10:56,Social Media,Retargeting,No,2025-02-10
30460,2025-02-10 20:24:29,Display Ads,Winter Sale,Yes,2025-02-10
80731,2025-02-11 14:58:35,Direct Traffic,-,No,2025-02-11
65473,2025-02-10 11:44:44,Referral,Winter Sale,No,2025-02-10
21787,2025-02-10 17:43:37,Social Media,Winter Sale,Yes,2025-02-10
27925,2025-02-10 12:24:55,Referral,New Product Launch,Yes,2025-02-10
21531,2025-02-11 07:29:34,Social Media,Brand Awareness,No,2025-02-11
61032,2025-02-11 14:14:06,Direct Traffic,-,Yes,2025-02-11
57141,2025-02-11 00:25:51,Referral,Brand Awareness,Yes,2025-02-11
11186,2025-02-10 02:52:01,Social Media,Winter Sale,Yes,2025-02-10
73368,2025-02-10 07:11:41,Social Media,Brand Awareness,No,2025-02-10
74192,2025-02-11 00:43:52,Display Ads,Discount Offer,Yes,2025-02-11
30582,2025-02-10 19:46:26,Social Media,Winter Sale,No,2025-02-10
53599,2025-02-10 00:26:38,Referral,Discount Offer,No,2025-02-10
86021,2025-02-10 01:50:12,Referral,New Product Launch,Yes,2025-02-10
25134,2025-02-10 15:21:47,Display Ads,Retargeting,Yes,2025-02-10
79907,2025-02-10 17:14:54,Social Media,Discount Offer,No,2025-02-10
48099,2025-02-10 02:50:37,Direct Traffic,-,No,2025-02-10
30651,2025-02-10 16:51:50,Email,New Product Launch,Yes,2025-02-10
21504,2025-02-10 09:13:44,Social Media,Discount Offer,Yes,2025-02-10
21255,2025-02-10 13:54:28,Social Media,New Product Launch,No,2025-02-10
42014,2025-02-10 04:37:21,Email,Brand Awareness,No,2025-02-10
62188,2025-02-11 00:11:53,Referral,-,No,2025-02-11
62579,2025-02-10 11:16:41,Search Ads,New Product Launch,No,2025-02-10
30468,2025-02-11 07:43:14,Search Ads,Brand Awareness,No,2025-02-11
71410,2025-02-11 13:20:37,Email,New Product Launch,Yes,2025-02-11
26511,2025-02-11 01:35:38,Search Ads,Brand Awareness,Yes,2025-02-11
19364,2025-02-11 06:52:08,Referral,Brand Awareness,Yes,2025-02-11
41638,2025-02-11 06:01:30,Social Media,-,No,2025-02-11
48298,2025-02-10 16:07:01,Direct Traffic,-,No,2025-02-10
48080,2025-02-10 02:32:41,Email,Retargeting,No,2025-02-10
52731,2025-02-11 19:52:21,Referral,Winter Sale,Yes,2025-02-11
92167,2025-02-11 02:05:26,Social Media,-,Yes,2025-02-11
48404,2025-02-10 07:23:54,Display Ads,Retargeting,Yes,2025-02-10
92370,2025-02-11 12:09:23,Direct Traffic,-,Yes,2025-02-11
96015,2025-02-10 22:08:20,Email,Winter Sale,No,2025-02-10
56169,2025-02-11 10:34:29,Email,Retargeting,Yes,2025-02-11
62979,2025-02-11 03:29:39,Display Ads,-,Yes,2025-02-11
63471,2025-02-11 09:03:04,Email,-,No,2025-02-11
47740,2025-02-10 10:34:14,Social Media,New Product Launch,Yes,2025-02-10
92698,2025-02-11 07:07:03,Referral,New Product Launch,No,2025-02-11
87642,2025-02-10 23:03:01,Display Ads,New Product Launch,No,2025-02-10
83153,2025-02-11 07:50:13,Email,-,No,2025-02-11
20895,2025-02-11 16:57:09,Email,Winter Sale,Yes,2025-02-11
79207,2025-02-10 17:33:41,Referral,New Product Launch,No,2025-02-10
51020,2025-02-10 09:30:12,Social Media,-,No,2025-02-10
87939,2025-02-11 14:13:05,Social Media,Retargeting,No,2025-02-11
49220,2025-02-11 20:30:04,Referral,-,No,2025-02-11
79571,2025-02-10 11:00:54,Social Media,Winter Sale,Yes,2025-02-10
13191,2025-02-11 01:53:48,Social Media,Winter Sale,No,2025-02-11
81563,2025-02-11 16:49:04,Referral,Discount Offer,No,2025-02-11
82050,2025-02-10 12:30:42,Display Ads,Discount Offer,No,2025-02-10
65514,2025-02-11 21:35:04,Email,Brand Awareness,Yes,2025-02-11
91950,2025-02-10 01:42:34,Search Ads,Retargeting,Yes,2025-02-10
87345,2025-02-11 00:33:20,Social Media,Brand Awareness,No,2025-02-11
38457,2025-02-10 22:13:35,Social Media,New Product Launch,No,2025-02-10
57385,2025-02-11 03:04:02,Search Ads,Brand Awareness,No,2025-02-11
75960,2025-02-11 06:04:14,Social Media,Winter Sale,No,2025-02-11
97127,2025-02-11 06:09:00,Social Media,Retargeting,Yes,2025-02-11
29272,2025-02-11 23:28:38,Direct Traffic,-,No,2025-02-11
14987,2025-02-10 23:21:49,Display Ads,New Product Launch,Yes,2025-02-10
70094,2025-02-10 08:52:58,Display Ads,Retargeting,Yes,2025-02-10
20524,2025-02-10 20:51:05,Email,Brand Awareness,Yes,2025-02-10
38175,2025-02-11 00:43:31,Referral,Retargeting,Yes,2025-02-11
36457,2025-02-11 20:41:43,Referral,Brand Awareness,Yes,2025-02-11
63712,2025-02-11 08:12:07,Referral,-,No,2025-02-11
24114,2025-02-10 20:55:17,Direct Traffic,-,No,2025-02-10
44877,2025-02-10 13:49:56,Search Ads,Brand Awareness,Yes,2025-02-10
25246,2025-02-10 13:47:33,Social Media,Winter Sale,Yes,2025-02-10
96872,2025-02-10 07:15:12,Social Media,New Product Launch,Yes,2025-02-10
26918,2025-02-10 19:04:21,Direct Traffic,-,Yes,2025-02-10
31901,2025-02-11 12:42:41,Direct Traffic,-,No,2025-02-11
80904,2025-02-11 05:29:42,Search Ads,New Product Launch,No,2025-02-11
17656,2025-02-10 20:21:42,Social Media,Retargeting,Yes,2025-02-10
27167,2025-02-10 09:40:27,Search Ads,Retargeting,No,2025-02-10
76240,2025-02-11 10:17:14,Direct Traffic,-,No,2025-02-11
90039,2025-02-10 03:18:13,Display Ads,Discount Offer,No,2025-02-10
25901,2025-02-11 16:44:18,Display Ads,Retargeting,Yes,2025-02-11
63337,2025-02-11 20:50:10,Email,Brand Awareness,No,2025-02-11
76821,2025-02-10 14:09:05,Direct Traffic,-,Yes,2025-02-10
69761,2025-02-10 07:40:24,Search Ads,New Product Launch,No,2025-02-10
38379,2025-02-11 04:56:29,Search Ads,Brand Awareness,Yes,2025-02-11
10556,2025-02-10 03:02:41,Referral,-,No,2025-02-10
40517,2025-02-11 21:02:15,Search Ads,-,Yes,2025-02-11
55333,2025-02-10 02:15:32,Display Ads,Brand Awareness,Yes,2025-02-10
17329,2025-02-11 16:42:20,Display Ads,Discount Offer,Yes,2025-02-11
21824,2025-02-11 00:21:21,Search Ads,Retargeting,No,2025-02-11
39956,2025-02-10 22:18:14,Social Media,Retargeting,No,2025-02-10
94623,2025-02-10 14:05:25,Referral,Brand Awareness,Yes,2025-02-10
44535,2025-02-10 21:19:34,Social Media,Brand Awareness,No,2025-02-10
38252,2025-02-11 13:11:16,Referral,Discount Offer,No,2025-02-11
78752,2025-02-10 09:40:05,Referral,Discount Offer,No,2025-02-10
76303,2025-02-11 14:59:31,Direct Traffic,-,No,2025-02-11
63775,2025-02-11 13:25:04,Search Ads,-,Yes,2025-02-11
76040,2025-02-10 12:09:05,Email,Brand Awareness,Yes,2025-02-10
89128,2025-02-10 23:21:47,Email,Winter Sale,No,2025-02-10
13426,2025-02-11 18:21:29,Direct Traffic,-,No,2025-02-11
50250,2025-02-11 16:05:10,Social Media,Winter Sale,No,2025-02-11
37621,2025-02-11 08:21:26,Email,Retargeting,Yes,2025-02-11
29461,2025-02-10 00:24:06,Display Ads,Winter Sale,No,2025-02-10
48700,2025-02-11 20:31:34,Social Media,Winter Sale,No,2025-02-11
27513,2025-02-10 02:52:19,Direct Traffic,-,Yes,2025-02-10
47094,2025-02-10 15:36:01,Email,Winter Sale,Yes,2025-02-10
93395,2025-02-11 15:07:45,Referral,Retargeting,Yes,2025-02-11
21504,2025-02-11 23:07:51,Social Media,New Product Launch,Yes,2025-02-11
32900,2025-02-11 03:14:32,Email,Brand Awareness,No,2025-02-11
91950,2025-02-10 19:44:30,Email,Retargeting,Yes,2025-02-10
93014,2025-02-10 13:50:31,Referral,Brand Awareness,Yes,2025-02-10
25172,2025-02-11 16:38:37,Display Ads,Discount Offer,Yes,2025-02-11
94070,2025-02-11 22:00:42,Referral,Brand Awareness,No,2025-02-11
51068,2025-02-10 17:41:00,Social Media,-,No,2025-02-10
92346,2025-02-11 09:50:06,Email,Brand Awareness,No,2025-02-11
33392,2025-02-10 23:56:43,Search Ads,New Product Launch,No,2025-02-10
31273,2025-02-10 21:18:33,Referral,Brand Awareness,No,2025-02-10
20632,2025-02-11 02:40:12,Social Media,Brand Awareness,Yes,2025-02-11
22861,2025-02-10 12:58:38,Display Ads,New Product Launch,Yes,2025-02-10
82862,2025-02-10 09:23:11,Display Ads,Discount Offer,No,2025-02-10
68681,2025-02-11 18:53:28,Social Media,Winter Sale,Yes,2025-02-11
54727,2025-02-10 04:21:30,Email,Retargeting,No,2025-02-10
46954,2025-02-11 12:13:00,Referral,Winter Sale,No,2025-02-11
82929,2025-02-11 21:43:29,Referral,-,Yes,2025-02-11
34935,2025-02-11 20:00:37,Social Media,Brand Awareness,Yes,2025-02-11
79192,2025-02-10 18:45:02,Referral,Winter Sale,No,2025-02-10
24594,2025-02-10 22:15:06,Display Ads,Retargeting,No,2025-02-10
30845,2025-02-10 11:06:53,Display Ads,New Product Launch,No,2025-02-10
67155,2025-02-10 07:07:37,Referral,New Product Launch,No,2025-02-10
14212,2025-02-10 23:00:02,Referral,Discount Offer,No,2025-02-10
59959,2025-02-10 09:59:30,Search Ads,New Product Launch,No,2025-02-10
72009,2025-02-10 02:40:08,Social Media,New Product Launch,Yes,2025-02-10
90751,2025-02-11 00:35:33,Referral,Winter Sale,No,2025-02-11
30578,2025-02-10 13:10:33,Search Ads,Retargeting,Yes,2025-02-10
69602,2025-02-11 06:28:29,Email,Brand Awareness,No,2025-02-11
31200,2025-02-11 03:06:24,Referral,Retargeting,Yes,2025-02-11
88293,2025-02-10 06:17:42,Display Ads,Retargeting,Yes,2025-02-10
89793,2025-02-11 11:21:35,Social Media,New Product Launch,No,2025-02-11
71932,2025-02-10 13:18:42,Referral,New Product Launch,Yes,2025-02-10
98152,2025-02-10 21:06:43,Social Media,Winter Sale,No,2025-02-10
29368,2025-02-11 15:15:44,Social Media,Retargeting,No,2025-02-11
10685,2025-02-11 06:18:13,Email,Discount Offer,Yes,2025-02-11
10120,2025-02-11 04:33:28,Referral,New Product Launch,No,2025-02-11
22192,2025-02-10 10:18:35,Display Ads,Retargeting,Yes,2025-02-10
62061,2025-02-11 02:27:52,Search Ads,-,Yes,2025-02-11
70222,2025-02-11 08:22:03,Search Ads,Retargeting,Yes,2025-02-11
68900,2025-02-10 06:42:42,Email,Brand Awareness,Yes,2025-02-10
75637,2025-02-11 09:17:43,Display Ads,Discount Offer,Yes,2025-02-11
93964,2025-02-11 10:38:07,Referral,-,No,2025-02-11
75802,2025-02-11 07:01:28,Display Ads,-,Yes,2025-02-11
25294,2025-02-10 20:11:14,Display Ads,Winter Sale,No,2025-02-10
54719,2025-02-11 18:49:46,Search Ads,-,Yes,2025-02-11
28134,2025-02-11 04:56:41,Referral,-,Yes,2025-02-11
92201,2025-02-10 04:19:07,Referral,Discount Offer,Yes,2025-02-10
21712,2025-02-11 05:36:11,Social Media,New Product Launch,Yes,2025-02-11
82125,2025-02-11 14:35:14,Direct Traffic,-,No,2025-02-11
93964,2025-02-11 15:07:59,Display Ads,Brand Awareness,No,2025-02-11
78374,2025-02-11 08:28:52,Search Ads,New Product Launch,No,2025-02-11
88880,2025-02-11 16:49:02,Email,Retargeting,Yes,2025-02-11
53526,2025-02-10 15:33:42,Email,Discount Offer,Yes,2025-02-10
49394,2025-02-11 01:21:00,Direct Traffic,-,Yes,2025-02-11
12641,2025-02-11 14:33:00,Direct Traffic,-,No,2025-02-11
39628,2025-02-10 02:19:01,Display Ads,Retargeting,No,2025-02-10
98079,2025-02-10 16:47:38,Referral,-,No,2025-02-10
40130,2025-02-10 21:06:50,Social Media,Brand Awareness,No,2025-02-10
92201,2025-02-10 09:19:28,Email,-,No,2025-02-10
20513,2025-02-11 23:14:56,Search Ads,Brand Awareness,Yes,2025-02-11
13230,2025-02-11 14:44:50,Social Media,-,Yes,2025-02-11
64972,2025-02-10 18:55:27,Email,-,No,2025-02-10
23927,2025-02-10 21:07:07,Direct Traffic,-,Yes,2025-02-10
43930,2025-02-11 13:45:04,Email,Discount Offer,Yes,2025-02-11
53332,2025-02-10 18:50:36,Search Ads,-,No,2025-02-10
45053,2025-02-11 11:10:00,Email,Winter Sale,No,2025-02-11
77968,2025-02-11 04:19:27,Display Ads,New Product Launch,Yes,2025-02-11
88191,2025-02-11 09:47:03,Display Ads,New Product Launch,Yes,2025-02-11
51813,2025-02-10 14:33:12,Email,New Product Launch,No,2025-02-10
93270,2025-02-11 18:21:36,Email,New Product Launch,Yes,2025-02-11
65871,2025-02-11 22:24:34,Search Ads,Retargeting,No,2025-02-11
55702,2025-02-10 23:15:14,Direct Traffic,-,No,2025-02-10
54874,2025-02-10 03:59:10,Direct Traffic,-,Yes,2025-02-10
70659,2025-02-10 02:22:27,Display Ads,Brand Awareness,No,2025-02-10
72095,2025-02-10 23:56:38,Search Ads,Brand Awareness,No,2025-02-10
30521,2025-02-10 19:32:24,Referral,Brand Awareness,Yes,2025-02-10
29679,2025-02-10 02:56:10,Direct Traffic,-,Yes,2025-02-10
94816,2025-02-10 22:10:12,Display Ads,Winter Sale,No,2025-02-10
59425,2025-02-11 10:45:54,Email,New Product Launch,No,2025-02-11
42905,2025-02-10 18:57:36,Search Ads,Winter Sale,No,2025-02-10
27666,2025-02-10 20:09:35,Display Ads,Winter Sale,Yes,2025-02-10
98208,2025-02-10 04:52:21,Direct Traffic,-,No,2025-02-10
10654,2025-02-11 03:32:31,Display Ads,-,Yes,2025-02-11
61983,2025-02-11 13:51:56,Search Ads,Retargeting,No,2025-02-11
43931,2025-02-11 08:38:55,Social Media,Retargeting,Yes,2025-02-11
92914,2025-02-11 16:14:59,Search Ads,Brand Awareness,Yes,2025-02-11
98670,2025-02-11 09:50:35,Search Ads,-,Yes,2025-02-11
36126,2025-02-11 22:32:28,Display Ads,Retargeting,No,2025-02-11
63751,2025-02-10 06:40:59,Search Ads,Discount Offer,Yes,2025-02-10
35942,2025-02-10 14:54:51,Social Media,Brand Awareness,No,2025-02-10
86406,2025-02-10 12:00:08,Direct Traffic,-,Yes,2025-02-10
83785,2025-02-11 14:55:32,Display Ads,-,No,2025-02-11
19816,2025-02-11 13:49:42,Social Media,Winter Sale,No,2025-02-11
82929,2025-02-11 00:48:43,Referral,Brand Awareness,Yes,2025-02-11
38252,2025-02-10 08:37:26,Email,-,No,2025-02-10
23958,2025-02-10 07:46:19,Referral,Discount Offer,No,2025-02-10
83149,2025-02-11 13:15:36,Referral,New Product Launch,Yes,2025-02-11
79019,2025-02-10 07:10:03,Direct Traffic,-,Yes,2025-02-10
83610,2025-02-10 12:42:20,Direct Traffic,-,Yes,2025-02-10
24741,2025-02-10 15:29:27,Referral,Winter Sale,Yes,2025-02-10
84828,2025-02-11 15:56:04,Referral,Winter Sale,No,2025-02-11
63084,2025-02-11 20:42:06,Search Ads,New Product Launch,Yes,2025-02-11
49053,2025-02-11 09:43:17,Email,Retargeting,Yes,2025-02-11
69904,2025-02-11 07:40:27,Search Ads,Winter Sale,Yes,2025-02-11
47957,2025-02-11 12:08:21,Direct Traffic,-,No,2025-02-11
13004,2025-02-10 23:25:28,Social Media,New Product Launch,Yes,2025-02-10
19385,2025-02-10 20:43:58,Direct Traffic,-,Yes,2025-02-10
21995,2025-02-10 14:22:56,Email,Winter Sale,Yes,2025-02-10
69421,2025-02-10 01:37:05,Direct Traffic,-,No,2025-02-10
65966,2025-02-10 22:21:36,Social Media,New Product Launch,Yes,2025-02-10
28985,2025-02-11 06:30:44,Social Media,Brand Awareness,Yes,2025-02-11
83919,2025-02-10 00:50:56,Email,Discount Offer,Yes,2025-02-10
88818,2025-02-11 21:08:00,Referral,Winter Sale,No,2025-02-11
33991,2025-02-11 07:28:08,Display Ads,New Product Launch,Yes,2025-02-11
64713,2025-02-11 10:09:44,Social Media,New Product Launch,No,2025-02-11
94646,2025-02-11 21:26:36,Display Ads,Retargeting,No,2025-02-11
64153,2025-02-10 09:28:39,Direct Traffic,-,No,2025-02-10
69460,2025-02-11 13:47:31,Direct Traffic,-,Yes,2025-02-11
47775,2025-02-10 18:07:05,Social Media,Retargeting,No,2025-02-10
58128,2025-02-11 11:07:39,Search Ads,Retargeting,No,2025-02-11
40530,2025-02-10 00:01:04,Display Ads,New Product Launch,Yes,2025-02-10
58546,2025-02-10 22:52:07,Search Ads,Discount Offer,No,2025-02-10
95694,2025-02-10 10:58:05,Display Ads,Winter Sale,Yes,2025-02-10
88728,2025-02-10 01:45:19,Email,New Product Launch,No,2025-02-10
60190,2025-02-11 06:17:45,Direct Traffic,-,No,2025-02-11
25547,2025-02-11 09:15:40,Referral,New Product Launch,No,2025-02-11
80960,2025-02-10 17:29:57,Direct Traffic,-,Yes,2025-02-10
44987,2025-02-11 22:45:18,Search Ads,Brand Awareness,No,2025-02-11
81371,2025-02-11 05:13:34,Email,Brand Awareness,No,2025-02-11
56855,2025-02-10 09:52:44,Referral,Discount Offer,Yes,2025-02-10
61401,2025-02-10 13:13:04,Display Ads,New Product Launch,Yes,2025-02-10
89732,2025-02-10 05:16:21,Search Ads,Brand Awareness,Yes,2025-02-10
36175,2025-02-11 02:21:49,Referral,Discount Offer,No,2025-02-11
46918,2025-02-10 01:36:48,Direct Traffic,-,No,2025-02-10
11257,2025-02-10 20:20:56,Display Ads,Retargeting,Yes,2025-02-10
73835,2025-02-10 13:13:54,Social Media,Discount Offer,Yes,2025-02-10
34007,2025-02-10 21:29:13,Display Ads,-,No,2025-02-10
48089,2025-02-11 09:15:45,Display Ads,Retargeting,Yes,2025-02-11
74534,2025-02-10 23:53:19,Display Ads,Winter Sale,No,2025-02-10
25524,2025-02-10 12:24:28,Search Ads,-,No,2025-02-10
37554,2025-02-11 14:17:33,Direct Traffic,-,No,2025-02-11
72612,2025-02-10 18:22:16,Direct Traffic,-,No,2025-02-10
91641,2025-02-10 18:13:51,Direct Traffic,-,No,2025-02-10
65473,2025-02-10 16:05:51,Search Ads,New Product Launch,No,2025-02-10
10317,2025-02-10 09:29:31,Referral,Brand Awareness,Yes,2025-02-10
93014,2025-02-10 19:10:46,Social Media,New Product Launch,No,2025-02-10
85549,2025-02-11 21:28:36,Display Ads,Retargeting,Yes,2025-02-11
39321,2025-02-11 03:26:16,Direct Traffic,-,No,2025-02-11
49271,2025-02-10 07:07:57,Direct Traffic,-,No,2025-02-10
71570,2025-02-11 03:12:00,Social Media,New Product Launch,No,2025-02-11
98738,2025-02-10 18:44:31,Social Media,Discount Offer,No,2025-02-10
88880,2025-02-11 04:13:03,Email,Retargeting,Yes,2025-02-11
92621,2025-02-10 03:27:37,Referral,New Product Launch,No,2025-02-10
89639,2025-02-11 08:15:06,Direct Traffic,-,No,2025-02-11
53163,2025-02-10 03:35:02,Referral,New Product Launch,Yes,2025-02-10
64113,2025-02-10 20:49:40,Direct Traffic,-,Yes,2025-02-10
24956,2025-02-10 09:23:01,Search Ads,Retargeting,Yes,2025-02-10
15632,2025-02-11 17:46:34,Email,New Product Launch,No,2025-02-11
13967,2025-02-10 01:35:53,Social Media,Winter Sale,No,2025-02-10
33499,2025-02-11 00:21:19,Email,Winter Sale,No,2025-02-11
44982,2025-02-10 03:09:26,Direct Traffic,-,Yes,2025-02-10
68632,2025-02-11 20:00:16,Referral,Brand Awareness,No,2025-02-11
57564,2025-02-11 03:32:18,Social Media,Brand Awareness,No,2025-02-11
63274,2025-02-10 17:14:45,Display Ads,Retargeting,Yes,2025-02-10
38491,2025-02-10 06:44:48,Display Ads,Discount Offer,Yes,2025-02-10
55905,2025-02-11 18:10:20,Referral,Discount Offer,Yes,2025-02-11
63712,2025-02-10 15:22:54,Referral,Winter Sale,No,2025-02-10
60660,2025-02-11 18:22:38,Referral,Brand Awareness,No,2025-02-11
38252,2025-02-10 21:56:50,Search Ads,Brand Awareness,Yes,2025-02-10
62101,2025-02-10 18:11:04,Email,New Product Launch,No,2025-02-10
31070,2025-02-10 09:55:55,Direct Traffic,-,No,2025-02-10
76288,2025-02-10 17:27:09,Email,Retargeting,Yes,2025-02-10
83354,2025-02-10 03:13:37,Search Ads,New Product Launch,Yes,2025-02-10
36918,2025-02-10 03:14:27,Email,-,Yes,2025-02-10
56634,2025-02-10 07:38:24,Search Ads,New Product Launch,No,2025-02-10
57389,2025-02-10 20:21:39,Referral,Brand Awareness,Yes,2025-02-10
55702,2025-02-11 22:19:43,Direct Traffic,-,Yes,2025-02-11
57389,2025-02-11 22:49:09,Email,New Product Launch,Yes,2025-02-11
29328,2025-02-11 10:08:53,Direct Traffic,-,No,2025-02-11
68762,2025-02-11 12:17:14,Direct Traffic,-,Yes,2025-02-11
90751,2025-02-11 03:52:51,Email,Discount Offer,No,2025-02-11
90114,2025-02-11 01:55:18,Social Media,-,Yes,2025-02-11
59461,2025-02-11 06:12:38,Referral,Winter Sale,Yes,2025-02-11
60456,2025-02-10 06:38:53,Social Media,Discount Offer,Yes,2025-02-10
39131,2025-02-10 02:04:57,Display Ads,Retargeting,No,2025-02-10
19442,2025-02-11 21:48:54,Display Ads,Retargeting,No,2025-02-11
37902,2025-02-11 05:18:30,Search Ads,Retargeting,Yes,2025-02-11
87191,2025-02-11 18:47:17,Search Ads,Brand Awareness,Yes,2025-02-11
77483,2025-02-10 21:19:27,Email,Brand Awareness,No,2025-02-10
49366,2025-02-11 12:48:03,Search Ads,New Product Launch,No,2025-02-11
47957,2025-02-10 00:30:10,Search Ads,New Product Launch,No,2025-02-10
16621,2025-02-10 19:04:58,Display Ads,Retargeting,No,2025-02-10
44038,2025-02-10 11:34:17,Display Ads,-,No,2025-02-10
93227,2025-02-10 15:41:11,Direct Traffic,-,No,2025-02-10
74784,2025-02-11 07:01:26,Search Ads,Retargeting,No,2025-02-11
52260,2025-02-10 23:51:05,Search Ads,Discount Offer,Yes,2025-02-10
60102,2025-02-11 14:04:09,Email,New Product Launch,Yes,2025-02-11
27079,2025-02-10 10:37:00,Direct Traffic,-,Yes,2025-02-10
77374,2025-02-10 15:30:17,Social Media,Discount Offer,Yes,2025-02-10
97127,2025-02-10 22:04:26,Direct Traffic,-,Yes,2025-02-10
22773,2025-02-11 14:56:23,Email,Winter Sale,Yes,2025-02-11
33974,2025-02-11 06:09:48,Display Ads,Discount Offer,Yes,2025-02-11
32954,2025-02-11 13:58:14,Email,-,No,2025-02-11
54531,2025-02-10 07:08:53,Direct Traffic,-,No,2025-02-10
43036,2025-02-11 06:13:11,Email,Brand Awareness,Yes,2025-02-11
77597,2025-02-10 20:08:27,Social Media,Discount Offer,No,2025-02-10
62471,2025-02-11 13:34:12,Search Ads,Winter Sale,No,2025-02-11
10202,2025-02-10 03:02:26,Display Ads,New Product Launch,No,2025-02-10
72842,2025-02-11 18:03:46,Social Media,Winter Sale,No,2025-02-11
41573,2025-02-10 10:25:46,Display Ads,Brand Awareness,Yes,2025-02-10
86081,2025-02-11 05:45:37,Display Ads,Brand Awareness,No,2025-02-11
24256,2025-02-11 04:35:11,Search Ads,Discount Offer,No,2025-02-11
23747,2025-02-11 00:24:51,Social Media,Discount Offer,Yes,2025-02-11
57976,2025-02-11 18:55:37,Email,New Product Launch,Yes,2025-02-11
49647,2025-02-11 12:15:52,Social Media,-,No,2025-02-11
58795,2025-02-10 03:24:04,Referral,Retargeting,No,2025-02-10
83093,2025-02-11 01:23:15,Direct Traffic,-,Yes,2025-02-11
55533,2025-02-10 15:57:01,Referral,New Product Launch,No,2025-02-10
66008,2025-02-10 04:10:42,Referral,Brand Awareness,Yes,2025-02-10
86700,2025-02-10 22:51:00,Social Media,Winter Sale,Yes,2025-02-10
54418,2025-02-10 16:06:38,Social Media,-,Yes,2025-02-10
74413,2025-02-10 22:30:50,Referral,Winter Sale,No,2025-02-10
81952,2025-02-10 06:07:45,Search Ads,-,Yes,2025-02-10
73302,2025-02-11 05:00:04,Search Ads,Discount Offer,Yes,2025-02-11
89095,2025-02-10 03:45:25,Referral,Winter Sale,Yes,2025-02-10
62225,2025-02-11 10:15:47,Referral,Discount Offer,No,2025-02-11
27167,2025-02-11 12:15:55,Social Media,Discount Offer,Yes,2025-02-11
53293,2025-02-11 14:07:26,Display Ads,-,No,2025-02-11
73141,2025-02-10 14:12:09,Search Ads,Discount Offer,Yes,2025-02-10
79880,2025-02-11 11:27:06,Direct Traffic,-,No,2025-02-11
53024,2025-02-10 13:26:13,Email,-,No,2025-02-10
76029,2025-02-10 16:05:37,Email,Retargeting,Yes,2025-02-10
48740,2025-02-11 00:01:45,Search Ads,Brand Awareness,No,2025-02-11
71306,2025-02-11 20:49:23,Email,New Product Launch,No,2025-02-11
23331,2025-02-11 16:18:45,Direct Traffic,-,No,2025-02-11
35705,2025-02-11 00:01:09,Social Media,-,No,2025-02-11
11780,2025-02-11 22:22:33,Direct Traffic,-,No,2025-02-11
93871,2025-02-11 01:25:00,Email,Retargeting,No,2025-02-11
13465,2025-02-10 20:21:51,Display Ads,New Product Launch,Yes,2025-02-10
13186,2025-02-10 12:53:13,Display Ads,Winter Sale,No,2025-02-10
41874,2025-02-10 21:05:00,Direct Traffic,-,Yes,2025-02-10
35756,2025-02-11 07:55:06,Social Media,Discount Offer,No,2025-02-11
31133,2025-02-11 08:10:44,Display Ads,Winter Sale,Yes,2025-02-11
39588,2025-02-10 23:24:47,Email,Discount Offer,No,2025-02-10
21116,2025-02-10 01:22:22,Search Ads,Retargeting,No,2025-02-10
17133,2025-02-10 12:20:08,Social Media,Winter Sale,No,2025-02-10
97826,2025-02-11 04:01:39,Email,Retargeting,No,2025-02-11
78282,2025-02-10 10:08:29,Search Ads,Retargeting,No,2025-02-10
21401,2025-02-11 21:18:42,Direct Traffic,-,No,2025-02-11
73487,2025-02-10 20:35:47,Search Ads,-,Yes,2025-02-10
70604,2025-02-10 04:19:57,Email,Brand Awareness,Yes,2025-02-10
47339,2025-02-11 05:47:01,Display Ads,Retargeting,Yes,2025-02-11
92692,2025-02-10 14:20:02,Display Ads,Winter Sale,Yes,2025-02-10
54418,2025-02-11 09:47:54,Direct Traffic,-,No,2025-02-11
62615,2025-02-10 19:38:30,Email,-,Yes,2025-02-10
64142,2025-02-10 03:19:24,Social Media,Winter Sale,No,2025-02-10
72457,2025-02-11 01:44:03,Email,Brand Awareness,Yes,2025-02-11
72389,2025-02-11 22:11:35,Display Ads,-,Yes,2025-02-11
91051,2025-02-10 07:02:57,Search Ads,Brand Awareness,No,2025-02-10
74513,2025-02-10 08:03:41,Search Ads,Brand Awareness,No,2025-02-10
30845,2025-02-10 02:23:57,Referral,Brand Awareness,No,2025-02-10
45892,2025-02-11 11:05:10,Search Ads,Brand Awareness,No,2025-02-11
55550,2025-02-11 08:28:04,Email,Winter Sale,Yes,2025-02-11
19967,2025-02-10 03:19:52,Search Ads,Retargeting,Yes,2025-02-10
38504,2025-02-11 14:36:13,Display Ads,-,Yes,2025-02-11
52689,2025-02-11 23:20:07,Social Media,Discount Offer,Yes,2025-02-11
47151,2025-02-10 09:37:51,Search Ads,New Product Launch,Yes,2025-02-10
68180,2025-02-11 10:38:34,Direct Traffic,-,Yes,2025-02-11
18845,2025-02-11 21:29:59,Display Ads,New Product Launch,No,2025-02-11
90701,2025-02-10 03:20:18,Referral,New Product Launch,Yes,2025-02-10
46442,2025-02-11 00:48:32,Social Media,-,No,2025-02-11
19097,2025-02-11 02:50:58,Direct Traffic,-,Yes,2025-02-11
81103,2025-02-11 10:19:58,Social Media,Brand Awareness,Yes,2025-02-11
60780,2025-02-11 04:44:44,Social Media,Retargeting,Yes,2025-02-11
63496,2025-02-10 23:15:40,Social Media,Retargeting,No,2025-02-10
62079,2025-02-11 08:54:58,Display Ads,Retargeting,Yes,2025-02-11
39628,2025-02-11 03:53:00,Display Ads,Retargeting,No,2025-02-11
58128,2025-02-10 00:16:49,Direct Traffic,-,No,2025-02-10
13438,2025-02-10 20:37:14,Email,Retargeting,Yes,2025-02-10
22270,2025-02-10 12:45:56,Email,-,Yes,2025-02-10
82551,2025-02-11 11:16:11,Email,-,Yes,2025-02-11
55886,2025-02-10 04:36:31,Search Ads,Retargeting,No,2025-02-10
48574,2025-02-11 11:20:26,Social Media,Brand Awareness,No,2025-02-11
74272,2025-02-10 21:54:10,Email,-,Yes,2025-02-10
10271,2025-02-10 02:48:29,Social Media,Discount Offer,Yes,2025-02-10
28589,2025-02-10 13:46:30,Search Ads,New Product Launch,Yes,2025-02-10
80604,2025-02-10 02:20:30,Search Ads,Brand Awareness,Yes,2025-02-10
36005,2025-02-10 18:49:21,Referral,Discount Offer,No,2025-02-10
17396,2025-02-10 14:35:57,Search Ads,Brand Awareness,No,2025-02-10
85486,2025-02-10 15:25:43,Display Ads,-,Yes,2025-02-10
25615,2025-02-10 17:12:55,Social Media,Retargeting,No,2025-02-10
41356,2025-02-11 22:26:06,Social Media,Winter Sale,No,2025-02-11
87730,2025-02-10 18:51:53,Display Ads,-,No,2025-02-10
98079,2025-02-10 01:06:53,Referral,Retargeting,Yes,2025-02-10
72815,2025-02-10 01:52:26,Display Ads,Discount Offer,No,2025-02-10
76871,2025-02-11 15:51:30,Social Media,New Product Launch,No,2025-02-11
50839,2025-02-10 04:26:49,Email,Brand Awareness,No,2025-02-10
19097,2025-02-10 09:51:43,Search Ads,Brand Awareness,Yes,2025-02-10
11831,2025-02-11 19:53:56,Email,-,Yes,2025-02-11
17012,2025-02-11 23:25:58,Search Ads,Winter Sale,No,2025-02-11
97844,2025-02-11 00:03:08,Referral,Winter Sale,No,2025-02-11
96237,2025-02-10 16:40:03,Social Media,Brand Awareness,No,2025-02-10
60799,2025-02-10 14:48:14,Referral,-,No,2025-02-10
93973,2025-02-10 21:39:54,Social Media,Retargeting,Yes,2025-02-10
45622,2025-02-11 01:51:51,Direct Traffic,-,Yes,2025-02-11
54549,2025-02-10 15:43:26,Search Ads,Retargeting,Yes,2025-02-10
26085,2025-02-10 04:50:58,Email,Retargeting,No,2025-02-10
80392,2025-02-11 17:32:10,Social Media,Discount Offer,Yes,2025-02-11
70949,2025-02-10 15:46:41,Display Ads,New Product Launch,Yes,2025-02-10
42978,2025-02-10 05:00:51,Search Ads,Retargeting,Yes,2025-02-10
85197,2025-02-11 08:05:24,Email,New Product Launch,Yes,2025-02-11
79181,2025-02-10 16:13:01,Search Ads,New Product Launch,No,2025-02-10
10781,2025-02-11 19:41:16,Direct Traffic,-,No,2025-02-11
64113,2025-02-10 07:40:13,Direct Traffic,-,Yes,2025-02-10
74772,2025-02-10 19:36:55,Email,Discount Offer,No,2025-02-10
78752,2025-02-11 10:50:13,Referral,-,Yes,2025-02-11
58496,2025-02-11 12:35:50,Referral,Discount Offer,Yes,2025-02-11
91918,2025-02-10 14:27:33,Direct Traffic,-,No,2025-02-10
34653,2025-02-10 21:48:40,Direct Traffic,-,Yes,2025-02-10
86010,2025-02-10 11:31:14,Email,-,Yes,2025-02-10
21824,2025-02-10 16:35:43,Direct Traffic,-,Yes,2025-02-10
23799,2025-02-11 19:35:11,Referral,Brand Awareness,No,2025-02-11
30460,2025-02-10 13:02:11,Social Media,-,Yes,2025-02-10
10306,2025-02-10 14:47:38,Search Ads,Discount Offer,Yes,2025-02-10
37813,2025-02-11 11:58:21,Search Ads,Winter Sale,Yes,2025-02-11
47709,2025-02-10 06:10:58,Direct Traffic,-,No,2025-02-10
91950,2025-02-10 18:15:02,Referral,Winter Sale,No,2025-02-10
62264,2025-02-11 11:13:09,Display Ads,Brand Awareness,No,2025-02-11
10172,2025-02-11 18:20:42,Referral,Winter Sale,Yes,2025-02-11
57793,2025-02-11 15:17:17,Display Ads,-,Yes,2025-02-11
35705,2025-02-11 03:45:29,Display Ads,Discount Offer,No,2025-02-11
81888,2025-02-10 23:36:50,Social Media,Retargeting,No,2025-02-10
61146,2025-02-11 06:13:18,Search Ads,New Product Launch,Yes,2025-02-11
88868,2025-02-11 06:56:27,Email,Winter Sale,Yes,2025-02-11
90435,2025-02-11 20:01:55,Search Ads,-,No,2025-02-11
37270,2025-02-11 16:33:56,Email,Brand Awareness,Yes,2025-02-11
60484,2025-02-10 12:28:13,Referral,Discount Offer,No,2025-02-10
41463,2025-02-11 11:32:48,Search Ads,Winter Sale,Yes,2025-02-11
52689,2025-02-10 14:30:35,Search Ads,Discount Offer,Yes,2025-02-10
60590,2025-02-10 17:49:51,Social Media,Discount Offer,Yes,2025-02-10
61331,2025-02-11 20:15:40,Social Media,Brand Awareness,Yes,2025-02-11
15052,2025-02-11 11:18:59,Email,Winter Sale,Yes,2025-02-11
37270,2025-02-11 17:49:50,Direct Traffic,-,Yes,2025-02-11
99697,2025-02-10 00:37:13,Referral,Retargeting,No,2025-02-10
10925,2025-02-11 15:42:44,Referral,Winter Sale,No,2025-02-11
89500,2025-02-11 01:15:43,Social Media,New Product Launch,No,2025-02-11
99597,2025-02-10 18:33:29,Display Ads,Retargeting,Yes,2025-02-10
60660,2025-02-10 01:25:12,Social Media,New Product Launch,Yes,2025-02-10
57949,2025-02-11 08:42:52,Email,Brand Awareness,No,2025-02-11
11611,2025-02-10 22:09:08,Referral,Brand Awareness,Yes,2025-02-10
59840,2025-02-10 12:33:25,Referral,Brand Awareness,No,2025-02-10
83947,2025-02-11 09:06:36,Direct Traffic,-,Yes,2025-02-11
33497,2025-02-10 01:11:35,Direct Traffic,-,No,2025-02-10
47740,2025-02-11 18:27:07,Referral,-,Yes,2025-02-11
10690,2025-02-10 02:17:10,Display Ads,-,Yes,2025-02-10
66748,2025-02-10 23:56:33,Display Ads,Brand Awareness,No,2025-02-10
69192,2025-02-10 07:41:08,Referral,-,Yes,2025-02-10
73105,2025-02-10 16:16:01,Email,Winter Sale,No,2025-02-10
55103,2025-02-10 06:00:35,Email,Brand Awareness,Yes,2025-02-10
60226,2025-02-10 17:43:39,Direct Traffic,-,No,2025-02-10
64436,2025-02-11 02:09:24,Social Media,Retargeting,Yes,2025-02-11
47302,2025-02-10 11:41:18,Search Ads,Brand Awareness,Yes,2025-02-10
54106,2025-02-11 11:48:47,Direct Traffic,-,No,2025-02-11
62035,2025-02-10 11:02:08,Direct Traffic,-,Yes,2025-02-10
72518,2025-02-11 12:56:41,Display Ads,-,No,2025-02-11
36393,2025-02-11 10:40:18,Display Ads,Discount Offer,Yes,2025-02-11
58510,2025-02-10 17:14:37,Display Ads,Brand Awareness,No,2025-02-10
64228,2025-02-10 01:40:27,Direct Traffic,-,No,2025-02-10
95799,2025-02-11 19:25:57,Email,Winter Sale,No,2025-02-11
90409,2025-02-11 03:18:13,Referral,-,Yes,2025-02-11
32877,2025-02-11 18:01:05,Social Media,Winter Sale,Yes,2025-02-11
42818,2025-02-11 08:43:18,Direct Traffic,-,Yes,2025-02-11
91442,2025-02-11 14:43:48,Display Ads,-,Yes,2025-02-11
78574,2025-02-10 00:01:26,Referral,Brand Awareness,Yes,2025-02-10
33400,2025-02-10 08:27:10,Email,Winter Sale,No,2025-02-10
83578,2025-02-10 03:38:08,Display Ads,Brand Awareness,Yes,2025-02-10
57273,2025-02-11 07:00:30,Email,Discount Offer,No,2025-02-11
25615,2025-02-11 09:08:20,Email,New Product Launch,Yes,2025-02-11
86658,2025-02-11 18:09:27,Display Ads,Brand Awareness,Yes,2025-02-11
61528,2025-02-10 11:51:36,Referral,New Product Launch,Yes,2025-02-10
26328,2025-02-10 07:39:57,Direct Traffic,-,No,2025-02-10
26783,2025-02-10 14:44:15,Search Ads,Brand Awareness,No,2025-02-10
83871,2025-02-10 03:58:35,Search Ads,New Product Launch,No,2025-02-10
30582,2025-02-10 01:23:01,Referral,Winter Sale,Yes,2025-02-10
25294,2025-02-11 05:28:15,Display Ads,Discount Offer,Yes,2025-02-11
33106,2025-02-11 21:04:44,Display Ads,New Product Launch,No,2025-02-11
82330,2025-02-10 15:22:42,Social Media,Retargeting,No,2025-02-10
50993,2025-02-10 11:20:15,Display Ads,Discount Offer,No,2025-02-10
28998,2025-02-11 14:31:01,Email,-,Yes,2025-02-11
15535,2025-02-10 22:24:22,Referral,Retargeting,Yes,2025-02-10
52013,2025-02-11 17:48:26,Display Ads,New Product Launch,No,2025-02-11
56993,2025-02-11 05:58:10,Email,New Product Launch,No,2025-02-11
54719,2025-02-10 10:04:22,Social Media,-,Yes,2025-02-10
39277,2025-02-11 08:42:50,Display Ads,Discount Offer,No,2025-02-11
82929,2025-02-11 20:19:44,Referral,Discount Offer,Yes,2025-02-11
23927,2025-02-10 05:21:57,Referral,New Product Launch,Yes,2025-02-10
12217,2025-02-11 08:37:35,Referral,Retargeting,Yes,2025-02-11
48740,2025-02-11 13:23:30,Social Media,Retargeting,Yes,2025-02-11
63489,2025-02-10 13:01:00,Referral,Winter Sale,Yes,2025-02-10
72561,2025-02-11 19:11:13,Search Ads,Retargeting,No,2025-02-11
10374,2025-02-11 20:39:59,Direct Traffic,-,No,2025-02-11
74772,2025-02-10 14:36:35,Referral,Retargeting,Yes,2025-02-10
40597,2025-02-11 04:27:04,Referral,Retargeting,Yes,2025-02-11
89677,2025-02-11 02:18:56,Referral,Retargeting,Yes,2025-02-11
43094,2025-02-11 14:38:00,Social Media,Retargeting,No,2025-02-11
13428,2025-02-10 10:40:29,Referral,New Product Launch,No,2025-02-10
30664,2025-02-11 22:23:28,Email,-,Yes,2025-02-11
59576,2025-02-10 06:56:37,Search Ads,Brand Awareness,Yes,2025-02-10
95960,2025-02-11 17:27:42,Social Media,Brand Awareness,No,2025-02-11
46768,2025-02-11 00:50:21,Email,Brand Awareness,Yes,2025-02-11
54351,2025-02-10 06:04:34,Search Ads,Brand Awareness,No,2025-02-10
72645,2025-02-11 04:04:42,Email,Brand Awareness,Yes,2025-02-11
68787,2025-02-11 00:33:42,Email,New Product Launch,No,2025-02-11
71979,2025-02-11 08:24:48,Social Media,Brand Awareness,No,2025-02-11
83093,2025-02-10 08:50:32,Email,Brand Awareness,Yes,2025-02-10
88191,2025-02-10 07:28:42,Social Media,Discount Offer,Yes,2025-02-10
64665,2025-02-11 07:16:18,Social Media,New Product Launch,Yes,2025-02-11
13184,2025-02-11 10:03:21,Search Ads,-,Yes,2025-02-11
84690,2025-02-11 01:49:20,Direct Traffic,-,Yes,2025-02-11
92043,2025-02-10 19:35:35,Display Ads,-,Yes,2025-02-10
89293,2025-02-10 14:21:19,Email,Brand Awareness,Yes,2025-02-10
98079,2025-02-11 17:42:11,Social Media,Winter Sale,No,2025-02-11
86974,2025-02-11 01:53:47,Social Media,Brand Awareness,No,2025-02-11
49243,2025-02-11 00:58:35,Referral,Winter Sale,Yes,2025-02-11
52130,2025-02-11 22:29:38,Social Media,Discount Offer,No,2025-02-11
18441,2025-02-10 00:02:55,Display Ads,Brand Awareness,No,2025-02-10
83667,2025-02-10 18:35:56,Direct Traffic,-,Yes,2025-02-10
60484,2025-02-11 05:18:02,Direct Traffic,-,No,2025-02-11
79941,2025-02-10 17:57:00,Email,Discount Offer,Yes,2025-02-10
76451,2025-02-10 01:47:15,Display Ads,Winter Sale,No,2025-02-10
13399,2025-02-10 22:30:15,Display Ads,-,No,2025-02-10
33074,2025-02-10 18:37:00,Direct Traffic,-,No,2025-02-10
38349,2025-02-11 07:40:13,Direct Traffic,-,No,2025-02-11
42012,2025-02-10 09:37:08,Email,Winter Sale,No,2025-02-10
35661,2025-02-11 06:32:23,Referral,Retargeting,No,2025-02-11
53024,2025-02-11 10:48:08,Search Ads,New Product Launch,No,2025-02-11
95799,2025-02-10 21:28:48,Social Media,-,Yes,2025-02-10
81470,2025-02-10 18:06:53,Referral,Retargeting,Yes,2025-02-10
34080,2025-02-11 02:39:27,Social Media,Retargeting,Yes,2025-02-11
31937,2025-02-11 21:53:20,Search Ads,Discount Offer,No,2025-02-11
34073,2025-02-10 16:52:58,Direct Traffic,-,No,2025-02-10
15052,2025-02-11 12:12:58,Social Media,Retargeting,Yes,2025-02-11
58495,2025-02-11 16:50:55,Referral,Retargeting,No,2025-02-11
24876,2025-02-10 04:29:18,Search Ads,Winter Sale,Yes,2025-02-10
48099,2025-02-10 08:35:00,Direct Traffic,-,Yes,2025-02-10
69433,2025-02-10 22:25:14,Referral,Retargeting,Yes,2025-02-10
80097,2025-02-11 20:46:23,Social Media,Brand Awareness,No,2025-02-11
11177,2025-02-10 00:03:01,Display Ads,New Product Launch,No,2025-02-10
82667,2025-02-10 12:56:24,Email,Winter Sale,Yes,2025-02-10
32685,2025-02-11 13:52:39,Social Media,Brand Awareness,No,2025-02-11
61537,2025-02-11 06:25:37,Social Media,-,Yes,2025-02-11
31901,2025-02-10 13:11:14,Referral,Winter Sale,No,2025-02-10
63250,2025-02-11 15:26:09,Social Media,Retargeting,Yes,2025-02-11
63620,2025-02-10 06:21:55,Social Media,Winter Sale,No,2025-02-10
45796,2025-02-11 17:51:43,Direct Traffic,-,Yes,2025-02-11
22343,2025-02-10 03:55:22,Search Ads,Brand Awareness,No,2025-02-10
56968,2025-02-10 01:12:52,Display Ads,Brand Awareness,No,2025-02-10
31679,2025-02-11 07:36:18,Search Ads,Retargeting,Yes,2025-02-11
93474,2025-02-11 21:41:37,Email,Retargeting,Yes,2025-02-11
17656,2025-02-10 00:41:40,Social Media,-,No,2025-02-10
75033,2025-02-11 08:55:25,Direct Traffic,-,Yes,2025-02-11
53902,2025-02-11 03:23:08,Search Ads,-,No,2025-02-11
77790,2025-02-10 18:06:39,Direct Traffic,-,No,2025-02-10
30136,2025-02-11 04:23:19,Display Ads,Discount Offer,No,2025-02-11
98208,2025-02-11 19:28:36,Search Ads,New Product Launch,No,2025-02-11
16008,2025-02-11 12:02:35,Display Ads,Retargeting,No,2025-02-11
45622,2025-02-10 07:08:46,Referral,Discount Offer,Yes,2025-02-10
61278,2025-02-11 13:03:14,Display Ads,Discount Offer,Yes,2025-02-11
53232,2025-02-10 12:05:02,Email,Retargeting,Yes,2025-02-10
85549,2025-02-10 15:15:02,Referral,-,No,2025-02-10
12217,2025-02-11 16:45:46,Display Ads,-,Yes,2025-02-11
17647,2025-02-11 12:41:52,Email,Brand Awareness,No,2025-02-11
30339,2025-02-11 22:11:46,Display Ads,Winter Sale,No,2025-02-11
29648,2025-02-11 11:14:34,Referral,Discount Offer,No,2025-02-11
49529,2025-02-10 15:19:11,Display Ads,Brand Awareness,No,2025-02-10
49913,2025-02-10 18:20:25,Display Ads,Brand Awareness,No,2025-02-10
35436,2025-02-10 20:56:34,Social Media,Winter Sale,No,2025-02-10
54048,2025-02-10 18:55:23,Search Ads,-,Yes,2025-02-10
17879,2025-02-11 02:26:44,Email,Discount Offer,Yes,2025-02-11
97756,2025-02-10 01:37:57,Display Ads,-,Yes,2025-02-10
79164,2025-02-11 01:57:03,Email,-,Yes,2025-02-11
32882,2025-02-10 13:34:05,Direct Traffic,-,Yes,2025-02-10
62089,2025-02-11 02:42:16,Search Ads,Brand Awareness,No,2025-02-11
17611,2025-02-10 15:01:10,Social Media,New Product Launch,Yes,2025-02-10
54719,2025-02-11 20:04:12,Referral,Retargeting,No,2025-02-11
59787,2025-02-11 09:24:19,Referral,Retargeting,Yes,2025-02-11
95275,2025-02-10 01:50:48,Social Media,Retargeting,No,2025-02-10
72819,2025-02-11 19:05:44,Email,Discount Offer,Yes,2025-02-11
12121,2025-02-11 01:41:35,Search Ads,Winter Sale,Yes,2025-02-11
66319,2025-02-10 05:09:53,Social Media,-,No,2025-02-10
57498,2025-02-10 05:08:28,Email,Discount Offer,Yes,2025-02-10
42761,2025-02-11 12:02:46,Search Ads,Brand Awareness,Yes,2025-02-11
28295,2025-02-10 22:38:42,Referral,Discount Offer,No,2025-02-10
92346,2025-02-10 12:23:44,Display Ads,Retargeting,No,2025-02-10
37786,2025-02-11 01:07:23,Referral,Brand Awareness,Yes,2025-02-11
15582,2025-02-11 14:06:31,Search Ads,Brand Awareness,No,2025-02-11
20985,2025-02-11 18:15:52,Display Ads,Discount Offer,Yes,2025-02-11
23279,2025-02-10 10:01:02,Email,Winter Sale,No,2025-02-10
72118,2025-02-11 22:12:19,Email,-,Yes,2025-02-11
48732,2025-02-10 04:15:14,Direct Traffic,-,No,2025-02-10
25134,2025-02-11 07:11:51,Search Ads,Retargeting,No,2025-02-11
20124,2025-02-11 03:51:16,Referral,New Product Launch,No,2025-02-11
48493,2025-02-11 07:21:19,Email,New Product Launch,No,2025-02-11
39379,2025-02-10 22:28:29,Direct Traffic,-,Yes,2025-02-10
47740,2025-02-10 23:25:20,Direct Traffic,-,Yes,2025-02-10
99147,2025-02-10 18:25:11,Direct Traffic,-,Yes,2025-02-10
37386,2025-02-11 08:30:46,Email,Winter Sale,Yes,2025-02-11
15233,2025-02-10 14:10:44,Display Ads,New Product Launch,Yes,2025-02-10
33421,2025-02-11 17:04:59,Social Media,Discount Offer,Yes,2025-02-11
67722,2025-02-11 20:59:39,Display Ads,New Product Launch,No,2025-02-11
86886,2025-02-11 16:43:43,Search Ads,Retargeting,No,2025-02-11
89793,2025-02-11 10:54:37,Search Ads,Discount Offer,Yes,2025-02-11
66382,2025-02-10 06:27:09,Display Ads,Brand Awareness,Yes,2025-02-10
40011,2025-02-10 05:36:20,Direct Traffic,-,Yes,2025-02-10
54070,2025-02-11 08:07:03,Direct Traffic,-,No,2025-02-11
79164,2025-02-11 23:35:43,Email,Brand Awareness,Yes,2025-02-11
80202,2025-02-11 05:28:53,Display Ads,Brand Awareness,Yes,2025-02-11
25628,2025-02-11 00:08:12,Referral,New Product Launch,Yes,2025-02-11
91886,2025-02-10 15:22:39,Social Media,Retargeting,Yes,2025-02-10
60095,2025-02-10 07:47:03,Display Ads,Brand Awareness,Yes,2025-02-10
79304,2025-02-11 14:53:48,Direct Traffic,-,Yes,2025-02-11
98520,2025-02-11 09:45:27,Social Media,-,Yes,2025-02-11
77828,2025-02-10 07:30:36,Direct Traffic,-,Yes,2025-02-10
71911,2025-02-11 20:18:48,Email,Discount Offer,Yes,2025-02-11
43521,2025-02-11 19:16:09,Direct Traffic,-,No,2025-02-11
27023,2025-02-10 16:09:19,Search Ads,-,Yes,2025-02-10
50704,2025-02-11 02:48:56,Direct Traffic,-,No,2025-02-11
18587,2025-02-11 07:41:11,Referral,New Product Launch,Yes,2025-02-11
72389,2025-02-11 17:59:53,Email,Discount Offer,Yes,2025-02-11
71655,2025-02-11 06:59:30,Referral,New Product Launch,No,2025-02-11
28295,2025-02-11 16:50:20,Direct Traffic,-,No,2025-02-11
42285,2025-02-11 21:44:00,Social Media,Brand Awareness,Yes,2025-02-11
22921,2025-02-10 12:45:20,Display Ads,Discount Offer,Yes,2025-02-10
99147,2025-02-11 18:34:45,Referral,Winter Sale,Yes,2025-02-11
72815,2025-02-10 18:07:22,Search Ads,Retargeting,Yes,2025-02-10
77374,2025-02-10 22:36:52,Direct Traffic,-,Yes,2025-02-10
21038,2025-02-11 04:50:18,Display Ads,Brand Awareness,Yes,2025-02-11
76669,2025-02-10 01:00:08,Email,Discount Offer,No,2025-02-10
26189,2025-02-11 15:48:08,Display Ads,Winter Sale,Yes,2025-02-11
29395,2025-02-10 11:12:46,Direct Traffic,-,Yes,2025-02-10
80471,2025-02-10 07:21:38,Display Ads,-,No,2025-02-10
42016,2025-02-11 15:47:34,Direct Traffic,-,Yes,2025-02-11
45183,2025-02-11 06:24:21,Display Ads,-,Yes,2025-02-11
82862,2025-02-10 06:03:22,Referral,Retargeting,No,2025-02-10
73302,2025-02-11 21:20:40,Display Ads,Winter Sale,No,2025-02-11
70850,2025-02-10 03:16:50,Social Media,Discount Offer,Yes,2025-02-10
81053,2025-02-10 12:41:59,Referral,Winter Sale,No,2025-02-10
92200,2025-02-11 20:09:17,Referral,New Product Launch,Yes,2025-02-11
93693,2025-02-11 15:29:55,Search Ads,Retargeting,Yes,2025-02-11
27814,2025-02-11 10:18:34,Email,Winter Sale,No,2025-02-11
82064,2025-02-10 17:57:54,Referral,Winter Sale,No,2025-02-10
69761,2025-02-11 20:22:26,Social Media,Retargeting,Yes,2025-02-11
21644,2025-02-11 02:31:31,Referral,New Product Launch,Yes,2025-02-11
55849,2025-02-10 23:11:22,Email,Retargeting,No,2025-02-10
97853,2025-02-10 09:35:17,Email,Discount Offer,Yes,2025-02-10
33601,2025-02-11 05:20:38,Email,-,No,2025-02-11
50993,2025-02-11 09:02:45,Social Media,Discount Offer,Yes,2025-02-11
61529,2025-02-11 16:26:08,Email,Winter Sale,No,2025-02-11
71979,2025-02-11 08:01:45,Social Media,Winter Sale,No,2025-02-11
67658,2025-02-10 01:39:52,Direct Traffic,-,No,2025-02-10
40368,2025-02-10 09:15:04,Social Media,Brand Awareness,Yes,2025-02-10
25147,2025-02-11 01:39:22,Direct Traffic,-,Yes,2025-02-11
58797,2025-02-11 00:51:36,Display Ads,-,Yes,2025-02-11
60001,2025-02-11 07:34:46,Search Ads,Retargeting,No,2025-02-11
99526,2025-02-11 07:35:32,Direct Traffic,-,Yes,2025-02-11
82557,2025-02-11 15:19:57,Social Media,Retargeting,No,2025-02-11
84567,2025-02-10 09:00:34,Referral,Winter Sale,Yes,2025-02-10
91876,2025-02-11 13:04:47,Search Ads,Discount Offer,Yes,2025-02-11
71570,2025-02-10 13:32:04,Search Ads,New Product Launch,No,2025-02-10
55829,2025-02-10 08:29:40,Social Media,Winter Sale,Yes,2025-02-10
57951,2025-02-11 03:18:06,Social Media,New Product Launch,No,2025-02-11
62979,2025-02-10 06:44:43,Referral,Retargeting,Yes,2025-02-10
23621,2025-02-11 22:48:31,Display Ads,Brand Awareness,Yes,2025-02-11
72741,2025-02-11 02:13:03,Social Media,Brand Awareness,Yes,2025-02-11
81974,2025-02-11 10:29:58,Direct Traffic,-,No,2025-02-11
73459,2025-02-10 17:00:40,Search Ads,Winter Sale,Yes,2025-02-10
66042,2025-02-11 06:19:42,Social Media,Brand Awareness,No,2025-02-11
86406,2025-02-11 20:42:34,Email,Discount Offer,Yes,2025-02-11
96142,2025-02-11 05:59:24,Search Ads,Retargeting,Yes,2025-02-11
34935,2025-02-10 10:16:04,Social Media,Retargeting,No,2025-02-10
37122,2025-02-11 16:21:21,Social Media,Discount Offer,Yes,2025-02-11
25959,2025-02-10 23:32:32,Social Media,-,No,2025-02-10
59482,2025-02-11 08:16:23,Display Ads,Winter Sale,No,2025-02-11
39364,2025-02-10 21:01:07,Email,Discount Offer,No,2025-02-10
86814,2025-02-10 07:48:39,Social Media,Retargeting,No,2025-02-10
13584,2025-02-10 19:55:50,Email,Brand Awareness,Yes,2025-02-10
71410,2025-02-11 10:14:21,Direct Traffic,-,No,2025-02-11
52130,2025-02-10 01:05:27,Social Media,New Product Launch,No,2025-02-10
76743,2025-02-10 06:44:42,Display Ads,New Product Launch,No,2025-02-10
44498,2025-02-11 05:21:50,Email,Winter Sale,Yes,2025-02-11
49913,2025-02-10 15:42:37,Email,Retargeting,Yes,2025-02-10
25787,2025-02-11 20:21:08,Direct Traffic,-,No,2025-02-11
92234,2025-02-11 01:33:46,Display Ads,Retargeting,No,2025-02-11
98517,2025-02-11 07:53:44,Direct Traffic,-,No,2025-02-11
61146,2025-02-11 16:47:14,Social Media,New Product Launch,No,2025-02-11
65922,2025-02-10 12:39:55,Social Media,Retargeting,No,2025-02-10
45681,2025-02-10 02:08:50,Referral,Retargeting,No,2025-02-10
50311,2025-02-10 06:36:12,Display Ads,Brand Awareness,Yes,2025-02-10
64153,2025-02-10 19:45:55,Social Media,New Product Launch,No,2025-02-10
75557,2025-02-11 21:47:29,Social Media,-,Yes,2025-02-11
49007,2025-02-11 11:15:24,Social Media,Retargeting,No,2025-02-11
66454,2025-02-11 23:46:51,Social Media,New Product Launch,No,2025-02-11
71292,2025-02-10 03:58:17,Display Ads,Discount Offer,Yes,2025-02-10
95840,2025-02-10 00:05:32,Referral,Brand Awareness,Yes,2025-02-10
29113,2025-02-10 17:54:37,Social Media,Winter Sale,No,2025-02-10
73412,2025-02-11 22:50:30,Display Ads,New Product Launch,No,2025-02-11
67914,2025-02-10 19:40:28,Email,Discount Offer,No,2025-02-10
10925,2025-02-11 17:49:56,Search Ads,-,Yes,2025-02-11
23671,2025-02-11 22:23:07,Referral,Discount Offer,No,2025-02-11
75201,2025-02-10 14:12:57,Display Ads,-,No,2025-02-10
75201,2025-02-11 17:05:25,Social Media,Discount Offer,No,2025-02-11
66758,2025-02-11 17:40:34,Referral,Brand Awareness,No,2025-02-11
11416,2025-02-11 08:33:05,Referral,Brand Awareness,Yes,2025-02-11
14798,2025-02-11 18:11:45,Email,-,Yes,2025-02-11
49220,2025-02-10 03:26:12,Search Ads,-,Yes,2025-02-10
36731,2025-02-11 05:04:13,Search Ads,Brand Awareness,No,2025-02-11
18589,2025-02-11 00:49:13,Referral,Retargeting,No,2025-02-11
60345,2025-02-11 05:37:55,Referral,Brand Awareness,No,2025-02-11
62212,2025-02-10 02:11:22,Referral,Winter Sale,Yes,2025-02-10
25539,2025-02-11 22:30:20,Search Ads,Retargeting,No,2025-02-11
82166,2025-02-11 13:27:05,Email,Discount Offer,Yes,2025-02-11
54821,2025-02-11 14:49:41,Display Ads,Winter Sale,No,2025-02-11
80259,2025-02-11 21:28:42,Email,Winter Sale,Yes,2025-02-11
21944,2025-02-10 10:32:06,Display Ads,Discount Offer,Yes,2025-02-10
74464,2025-02-11 08:02:00,Search Ads,-,No,2025-02-11
16758,2025-02-10 01:13:35,Display Ads,New Product Launch,No,2025-02-10
89362,2025-02-10 07:58:03,Email,New Product Launch,Yes,2025-02-10
80368,2025-02-11 21:46:25,Search Ads,Retargeting,No,2025-02-11
78514,2025-02-10 16:03:02,Email,Winter Sale,No,2025-02-10
94024,2025-02-10 09:02:35,Display Ads,Winter Sale,No,2025-02-10
25369,2025-02-11 09:22:42,Email,Brand Awareness,No,2025-02-11
86406,2025-02-10 13:59:14,Email,Retargeting,No,2025-02-10
23209,2025-02-10 16:02:21,Social Media,-,Yes,2025-02-10
60345,2025-02-10 10:10:52,Referral,Retargeting,No,2025-02-10
39572,2025-02-11 21:10:42,Direct Traffic,-,No,2025-02-11
88187,2025-02-10 08:47:19,Direct Traffic,-,No,2025-02-10
27767,2025-02-11 19:58:29,Referral,Brand Awareness,Yes,2025-02-11
55894,2025-02-10 14:50:27,Search Ads,Brand Awareness,Yes,2025-02-10
16386,2025-02-11 09:21:53,Display Ads,Retargeting,Yes,2025-02-11
81470,2025-02-10 11:21:36,Direct Traffic,-,No,2025-02-10
60571,2025-02-11 18:00:38,Social Media,New Product Launch,No,2025-02-11
16062,2025-02-11 01:59:07,Email,Brand Awareness,No,2025-02-11
13090,2025-02-11 22:47:54,Referral,Discount Offer,Yes,2025-02-11
11257,2025-02-10 22:01:51,Email,-,Yes,2025-02-10
44288,2025-02-11 08:19:17,Search Ads,Winter Sale,No,2025-02-11
45310,2025-02-10 12:13:04,Referral,Winter Sale,Yes,2025-02-10
74772,2025-02-10 21:10:17,Display Ads,Winter Sale,Yes,2025-02-10
23332,2025-02-11 03:00:40,Search Ads,Retargeting,No,2025-02-11
38349,2025-02-10 23:07:17,Search Ads,Discount Offer,Yes,2025-02-10
24161,2025-02-10 00:25:58,Search Ads,Winter Sale,No,2025-02-10
30544,2025-02-11 12:34:51,Referral,Discount Offer,Yes,2025-02-11
78882,2025-02-10 14:36:59,Referral,-,No,2025-02-10
73055,2025-02-10 09:59:53,Referral,Retargeting,Yes,2025-02-10
91966,2025-02-10 13:02:32,Display Ads,Winter Sale,No,2025-02-10
71094,2025-02-11 21:59:52,Search Ads,Brand Awareness,No,2025-02-11
46988,2025-02-11 08:00:01,Search Ads,New Product Launch,No,2025-02-11
34641,2025-02-11 00:32:28,Display Ads,Winter Sale,Yes,2025-02-11
31723,2025-02-11 09:42:32,Search Ads,Brand Awareness,Yes,2025-02-11
73311,2025-02-11 12:38:57,Social Media,-,No,2025-02-11
30136,2025-02-10 23:26:08,Search Ads,New Product Launch,No,2025-02-10
75201,2025-02-11 15:31:33,Direct Traffic,-,No,2025-02-11
13403,2025-02-11 18:16:43,Search Ads,Winter Sale,No,2025-02-11
87851,2025-02-11 05:47:34,Email,-,Yes,2025-02-11
90546,2025-02-10 00:32:52,Email,New Product Launch,No,2025-02-10
32477,2025-02-11 19:37:21,Referral,-,No,2025-02-11
90848,2025-02-11 20:49:38,Referral,Discount Offer,Yes,2025-02-11
33822,2025-02-11 14:06:03,Referral,New Product Launch,Yes,2025-02-11
54741,2025-02-10 01:38:52,Search Ads,New Product Launch,Yes,2025-02-10
51554,2025-02-10 08:30:37,Email,Retargeting,No,2025-02-10
40090,2025-02-11 23:26:27,Email,Winter Sale,Yes,2025-02-11
85643,2025-02-11 21:01:36,Display Ads,-,Yes,2025-02-11
28912,2025-02-10 17:22:29,Direct Traffic,-,Yes,2025-02-10
61177,2025-02-11 19:14:31,Display Ads,Brand Awareness,No,2025-02-11
84915,2025-02-11 04:41:10,Display Ads,Discount Offer,Yes,2025-02-11
53151,2025-02-11 08:41:05,Social Media,Discount Offer,Yes,2025-02-11
32550,2025-02-10 13:06:37,Display Ads,Discount Offer,Yes,2025-02-10
29440,2025-02-11 21:50:37,Direct Traffic,-,No,2025-02-11
22407,2025-02-10 15:12:28,Direct Traffic,-,No,2025-02-10
37332,2025-02-11 03:34:59,Direct Traffic,-,Yes,2025-02-11
15978,2025-02-10 01:45:55,Referral,Brand Awareness,No,2025-02-10
63551,2025-02-10 21:53:22,Social Media,Winter Sale,Yes,2025-02-10
63781,2025-02-10 22:02:05,Social Media,New Product Launch,Yes,2025-02-10
75302,2025-02-11 15:51:09,Search Ads,Retargeting,Yes,2025-02-11
51208,2025-02-11 13:07:25,Social Media,-,No,2025-02-11
60001,2025-02-10 04:06:45,Direct Traffic,-,Yes,2025-02-10
74350,2025-02-10 04:30:52,Search Ads,Discount Offer,No,2025-02-10
81711,2025-02-10 18:39:50,Social Media,-,No,2025-02-10
74513,2025-02-11 01:12:45,Direct Traffic,-,No,2025-02-11
93964,2025-02-11 00:23:55,Search Ads,New Product Launch,No,2025-02-11
32120,2025-02-10 08:39:00,Email,Brand Awareness,Yes,2025-02-10
83254,2025-02-10 16:22:21,Email,-,Yes,2025-02-10
52438,2025-02-11 11:38:14,Display Ads,Winter Sale,Yes,2025-02-11
92200,2025-02-10 18:04:36,Display Ads,Discount Offer,No,2025-02-10
30820,2025-02-11 14:49:19,Referral,Brand Awareness,No,2025-02-11
74223,2025-02-11 05:10:49,Search Ads,-,No,2025-02-11
13737,2025-02-11 00:26:20,Direct Traffic,-,Yes,2025-02-11
78752,2025-02-10 21:03:35,Email,Winter Sale,Yes,2025-02-10
55355,2025-02-10 23:32:58,Display Ads,Discount Offer,No,2025-02-10
24634,2025-02-10 13:14:28,Display Ads,-,Yes,2025-02-10
10654,2025-02-10 03:50:37,Search Ads,Winter Sale,No,2025-02-10
74534,2025-02-11 13:09:37,Email,Winter Sale,No,2025-02-11
72118,2025-02-11 04:17:17,Search Ads,Discount Offer,No,2025-02-11
31134,2025-02-10 02:13:29,Search Ads,Retargeting,No,2025-02-10
32651,2025-02-11 23:30:39,Referral,Winter Sale,No,2025-02-11
18301,2025-02-11 14:22:45,Referral,Discount Offer,No,2025-02-11
12863,2025-02-11 16:17:39,Email,Winter Sale,Yes,2025-02-11
59482,2025-02-11 07:04:04,Email,Winter Sale,Yes,2025-02-11
47775,2025-02-11 13:27:04,Direct Traffic,-,Yes,2025-02-11
30977,2025-02-10 23:51:06,Referral,-,No,2025-02-10
86886,2025-02-10 04:02:10,Direct Traffic,-,No,2025-02-10
39101,2025-02-11 14:19:09,Social Media,Brand Awareness,No,2025-02-11
31021,2025-02-10 00:58:27,Social Media,Winter Sale,Yes,2025-02-10
26253,2025-02-10 07:32:17,Direct Traffic,-,Yes,2025-02-10
57396,2025-02-11 01:01:34,Email,Retargeting,No,2025-02-11
13528,2025-02-10 17:01:33,Social Media,Discount Offer,No,2025-02-10
73762,2025-02-11 21:59:37,Direct Traffic,-,No,2025-02-11
27774,2025-02-10 20:30:37,Referral,Retargeting,Yes,2025-02-10
11107,2025-02-10 23:07:49,Social Media,Brand Awareness,Yes,2025-02-10
87938,2025-02-10 17:21:58,Referral,Retargeting,No,2025-02-10
28144,2025-02-10 00:50:07,Referral,Winter Sale,No,2025-02-10
49207,2025-02-11 09:54:41,Referral,Retargeting,Yes,2025-02-11
65497,2025-02-10 09:30:43,Search Ads,Brand Awareness,Yes,2025-02-10
96629,2025-02-11 06:41:19,Email,-,No,2025-02-11
57726,2025-02-10 02:16:04,Display Ads,Discount Offer,Yes,2025-02-10
58481,2025-02-11 05:27:45,Referral,Discount Offer,Yes,2025-02-11
70698,2025-02-10 13:18:32,Email,-,No,2025-02-10
44295,2025-02-11 16:15:25,Display Ads,-,Yes,2025-02-11
17329,2025-02-10 23:06:31,Direct Traffic,-,No,2025-02-10
82701,2025-02-10 12:37:11,Direct Traffic,-,No,2025-02-10
57627,2025-02-10 09:48:00,Social Media,Brand Awareness,Yes,2025-02-10
33991,2025-02-11 03:34:52,Social Media,Winter Sale,Yes,2025-02-11
95948,2025-02-11 22:08:52,Direct Traffic,-,No,2025-02-11
85643,2025-02-10 06:30:09,Display Ads,Brand Awareness,Yes,2025-02-10
22861,2025-02-11 10:28:48,Search Ads,Winter Sale,Yes,2025-02-11
53902,2025-02-10 22:12:44,Search Ads,Winter Sale,No,2025-02-10
30155,2025-02-11 15:43:38,Search Ads,Retargeting,Yes,2025-02-11
64847,2025-02-11 23:07:39,Email,New Product Launch,Yes,2025-02-11
27556,2025-02-10 20:39:51,Referral,-,No,2025-02-10
16893,2025-02-10 18:57:54,Referral,Discount Offer,Yes,2025-02-10
48099,2025-02-11 19:38:04,Direct Traffic,-,No,2025-02-11
39056,2025-02-11 03:25:17,Search Ads,Brand Awareness,Yes,2025-02-11
34935,2025-02-11 18:50:18,Social Media,Winter Sale,Yes,2025-02-11
55905,2025-02-10 12:22:16,Direct Traffic,-,Yes,2025-02-10
94174,2025-02-11 05:52:55,Display Ads,Discount Offer,No,2025-02-11
46050,2025-02-11 04:32:58,Referral,Retargeting,Yes,2025-02-11
34737,2025-02-11 22:32:04,Search Ads,Winter Sale,Yes,2025-02-11
55737,2025-02-10 00:41:22,Search Ads,-,No,2025-02-10
72645,2025-02-11 00:39:54,Direct Traffic,-,Yes,2025-02-11
71938,2025-02-10 17:05:31,Direct Traffic,-,No,2025-02-10
89685,2025-02-11 09:07:01,Display Ads,Winter Sale,No,2025-02-11
88094,2025-02-11 13:56:56,Email,Retargeting,No,2025-02-11
13004,2025-02-11 05:31:36,Email,Retargeting,Yes,2025-02-11
86706,2025-02-10 05:04:22,Search Ads,Discount Offer,Yes,2025-02-10
49394,2025-02-11 09:52:15,Email,Brand Awareness,Yes,2025-02-11
70378,2025-02-11 14:11:23,Email,-,No,2025-02-11
24845,2025-02-10 00:04:28,Search Ads,Retargeting,No,2025-02-10
76601,2025-02-11 21:46:08,Display Ads,Discount Offer,No,2025-02-11
53707,2025-02-10 10:51:45,Display Ads,-,Yes,2025-02-10
80623,2025-02-10 07:29:10,Display Ads,Brand Awareness,Yes,2025-02-10
24771,2025-02-11 09:42:08,Search Ads,New Product Launch,Yes,2025-02-11
51399,2025-02-11 17:48:05,Direct Traffic,-,Yes,2025-02-11
47957,2025-02-11 08:35:15,Search Ads,Discount Offer,Yes,2025-02-11
41962,2025-02-11 10:39:20,Display Ads,Winter Sale,Yes,2025-02-11
17478,2025-02-11 02:44:50,Display Ads,-,Yes,2025-02-11
20124,2025-02-10 08:37:24,Direct Traffic,-,No,2025-02-10
24576,2025-02-10 10:59:52,Social Media,Brand Awareness,No,2025-02-10
82038,2025-02-11 05:35:11,Direct Traffic,-,No,2025-02-11
89467,2025-02-11 15:21:04,Email,Discount Offer,Yes,2025-02-11
20853,2025-02-11 20:32:18,Referral,New Product Launch,No,2025-02-11
32562,2025-02-11 16:22:32,Email,Brand Awareness,No,2025-02-11
98843,2025-02-10 22:29:58,Social Media,Discount Offer,Yes,2025-02-10
56968,2025-02-11 02:36:22,Display Ads,Winter Sale,Yes,2025-02-11
99018,2025-02-10 04:06:02,Referral,Brand Awareness,Yes,2025-02-10
23018,2025-02-11 23:03:42,Search Ads,New Product Launch,Yes,2025-02-11
83286,2025-02-11 17:50:13,Referral,Discount Offer,Yes,2025-02-11
86974,2025-02-11 13:13:55,Display Ads,Brand Awareness,Yes,2025-02-11
80999,2025-02-10 04:43:29,Display Ads,Winter Sale,Yes,2025-02-10
46924,2025-02-11 01:16:55,Email,Discount Offer,Yes,2025-02-11
26430,2025-02-10 17:40:48,Email,Retargeting,No,2025-02-10
71979,2025-02-11 21:59:32,Direct Traffic,-,No,2025-02-11
33499,2025-02-10 23:53:16,Referral,-,Yes,2025-02-10
27079,2025-02-10 10:57:00,Direct Traffic,-,Yes,2025-02-10
54502,2025-02-11 02:49:23,Search Ads,Retargeting,No,2025-02-11
69153,2025-02-10 10:24:31,Email,New Product Launch,No,2025-02-10
82581,2025-02-11 21:17:20,Direct Traffic,-,Yes,2025-02-11
73457,2025-02-10 03:54:48,Search Ads,New Product Launch,Yes,2025-02-10
51020,2025-02-10 17:19:10,Email,Retargeting,No,2025-02-10
66866,2025-02-10 01:12:57,Referral,Winter Sale,No,2025-02-10
22011,2025-02-11 06:23:44,Direct Traffic,-,Yes,2025-02-11
61828,2025-02-10 05:34:48,Referral,-,No,2025-02-10
55755,2025-02-10 16:02:59,Display Ads,New Product Launch,No,2025-02-10
99481,2025-02-11 17:16:15,Direct Traffic,-,Yes,2025-02-11
89128,2025-02-10 14:47:02,Referral,Discount Offer,Yes,2025-02-10
59319,2025-02-11 14:35:04,Display Ads,New Product Launch,Yes,2025-02-11
46506,2025-02-11 15:57:32,Direct Traffic,-,No,2025-02-11
22917,2025-02-10 17:10:12,Social Media,-,Yes,2025-02-10
99490,2025-02-11 21:31:28,Referral,New Product Launch,Yes,2025-02-11
66986,2025-02-11 23:21:19,Direct Traffic,-,No,2025-02-11
89467,2025-02-11 21:33:11,Social Media,New Product Launch,No,2025-02-11
71797,2025-02-11 15:06:53,Email,Discount Offer,Yes,2025-02-11
95772,2025-02-10 07:25:37,Display Ads,-,No,2025-02-10
75841,2025-02-11 05:54:56,Social Media,Winter Sale,No,2025-02-11
17702,2025-02-10 06:28:50,Direct Traffic,-,No,2025-02-10
74772,2025-02-11 01:50:19,Email,Discount Offer,No,2025-02-11
40968,2025-02-10 00:50:11,Direct Traffic,-,Yes,2025-02-10
17702,2025-02-11 09:15:58,Social Media,New Product Launch,No,2025-02-11
27079,2025-02-10 15:37:18,Direct Traffic,-,No,2025-02-10
86889,2025-02-10 06:42:22,Direct Traffic,-,Yes,2025-02-10
27700,2025-02-10 01:42:43,Direct Traffic,-,No,2025-02-10
53526,2025-02-10 22:28:03,Email,Discount Offer,No,2025-02-10
86379,2025-02-11 11:44:05,Display Ads,New Product Launch,Yes,2025-02-11
97826,2025-02-11 11:46:04,Search Ads,Brand Awareness,Yes,2025-02-11
75656,2025-02-11 21:43:24,Display Ads,New Product Launch,No,2025-02-11
89128,2025-02-10 11:16:46,Search Ads,-,Yes,2025-02-10
33336,2025-02-11 20:23:19,Direct Traffic,-,No,2025-02-11
86539,2025-02-11 21:11:11,Display Ads,Discount Offer,Yes,2025-02-11
48574,2025-02-11 13:39:25,Social Media,Retargeting,No,2025-02-11
55533,2025-02-10 17:16:58,Direct Traffic,-,Yes,2025-02-10
98881,2025-02-10 00:34:52,Email,New Product Launch,Yes,2025-02-10
78804,2025-02-11 14:00:17,Social Media,Brand Awareness,No,2025-02-11
83307,2025-02-10 07:17:14,Search Ads,-,No,2025-02-10
82557,2025-02-10 21:42:07,Social Media,Winter Sale,Yes,2025-02-10
47631,2025-02-11 09:48:56,Email,Discount Offer,Yes,2025-02-11
35216,2025-02-10 04:35:52,Direct Traffic,-,Yes,2025-02-10
90701,2025-02-11 11:37:13,Display Ads,Brand Awareness,No,2025-02-11
70492,2025-02-11 22:40:37,Search Ads,-,No,2025-02-11
11780,2025-02-10 21:53:07,Display Ads,Winter Sale,No,2025-02-10
76288,2025-02-10 14:50:43,Display Ads,Discount Offer,Yes,2025-02-10
49271,2025-02-11 00:00:04,Direct Traffic,-,Yes,2025-02-11
57669,2025-02-11 07:36:17,Direct Traffic,-,Yes,2025-02-11
73311,2025-02-11 21:01:47,Referral,Winter Sale,No,2025-02-11
67005,2025-02-11 10:16:32,Email,Brand Awareness,Yes,2025-02-11
34094,2025-02-11 02:54:00,Email,Winter Sale,Yes,2025-02-11
79602,2025-02-10 16:34:48,Referral,-,No,2025-02-10
79894,2025-02-11 12:07:26,Direct Traffic,-,Yes,2025-02-11
48639,2025-02-11 21:54:29,Social Media,Winter Sale,No,2025-02-11
99093,2025-02-10 05:44:40,Referral,-,Yes,2025-02-10
46918,2025-02-11 02:58:49,Direct Traffic,-,No,2025-02-11
59576,2025-02-10 12:14:41,Direct Traffic,-,Yes,2025-02-10
46442,2025-02-11 08:53:41,Direct Traffic,-,No,2025-02-11
20743,2025-02-11 06:07:09,Direct Traffic,-,Yes,2025-02-11
59102,2025-02-11 10:34:31,Referral,Discount Offer,No,2025-02-11
15152,2025-02-10 05:16:44,Search Ads,Winter Sale,Yes,2025-02-10
13967,2025-02-11 22:55:54,Social Media,-,Yes,2025-02-11
35887,2025-02-11 19:13:58,Social Media,New Product Launch,No,2025-02-11
44393,2025-02-11 08:02:04,Display Ads,Winter Sale,No,2025-02-11
72612,2025-02-10 12:22:38,Direct Traffic,-,Yes,2025-02-10
33255,2025-02-11 19:49:25,Search Ads,Winter Sale,No,2025-02-11
25615,2025-02-10 06:40:19,Direct Traffic,-,No,2025-02-10
33106,2025-02-11 19:13:56,Social Media,-,Yes,2025-02-11
24771,2025-02-11 17:29:50,Social Media,Discount Offer,Yes,2025-02-11
21704,2025-02-11 05:15:15,Email,Discount Offer,Yes,2025-02-11
30578,2025-02-10 00:53:40,Direct Traffic,-,Yes,2025-02-10
56050,2025-02-11 06:46:10,Direct Traffic,-,Yes,2025-02-11
49991,2025-02-10 18:35:11,Social Media,Winter Sale,Yes,2025-02-10
50839,2025-02-10 23:21:06,Referral,Brand Awareness,No,2025-02-10
28594,2025-02-10 09:26:10,Search Ads,-,Yes,2025-02-10
55745,2025-02-10 01:18:08,Search Ads,New Product Launch,No,2025-02-10
26097,2025-02-10 12:31:07,Search Ads,-,Yes,2025-02-10
30664,2025-02-10 17:44:50,Social Media,-,No,2025-02-10
85459,2025-02-10 11:14:15,Referral,-,Yes,2025-02-10
82044,2025-02-10 10:51:17,Email,New Product Launch,Yes,2025-02-10
39277,2025-02-10 06:04:02,Referral,Retargeting,Yes,2025-02-10
81851,2025-02-10 21:43:28,Referral,-,No,2025-02-10
99995,2025-02-10 02:59:38,Referral,Winter Sale,No,2025-02-10
25790,2025-02-11 03:33:35,Direct Traffic,-,No,2025-02-11
97726,2025-02-10 08:57:26,Email,-,Yes,2025-02-10
27556,2025-02-11 14:57:53,Search Ads,New Product Launch,Yes,2025-02-11
26601,2025-02-11 20:25:36,Referral,Brand Awareness,Yes,2025-02-11
56501,2025-02-10 15:20:17,Direct Traffic,-,Yes,2025-02-10
38683,2025-02-11 12:17:06,Direct Traffic,-,Yes,2025-02-11
15578,2025-02-11 19:58:34,Direct Traffic,-,No,2025-02-11
97135,2025-02-11 16:59:21,Email,Brand Awareness,No,2025-02-11
66863,2025-02-11 10:56:11,Search Ads,Retargeting,Yes,2025-02-11
61331,2025-02-10 09:42:56,Email,Retargeting,No,2025-02-10
16863,2025-02-10 09:38:46,Search Ads,Retargeting,No,2025-02-10
66238,2025-02-10 14:37:11,Referral,Discount Offer,No,2025-02-10
69415,2025-02-11 00:44:06,Referral,Discount Offer,Yes,2025-02-11
13444,2025-02-10 22:47:40,Referral,Discount Offer,Yes,2025-02-10
98310,2025-02-11 06:45:22,Referral,Discount Offer,No,2025-02-11
68700,2025-02-11 09:40:32,Social Media,-,Yes,2025-02-11
59102,2025-02-10 03:53:36,Email,Brand Awareness,No,2025-02-10
98219,2025-02-11 19:59:52,Display Ads,-,Yes,2025-02-11
60973,2025-02-11 19:57:38,Direct Traffic,-,Yes,2025-02-11
46738,2025-02-11 03:44:12,Email,-,Yes,2025-02-11
24256,2025-02-11 17:10:44,Referral,-,Yes,2025-02-11
22743,2025-02-11 08:09:18,Direct Traffic,-,No,2025-02-11
25124,2025-02-10 13:01:43,Display Ads,Retargeting,No,2025-02-10
87204,2025-02-10 11:57:33,Search Ads,New Product Launch,No,2025-02-10
62446,2025-02-10 04:12:12,Email,Winter Sale,Yes,2025-02-10
35456,2025-02-10 13:52:51,Social Media,-,No,2025-02-10
49647,2025-02-10 03:37:50,Referral,Winter Sale,Yes,2025-02-10
87436,2025-02-11 21:41:42,Social Media,Retargeting,No,2025-02-11
12806,2025-02-11 09:38:24,Social Media,New Product Launch,No,2025-02-11
37648,2025-02-10 11:17:52,Email,Brand Awareness,Yes,2025-02-10
27814,2025-02-10 01:45:38,Display Ads,Brand Awareness,No,2025-02-10
90213,2025-02-11 17:28:23,Display Ads,-,No,2025-02-11
70222,2025-02-11 18:26:07,Referral,-,No,2025-02-11
17012,2025-02-10 07:02:44,Social Media,Discount Offer,No,2025-02-10
27371,2025-02-11 06:11:32,Referral,Brand Awareness,Yes,2025-02-11
20460,2025-02-11 11:30:14,Email,Winter Sale,No,2025-02-11
55190,2025-02-10 04:23:23,Search Ads,New Product Launch,Yes,2025-02-10
56961,2025-02-10 19:52:25,Direct Traffic,-,Yes,2025-02-10
97135,2025-02-10 19:20:18,Search Ads,Retargeting,No,2025-02-10
84060,2025-02-11 03:57:30,Search Ads,Brand Awareness,No,2025-02-11
60022,2025-02-10 22:08:58,Social Media,Brand Awareness,Yes,2025-02-10
64521,2025-02-10 20:20:45,Direct Traffic,-,No,2025-02-10
12459,2025-02-11 21:08:54,Referral,Brand Awareness,Yes,2025-02-11
68787,2025-02-10 04:58:25,Direct Traffic,-,No,2025-02-10
40517,2025-02-10 20:33:31,Email,Retargeting,Yes,2025-02-10
67283,2025-02-11 01:35:13,Social Media,New Product Launch,Yes,2025-02-11
85549,2025-02-10 16:33:37,Referral,-,No,2025-02-10
31285,2025-02-11 03:55:24,Referral,Brand Awareness,Yes,2025-02-11
60888,2025-02-10 11:56:07,Referral,Retargeting,Yes,2025-02-10
82338,2025-02-11 20:45:13,Email,Discount Offer,Yes,2025-02-11
73183,2025-02-11 01:08:20,Display Ads,-,No,2025-02-11
35961,2025-02-10 02:58:39,Direct Traffic,-,No,2025-02-10
81371,2025-02-11 05:54:33,Direct Traffic,-,No,2025-02-11
54664,2025-02-10 04:06:18,Display Ads,Brand Awareness,Yes,2025-02-10
67074,2025-02-10 08:27:38,Email,Winter Sale,No,2025-02-10
42360,2025-02-10 20:51:03,Social Media,Retargeting,Yes,2025-02-10
78574,2025-02-11 16:56:52,Search Ads,Retargeting,No,2025-02-11
72741,2025-02-11 07:25:13,Display Ads,Brand Awareness,No,2025-02-11
90848,2025-02-10 14:32:08,Display Ads,Brand Awareness,No,2025-02-10
21644,2025-02-11 14:00:11,Display Ads,Brand Awareness,Yes,2025-02-11
31134,2025-02-10 19:22:53,Email,Retargeting,Yes,2025-02-10
60571,2025-02-11 19:53:19,Referral,Retargeting,No,2025-02-11
34395,2025-02-11 15:07:26,Email,Winter Sale,No,2025-02-11
92167,2025-02-10 16:55:37,Display Ads,Discount Offer,No,2025-02-10
76911,2025-02-10 08:31:50,Display Ads,Brand Awareness,Yes,2025-02-10
79863,2025-02-11 21:09:40,Display Ads,New Product Launch,No,2025-02-11
40164,2025-02-11 01:01:20,Search Ads,New Product Launch,Yes,2025-02-11
80670,2025-02-11 03:04:58,Email,Discount Offer,Yes,2025-02-11
24251,2025-02-10 07:25:19,Display Ads,Brand Awareness,No,2025-02-10
62907,2025-02-11 15:31:12,Display Ads,New Product Launch,No,2025-02-11
57739,2025-02-10 19:12:39,Referral,Retargeting,Yes,2025-02-10
56075,2025-02-10 00:48:53,Direct Traffic,-,No,2025-02-10
78083,2025-02-10 12:50:57,Display Ads,Discount Offer,No,2025-02-10
95948,2025-02-10 20:54:52,Search Ads,Discount Offer,No,2025-02-10
37708,2025-02-11 23:41:40,Search Ads,Retargeting,Yes,2025-02-11
39572,2025-02-10 23:26:14,Email,-,No,2025-02-10
71753,2025-02-10 06:19:47,Social Media,Retargeting,No,2025-02-10
82862,2025-02-11 10:45:19,Direct Traffic,-,No,2025-02-11
61401,2025-02-10 00:20:26,Direct Traffic,-,No,2025-02-10
21628,2025-02-11 02:31:31,Email,-,No,2025-02-11
21504,2025-02-10 08:11:42,Social Media,New Product Launch,Yes,2025-02-10
15351,2025-02-11 01:35:22,Social Media,Discount Offer,No,2025-02-11
44827,2025-02-11 22:40:40,Social Media,Discount Offer,Yes,2025-02-11
20895,2025-02-11 12:09:22,Search Ads,Brand Awareness,No,2025-02-11
45750,2025-02-11 13:08:23,Direct Traffic,-,No,2025-02-11
95665,2025-02-10 17:59:44,Display Ads,Retargeting,No,2025-02-10
72379,2025-02-11 02:19:38,Referral,New Product Launch,Yes,2025-02-11
97756,2025-02-11 04:31:05,Social Media,Discount Offer,No,2025-02-11
88567,2025-02-10 03:44:42,Direct Traffic,-,Yes,2025-02-10
63181,2025-02-10 05:37:54,Email,Discount Offer,No,2025-02-10
87909,2025-02-11 22:39:56,Direct Traffic,-,No,2025-02-11
49655,2025-02-10 04:35:06,Email,Brand Awareness,No,2025-02-10
46373,2025-02-10 16:33:48,Display Ads,Discount Offer,Yes,2025-02-10
62225,2025-02-11 05:12:49,Email,Brand Awareness,Yes,2025-02-11
80769,2025-02-11 00:08:44,Direct Traffic,-,No,2025-02-11
52609,2025-02-11 17:43:41,Email,-,Yes,2025-02-11
38046,2025-02-10 22:48:42,Email,Discount Offer,Yes,2025-02-10
27347,2025-02-11 01:47:51,Display Ads,Brand Awareness,No,2025-02-11
39696,2025-02-11 17:27:54,Email,Brand Awareness,No,2025-02-11
10843,2025-02-11 05:15:46,Email,Winter Sale,Yes,2025-02-11
98055,2025-02-10 08:20:56,Email,Winter Sale,Yes,2025-02-10
68681,2025-02-11 00:51:50,Display Ads,Discount Offer,Yes,2025-02-11
30446,2025-02-11 18:44:18,Display Ads,Brand Awareness,No,2025-02-11
39559,2025-02-10 12:22:13,Referral,Discount Offer,Yes,2025-02-10
90701,2025-02-10 19:30:16,Direct Traffic,-,No,2025-02-10
99321,2025-02-11 16:25:42,Email,Retargeting,No,2025-02-11
69153,2025-02-10 00:45:38,Direct Traffic,-,No,2025-02-10
87204,2025-02-10 08:41:32,Email,-,Yes,2025-02-10
46334,2025-02-10 23:02:51,Email,Brand Awareness,No,2025-02-10
69619,2025-02-11 16:09:54,Direct Traffic,-,Yes,2025-02-11
49529,2025-02-11 17:33:19,Direct Traffic,-,Yes,2025-02-11
25105,2025-02-10 03:56:31,Search Ads,Winter Sale,Yes,2025-02-10
53636,2025-02-10 11:27:26,Display Ads,New Product Launch,No,2025-02-10
21596,2025-02-10 20:50:36,Display Ads,Winter Sale,Yes,2025-02-10
37621,2025-02-11 19:27:09,Social Media,Brand Awareness,Yes,2025-02-11
64847,2025-02-10 22:46:32,Display Ads,Discount Offer,No,2025-02-10
26185,2025-02-10 22:55:20,Search Ads,-,Yes,2025-02-10
54334,2025-02-11 11:54:57,Search Ads,Retargeting,No,2025-02-11
26021,2025-02-10 07:56:53,Search Ads,Winter Sale,No,2025-02-10
38485,2025-02-10 09:26:34,Search Ads,Winter Sale,Yes,2025-02-10
38683,2025-02-11 17:46:46,Email,New Product Launch,No,2025-02-11
59232,2025-02-10 00:43:11,Referral,-,Yes,2025-02-10
25019,2025-02-11 02:41:40,Direct Traffic,-,No,2025-02-11
80527,2025-02-11 08:49:08,Social Media,-,Yes,2025-02-11
94388,2025-02-10 02:29:02,Direct Traffic,-,No,2025-02-10
75208,2025-02-10 14:05:32,Referral,-,Yes,2025-02-10
54259,2025-02-10 16:39:19,Email,Retargeting,Yes,2025-02-10
26783,2025-02-10 08:23:14,Email,Retargeting,No,2025-02-10
41377,2025-02-10 09:59:48,Display Ads,Discount Offer,No,2025-02-10
76732,2025-02-10 14:01:42,Social Media,Winter Sale,Yes,2025-02-10
17598,2025-02-10 07:12:35,Search Ads,Brand Awareness,No,2025-02-10
25147,2025-02-11 18:27:18,Display Ads,-,No,2025-02-11
50704,2025-02-11 08:48:07,Search Ads,Brand Awareness,No,2025-02-11
16834,2025-02-11 23:53:37,Referral,Winter Sale,Yes,2025-02-11
40368,2025-02-11 10:56:11,Display Ads,New Product Launch,Yes,2025-02-11
62101,2025-02-10 18:36:13,Email,-,No,2025-02-10
71932,2025-02-11 07:15:17,Social Media,Brand Awareness,Yes,2025-02-11
98418,2025-02-11 09:50:48,Search Ads,-,Yes,2025-02-11
85419,2025-02-11 10:23:17,Display Ads,Brand Awareness,No,2025-02-11
99157,2025-02-11 06:31:16,Display Ads,-,Yes,2025-02-11
68180,2025-02-11 12:31:06,Social Media,Winter Sale,No,2025-02-11
43767,2025-02-10 12:21:56,Social Media,Brand Awareness,No,2025-02-10
72518,2025-02-10 08:19:03,Search Ads,Discount Offer,Yes,2025-02-10
62843,2025-02-10 23:42:17,Social Media,-,Yes,2025-02-10
17619,2025-02-11 19:06:36,Search Ads,New Product Launch,No,2025-02-11
31070,2025-02-10 12:40:31,Email,Retargeting,Yes,2025-02-10
11790,2025-02-10 23:43:39,Social Media,Discount Offer,Yes,2025-02-10
68762,2025-02-11 04:47:43,Display Ads,-,No,2025-02-11
14398,2025-02-11 08:21:30,Direct Traffic,-,Yes,2025-02-11
46667,2025-02-10 06:38:42,Referral,Brand Awareness,Yes,2025-02-10
62471,2025-02-10 12:16:49,Search Ads,Retargeting,Yes,2025-02-10
33189,2025-02-10 07:48:20,Email,New Product Launch,No,2025-02-10
19049,2025-02-10 08:46:10,Search Ads,Winter Sale,No,2025-02-10
55631,2025-02-10 03:12:53,Referral,-,Yes,2025-02-10
53859,2025-02-11 06:09:07,Email,Retargeting,No,2025-02-11
50501,2025-02-10 09:56:25,Direct Traffic,-,Yes,2025-02-10
39460,2025-02-11 22:54:55,Referral,New Product Launch,Yes,2025-02-11
33345,2025-02-11 07:54:04,Referral,Discount Offer,Yes,2025-02-11
17634,2025-02-10 10:39:23,Referral,Retargeting,No,2025-02-10
58481,2025-02-10 15:41:31,Email,-,No,2025-02-10
26763,2025-02-11 19:36:38,Referral,Brand Awareness,Yes,2025-02-11
64204,2025-02-10 09:41:54,Social Media,Discount Offer,Yes,2025-02-10
59072,2025-02-10 18:00:11,Referral,Winter Sale,No,2025-02-10
17726,2025-02-11 16:58:31,Search Ads,Winter Sale,No,2025-02-11
91904,2025-02-10 15:43:57,Referral,Winter Sale,No,2025-02-10
64767,2025-02-11 02:08:48,Direct Traffic,-,Yes,2025-02-11
27589,2025-02-11 04:16:26,Display Ads,Retargeting,Yes,2025-02-11
33601,2025-02-11 10:40:34,Direct Traffic,-,No,2025-02-11
70576,2025-02-10 05:14:24,Display Ads,Winter Sale,Yes,2025-02-10
99566,2025-02-11 16:47:19,Direct Traffic,-,No,2025-02-11
27463,2025-02-10 15:15:19,Display Ads,Retargeting,No,2025-02-10
50636,2025-02-11 21:05:11,Email,New Product Launch,Yes,2025-02-11
37722,2025-02-10 22:05:52,Email,Retargeting,Yes,2025-02-10
26727,2025-02-10 08:46:28,Email,Winter Sale,Yes,2025-02-10
37903,2025-02-11 17:27:24,Display Ads,Discount Offer,No,2025-02-11
65082,2025-02-10 02:28:30,Email,New Product Launch,No,2025-02-10
55176,2025-02-11 08:20:51,Display Ads,Brand Awareness,No,2025-02-11
85486,2025-02-11 01:39:06,Referral,Brand Awareness,No,2025-02-11
83312,2025-02-10 18:06:49,Email,Brand Awareness,No,2025-02-10
63489,2025-02-11 05:05:49,Email,Winter Sale,No,2025-02-11
42030,2025-02-11 19:33:38,Email,Winter Sale,Yes,2025-02-11
58938,2025-02-10 11:53:22,Direct Traffic,-,Yes,2025-02-10
40362,2025-02-11 18:22:37,Direct Traffic,-,Yes,2025-02-11
87642,2025-02-10 10:07:27,Social Media,Retargeting,No,2025-02-10
16758,2025-02-10 21:01:30,Direct Traffic,-,No,2025-02-10
36377,2025-02-10 22:45:33,Direct Traffic,-,No,2025-02-10
15921,2025-02-10 05:11:05,Search Ads,Winter Sale,No,2025-02-10
98320,2025-02-10 07:14:24,Direct Traffic,-,Yes,2025-02-10
95739,2025-02-11 01:36:48,Direct Traffic,-,No,2025-02-11
41377,2025-02-10 23:59:52,Social Media,Brand Awareness,Yes,2025-02-10
35824,2025-02-10 01:02:59,Search Ads,Brand Awareness,No,2025-02-10
63820,2025-02-10 14:26:19,Social Media,New Product Launch,No,2025-02-10
64867,2025-02-11 08:25:26,Direct Traffic,-,No,2025-02-11
88027,2025-02-10 08:33:44,Search Ads,Discount Offer,Yes,2025-02-10
56768,2025-02-10 02:31:38,Social Media,New Product Launch,No,2025-02-10
78604,2025-02-10 08:04:59,Search Ads,Discount Offer,No,2025-02-10
45571,2025-02-10 12:31:20,Social Media,Brand Awareness,No,2025-02-10
55756,2025-02-11 23:23:50,Social Media,Brand Awareness,No,2025-02-11
13399,2025-02-11 17:45:49,Referral,-,Yes,2025-02-11
99937,2025-02-11 21:23:38,Display Ads,Retargeting,No,2025-02-11
42285,2025-02-10 21:03:11,Email,-,Yes,2025-02-10
44261,2025-02-10 05:45:49,Direct Traffic,-,No,2025-02-10
46618,2025-02-11 19:45:22,Social Media,Winter Sale,No,2025-02-11
18298,2025-02-11 14:07:45,Display Ads,-,Yes,2025-02-11
39876,2025-02-11 03:19:37,Direct Traffic,-,Yes,2025-02-11
57455,2025-02-11 07:23:20,Social Media,Brand Awareness,No,2025-02-11
34498,2025-02-10 00:41:37,Referral,Winter Sale,Yes,2025-02-10
90088,2025-02-10 12:42:55,Email,Discount Offer,No,2025-02-10
46592,2025-02-11 18:25:02,Direct Traffic,-,No,2025-02-11
88728,2025-02-10 16:46:00,Email,Retargeting,No,2025-02-10
20895,2025-02-10 10:42:45,Email,Winter Sale,No,2025-02-10
19816,2025-02-11 02:23:08,Email,Brand Awareness,No,2025-02-11
68071,2025-02-11 13:37:42,Referral,Winter Sale,Yes,2025-02-11
43603,2025-02-11 15:25:33,Email,-,Yes,2025-02-11
16304,2025-02-11 15:53:17,Referral,Discount Offer,Yes,2025-02-11
94486,2025-02-11 02:59:42,Search Ads,New Product Launch,No,2025-02-11
67419,2025-02-10 04:32:59,Email,Discount Offer,Yes,2025-02-10
46506,2025-02-11 15:10:43,Search Ads,Discount Offer,Yes,2025-02-11
94548,2025-02-11 08:30:25,Display Ads,Retargeting,No,2025-02-11
43014,2025-02-11 02:29:13,Search Ads,Brand Awareness,No,2025-02-11
24014,2025-02-10 14:56:56,Direct Traffic,-,No,2025-02-10
63367,2025-02-11 07:29:11,Direct Traffic,-,No,2025-02-11
41641,2025-02-10 16:56:10,Direct Traffic,-,No,2025-02-10
29844,2025-02-11 16:41:33,Search Ads,Retargeting,No,2025-02-11
12217,2025-02-10 09:29:16,Social Media,New Product Launch,Yes,2025-02-10
76806,2025-02-10 18:31:30,Social Media,Winter Sale,No,2025-02-10
46662,2025-02-11 00:20:48,Social Media,Brand Awareness,Yes,2025-02-11
82708,2025-02-10 14:48:20,Search Ads,Winter Sale,Yes,2025-02-10
77294,2025-02-10 08:17:42,Direct Traffic,-,Yes,2025-02-10
93078,2025-02-11 09:24:20,Direct Traffic,-,No,2025-02-11
61770,2025-02-10 03:24:24,Referral,New Product Launch,No,2025-02-10
53293,2025-02-10 09:46:18,Search Ads,-,Yes,2025-02-10
51934,2025-02-10 12:56:46,Email,Retargeting,Yes,2025-02-10
93161,2025-02-10 06:00:16,Email,Winter Sale,No,2025-02-10
98133,2025-02-10 06:59:27,Direct Traffic,-,Yes,2025-02-10
44859,2025-02-11 21:37:25,Display Ads,New Product Launch,No,2025-02-11
37554,2025-02-10 10:03:43,Email,-,Yes,2025-02-10
74032,2025-02-11 11:27:13,Social Media,Winter Sale,Yes,2025-02-11
42360,2025-02-11 22:32:53,Referral,Brand Awareness,No,2025-02-11
31643,2025-02-11 17:32:48,Display Ads,Retargeting,Yes,2025-02-11
43052,2025-02-11 01:19:25,Social Media,Retargeting,No,2025-02-11
33077,2025-02-11 00:18:50,Display Ads,Winter Sale,No,2025-02-11
98320,2025-02-11 06:58:57,Direct Traffic,-,Yes,2025-02-11
70016,2025-02-11 14:41:06,Direct Traffic,-,Yes,2025-02-11
55079,2025-02-11 02:24:25,Referral,-,Yes,2025-02-11
74664,2025-02-11 07:43:48,Direct Traffic,-,Yes,2025-02-11
41148,2025-02-11 21:54:54,Search Ads,Retargeting,No,2025-02-11
46988,2025-02-10 11:23:47,Direct Traffic,-,Yes,2025-02-10
32897,2025-02-10 09:17:10,Search Ads,New Product Launch,Yes,2025-02-10
63471,2025-02-10 06:23:35,Display Ads,-,Yes,2025-02-10
88818,2025-02-10 23:18:24,Search Ads,Discount Offer,Yes,2025-02-10
37121,2025-02-10 19:38:41,Email,Retargeting,Yes,2025-02-10
38683,2025-02-11 02:29:48,Direct Traffic,-,No,2025-02-11
21550,2025-02-11 15:07:35,Social Media,Discount Offer,No,2025-02-11
23463,2025-02-10 05:43:02,Search Ads,Discount Offer,No,2025-02-10
61032,2025-02-11 23:33:22,Search Ads,-,No,2025-02-11
19350,2025-02-11 03:31:26,Email,Winter Sale,Yes,2025-02-11
23233,2025-02-10 08:37:49,Search Ads,Retargeting,No,2025-02-10
23486,2025-02-11 09:14:35,Search Ads,-,Yes,2025-02-11
36135,2025-02-11 21:57:31,Referral,Winter Sale,Yes,2025-02-11
35824,2025-02-11 11:59:48,Referral,-,No,2025-02-11
35409,2025-02-10 11:05:30,Referral,Retargeting,Yes,2025-02-10
33497,2025-02-11 05:06:15,Social Media,Winter Sale,No,2025-02-11
85049,2025-02-10 21:29:27,Direct Traffic,-,No,2025-02-10
15241,2025-02-11 19:56:21,Social Media,Retargeting,No,2025-02-11
58969,2025-02-11 04:54:54,Social Media,Discount Offer,Yes,2025-02-11
84928,2025-02-10 09:46:48,Direct Traffic,-,Yes,2025-02-10
64075,2025-02-10 09:11:39,Email,Retargeting,Yes,2025-02-10
52689,2025-02-10 15:29:41,Display Ads,Discount Offer,No,2025-02-10
33999,2025-02-10 19:52:32,Email,Winter Sale,Yes,2025-02-10
96872,2025-02-11 23:32:16,Email,Discount Offer,No,2025-02-11
86558,2025-02-11 13:33:58,Social Media,Winter Sale,Yes,2025-02-11
74738,2025-02-10 06:33:22,Referral,Brand Awareness,Yes,2025-02-10
42325,2025-02-11 09:12:23,Social Media,Brand Awareness,No,2025-02-11
76601,2025-02-10 04:01:46,Display Ads,New Product Launch,Yes,2025-02-10
83153,2025-02-10 23:17:02,Direct Traffic,-,Yes,2025-02-10
18955,2025-02-11 21:07:21,Search Ads,Discount Offer,Yes,2025-02-11
11661,2025-02-10 21:12:22,Display Ads,Brand Awareness,Yes,2025-02-10
79091,2025-02-10 06:31:34,Social Media,New Product Launch,Yes,2025-02-10
33077,2025-02-11 05:47:10,Display Ads,Retargeting,Yes,2025-02-11
86112,2025-02-11 21:57:06,Direct Traffic,-,No,2025-02-11
69775,2025-02-10 10:53:44,Email,New Product Launch,Yes,2025-02-10
30675,2025-02-10 15:26:29,Direct Traffic,-,Yes,2025-02-10
71827,2025-02-10 07:44:58,Direct Traffic,-,No,2025-02-10
89500,2025-02-10 00:16:58,Direct Traffic,-,Yes,2025-02-10
36858,2025-02-11 01:42:24,Search Ads,Retargeting,Yes,2025-02-11
48990,2025-02-10 07:22:52,Social Media,Brand Awareness,No,2025-02-10
53707,2025-02-10 13:20:22,Display Ads,New Product Launch,No,2025-02-10
85587,2025-02-11 00:08:44,Referral,Brand Awareness,No,2025-02-11
48088,2025-02-11 21:41:31,Direct Traffic,-,No,2025-02-11
32477,2025-02-10 09:42:50,Display Ads,-,Yes,2025-02-10
27778,2025-02-10 11:52:49,Direct Traffic,-,No,2025-02-10
51399,2025-02-10 17:10:13,Social Media,Winter Sale,No,2025-02-10
90131,2025-02-11 14:10:26,Email,Discount Offer,Yes,2025-02-11
30675,2025-02-11 23:04:17,Email,Retargeting,Yes,2025-02-11
48115,2025-02-11 22:11:25,Display Ads,Discount Offer,No,2025-02-11
80481,2025-02-11 04:14:12,Social Media,Discount Offer,Yes,2025-02-11
62324,2025-02-10 10:07:54,Social Media,Discount Offer,No,2025-02-10
70237,2025-02-10 20:07:59,Referral,New Product Launch,No,2025-02-10
18955,2025-02-11 22:38:06,Email,-,No,2025-02-11
81711,2025-02-10 04:36:41,Referral,Winter Sale,No,2025-02-10
86889,2025-02-11 23:46:46,Display Ads,New Product Launch,Yes,2025-02-11
87228,2025-02-11 10:56:54,Display Ads,New Product Launch,Yes,2025-02-11
73457,2025-02-11 01:34:33,Direct Traffic,-,No,2025-02-11
64159,2025-02-11 09:39:17,Search Ads,Brand Awareness,No,2025-02-11
80739,2025-02-10 18:20:37,Referral,Winter Sale,No,2025-02-10
51640,2025-02-10 07:13:48,Display Ads,Brand Awareness,No,2025-02-10
53313,2025-02-11 09:22:00,Social Media,Discount Offer,Yes,2025-02-11
72561,2025-02-10 17:10:22,Social Media,Brand Awareness,Yes,2025-02-10
37270,2025-02-11 19:28:40,Display Ads,Retargeting,Yes,2025-02-11
13967,2025-02-11 18:43:55,Social Media,Brand Awareness,Yes,2025-02-11
67454,2025-02-11 18:33:36,Direct Traffic,-,No,2025-02-11
98411,2025-02-11 05:21:38,Search Ads,Discount Offer,No,2025-02-11
35887,2025-02-11 19:29:29,Email,-,Yes,2025-02-11
34300,2025-02-10 10:40:09,Direct Traffic,-,Yes,2025-02-10
38173,2025-02-10 08:06:15,Social Media,New Product Launch,Yes,2025-02-10
89793,2025-02-11 00:05:46,Direct Traffic,-,Yes,2025-02-11
37002,2025-02-11 12:43:44,Social Media,-,Yes,2025-02-11
35216,2025-02-11 18:11:19,Display Ads,Discount Offer,No,2025-02-11
75137,2025-02-10 19:07:45,Email,New Product Launch,No,2025-02-10
63712,2025-02-10 02:53:30,Email,-,No,2025-02-10
90047,2025-02-11 07:02:16,Search Ads,Winter Sale,Yes,2025-02-11
53859,2025-02-10 23:03:34,Social Media,Winter Sale,No,2025-02-10
52282,2025-02-11 20:22:01,Display Ads,Winter Sale,Yes,2025-02-11
62579,2025-02-11 23:35:00,Display Ads,New Product Launch,No,2025-02-11
56128,2025-02-10 08:00:31,Display Ads,-,Yes,2025-02-10
48990,2025-02-11 23:11:21,Direct Traffic,-,No,2025-02-11
20524,2025-02-10 20:07:06,Display Ads,Winter Sale,Yes,2025-02-10
68849,2025-02-10 06:31:26,Referral,New Product Launch,Yes,2025-02-10
85152,2025-02-11 11:14:47,Search Ads,Winter Sale,No,2025-02-11
75804,2025-02-10 14:40:34,Direct Traffic,-,No,2025-02-10
25615,2025-02-10 18:14:35,Social Media,Discount Offer,No,2025-02-10
61578,2025-02-10 21:52:31,Search Ads,Winter Sale,No,2025-02-10
25254,2025-02-11 17:01:11,Email,-,No,2025-02-11
10925,2025-02-10 08:24:46,Search Ads,Discount Offer,No,2025-02-10
99995,2025-02-10 18:37:12,Referral,Retargeting,No,2025-02-10
64263,2025-02-10 06:00:03,Search Ads,Winter Sale,No,2025-02-10
42818,2025-02-11 14:30:26,Search Ads,Discount Offer,No,2025-02-11
76957,2025-02-11 12:23:40,Referral,Discount Offer,Yes,2025-02-11
57793,2025-02-10 04:50:02,Referral,Discount Offer,Yes,2025-02-10
44827,2025-02-11 13:42:48,Search Ads,Brand Awareness,Yes,2025-02-11
49673,2025-02-10 10:23:27,Social Media,Retargeting,No,2025-02-10
49128,2025-02-10 12:01:46,Referral,Brand Awareness,No,2025-02-10
32692,2025-02-11 19:01:08,Referral,New Product Launch,No,2025-02-11
46911,2025-02-10 00:53:12,Search Ads,Discount Offer,No,2025-02-10
30694,2025-02-10 04:47:37,Social Media,New Product Launch,No,2025-02-10
72122,2025-02-11 19:02:54,Display Ads,Brand Awareness,Yes,2025-02-11
48867,2025-02-10 04:12:59,Referral,Discount Offer,No,2025-02-10
46334,2025-02-10 06:50:49,Direct Traffic,-,No,2025-02-10
65514,2025-02-11 06:55:01,Direct Traffic,-,No,2025-02-11
57793,2025-02-11 03:19:21,Direct Traffic,-,Yes,2025-02-11
73141,2025-02-11 12:24:50,Display Ads,New Product Launch,Yes,2025-02-11
13771,2025-02-10 03:20:33,Display Ads,Discount Offer,No,2025-02-10
65626,2025-02-11 10:09:41,Display Ads,Brand Awareness,No,2025-02-11
93227,2025-02-10 15:37:54,Search Ads,Brand Awareness,Yes,2025-02-10
92234,2025-02-11 11:18:56,Referral,-,Yes,2025-02-11
90635,2025-02-11 02:02:15,Referral,New Product Launch,No,2025-02-11
67722,2025-02-11 09:30:02,Display Ads,Discount Offer,Yes,2025-02-11
29809,2025-02-11 04:48:16,Direct Traffic,-,No,2025-02-11
20916,2025-02-10 12:22:06,Referral,Discount Offer,Yes,2025-02-10
51934,2025-02-10 23:31:29,Social Media,Retargeting,No,2025-02-10
36427,2025-02-10 17:47:50,Search Ads,Winter Sale,No,2025-02-10
53947,2025-02-10 11:54:13,Referral,Winter Sale,Yes,2025-02-10
85422,2025-02-11 10:53:40,Email,New Product Launch,No,2025-02-11
29206,2025-02-10 23:01:25,Direct Traffic,-,Yes,2025-02-10
41004,2025-02-11 10:10:58,Referral,Retargeting,Yes,2025-02-11
22923,2025-02-11 19:39:14,Social Media,Retargeting,Yes,2025-02-11
78604,2025-02-11 14:52:05,Search Ads,Discount Offer,No,2025-02-11
10654,2025-02-11 09:46:28,Direct Traffic,-,Yes,2025-02-11
92043,2025-02-11 03:47:27,Direct Traffic,-,Yes,2025-02-11
38491,2025-02-11 03:47:27,Direct Traffic,-,No,2025-02-11
13426,2025-02-10 17:04:11,Referral,New Product Launch,No,2025-02-10
62558,2025-02-11 22:15:05,Referral,Retargeting,No,2025-02-11
57943,2025-02-10 18:45:31,Search Ads,Winter Sale,No,2025-02-10
44099,2025-02-11 15:36:33,Direct Traffic,-,Yes,2025-02-11
67466,2025-02-11 09:28:45,Search Ads,Discount Offer,No,2025-02-11
86296,2025-02-11 02:13:29,Direct Traffic,-,No,2025-02-11
37648,2025-02-11 08:51:36,Search Ads,Brand Awareness,Yes,2025-02-11
21484,2025-02-10 20:57:37,Email,New Product Launch,No,2025-02-10
76967,2025-02-11 23:17:50,Search Ads,Winter Sale,Yes,2025-02-11
89395,2025-02-10 01:38:21,Referral,Brand Awareness,Yes,2025-02-10
39588,2025-02-10 21:22:52,Direct Traffic,-,Yes,2025-02-10
45148,2025-02-10 05:54:19,Social Media,Brand Awareness,No,2025-02-10
57951,2025-02-11 23:49:27,Social Media,Winter Sale,No,2025-02-11
49789,2025-02-10 22:19:06,Direct Traffic,-,Yes,2025-02-10
34310,2025-02-11 08:34:22,Direct Traffic,-,Yes,2025-02-11
39131,2025-02-10 21:41:34,Email,New Product Launch,No,2025-02-10
55227,2025-02-10 00:33:18,Referral,Brand Awareness,Yes,2025-02-10
41901,2025-02-10 00:45:50,Display Ads,Retargeting,No,2025-02-10
73762,2025-02-10 17:17:18,Direct Traffic,-,Yes,2025-02-10
85049,2025-02-11 08:48:09,Direct Traffic,-,No,2025-02-11
16713,2025-02-11 23:16:23,Email,New Product Launch,No,2025-02-11
82427,2025-02-11 06:18:03,Display Ads,Winter Sale,No,2025-02-11
56987,2025-02-11 02:38:14,Social Media,-,Yes,2025-02-11
31631,2025-02-11 01:17:08,Referral,New Product Launch,No,2025-02-11
56169,2025-02-10 11:32:17,Referral,Retargeting,Yes,2025-02-10
86578,2025-02-10 23:21:53,Email,Discount Offer,No,2025-02-10
64956,2025-02-11 21:38:10,Search Ads,Brand Awareness,No,2025-02-11
28481,2025-02-10 19:33:33,Email,Winter Sale,Yes,2025-02-10
25959,2025-02-10 10:04:48,Display Ads,Discount Offer,Yes,2025-02-10
55446,2025-02-11 06:23:56,Email,Brand Awareness,Yes,2025-02-11
54531,2025-02-10 15:55:30,Referral,Brand Awareness,Yes,2025-02-10
88061,2025-02-10 13:42:29,Social Media,-,Yes,2025-02-10
14377,2025-02-11 14:21:52,Email,Retargeting,No,2025-02-11
58969,2025-02-11 21:33:27,Social Media,Discount Offer,Yes,2025-02-11
58795,2025-02-11 12:34:03,Search Ads,Winter Sale,Yes,2025-02-11
69729,2025-02-11 13:08:01,Social Media,-,No,2025-02-11
79192,2025-02-10 11:44:33,Referral,-,Yes,2025-02-10
60456,2025-02-10 21:32:00,Social Media,Discount Offer,No,2025-02-10
41411,2025-02-11 00:23:14,Referral,Retargeting,No,2025-02-11
24810,2025-02-10 07:27:47,Display Ads,New Product Launch,Yes,2025-02-10
85309,2025-02-11 06:53:05,Referral,Discount Offer,Yes,2025-02-11
33991,2025-02-10 01:11:18,Social Media,New Product Launch,Yes,2025-02-10
26783,2025-02-10 22:26:26,Search Ads,New Product Launch,No,2025-02-10
63551,2025-02-11 14:10:36,Social Media,Retargeting,Yes,2025-02-11
88728,2025-02-10 01:25:28,Display Ads,Retargeting,Yes,2025-02-10
11257,2025-02-10 20:24:51,Social Media,Brand Awareness,Yes,2025-02-10
51786,2025-02-11 20:13:06,Search Ads,Discount Offer,No,2025-02-11
22358,2025-02-10 02:24:49,Social Media,Brand Awareness,Yes,2025-02-10
54301,2025-02-10 11:06:00,Direct Traffic,-,Yes,2025-02-10
95608,2025-02-11 11:27:09,Email,New Product Launch,Yes,2025-02-11
98152,2025-02-11 09:04:38,Direct Traffic,-,Yes,2025-02-11
59319,2025-02-11 00:56:24,Social Media,Brand Awareness,Yes,2025-02-11
60226,2025-02-11 22:53:14,Search Ads,-,No,2025-02-11
92445,2025-02-11 19:15:54,Email,New Product Launch,No,2025-02-11
88187,2025-02-10 20:32:03,Social Media,Brand Awareness,Yes,2025-02-10
96473,2025-02-11 08:56:31,Social Media,Brand Awareness,No,2025-02-11
54766,2025-02-10 07:41:03,Email,Brand Awareness,Yes,2025-02-10
45652,2025-02-10 17:25:06,Email,-,No,2025-02-10
46221,2025-02-11 03:28:02,Direct Traffic,-,Yes,2025-02-11
35961,2025-02-10 01:28:19,Email,New Product Launch,No,2025-02-10
69737,2025-02-11 14:34:10,Direct Traffic,-,Yes,2025-02-11
10415,2025-02-11 09:28:54,Email,Discount Offer,Yes,2025-02-11
76645,2025-02-10 00:08:24,Direct Traffic,-,Yes,2025-02-10
81316,2025-02-11 12:47:49,Display Ads,Retargeting,No,2025-02-11
16566,2025-02-11 21:16:40,Direct Traffic,-,Yes,2025-02-11
10665,2025-02-10 03:47:31,Referral,Winter Sale,Yes,2025-02-10
89703,2025-02-11 22:31:38,Referral,-,Yes,2025-02-11
21690,2025-02-11 03:49:13,Display Ads,Discount Offer,No,2025-02-11
60772,2025-02-11 03:55:37,Email,Discount Offer,No,2025-02-11
17714,2025-02-11 05:04:17,Social Media,New Product Launch,Yes,2025-02-11
69316,2025-02-11 15:15:50,Direct Traffic,-,No,2025-02-11
16536,2025-02-10 18:31:13,Display Ads,Discount Offer,No,2025-02-10
97780,2025-02-11 15:58:02,Direct Traffic,-,No,2025-02-11
25303,2025-02-10 14:47:26,Email,Winter Sale,No,2025-02-10
39702,2025-02-10 14:35:24,Display Ads,-,Yes,2025-02-10
90213,2025-02-10 19:14:59,Display Ads,-,No,2025-02-10
21667,2025-02-11 13:24:36,Referral,Retargeting,Yes,2025-02-11
93802,2025-02-11 08:33:17,Direct Traffic,-,No,2025-02-11
18981,2025-02-11 04:06:57,Referral,Brand Awareness,No,2025-02-11
87153,2025-02-11 23:18:52,Email,New Product Launch,No,2025-02-11
60487,2025-02-10 18:13:11,Social Media,-,Yes,2025-02-10
83149,2025-02-10 00:03:53,Search Ads,Winter Sale,No,2025-02-10
47735,2025-02-11 12:16:40,Direct Traffic,-,No,2025-02-11
26644,2025-02-11 13:57:44,Social Media,Brand Awareness,Yes,2025-02-11
48324,2025-02-10 16:53:51,Display Ads,New Product Launch,Yes,2025-02-10
26085,2025-02-10 10:18:38,Referral,Retargeting,Yes,2025-02-10
50840,2025-02-10 10:48:43,Referral,Winter Sale,Yes,2025-02-10
70576,2025-02-11 12:12:57,Search Ads,Retargeting,No,2025-02-11
59480,2025-02-11 15:58:17,Social Media,Discount Offer,No,2025-02-11
97915,2025-02-10 09:22:16,Email,Winter Sale,Yes,2025-02-10
56912,2025-02-10 22:24:01,Referral,Winter Sale,No,2025-02-10
41935,2025-02-11 11:32:39,Social Media,-,Yes,2025-02-11
23968,2025-02-11 06:32:34,Search Ads,Discount Offer,No,2025-02-11
21628,2025-02-11 23:57:52,Referral,Retargeting,No,2025-02-11
59576,2025-02-11 03:42:24,Email,Retargeting,Yes,2025-02-11
57389,2025-02-11 08:11:19,Email,-,Yes,2025-02-11
58945,2025-02-10 15:18:46,Search Ads,Retargeting,No,2025-02-10
99618,2025-02-10 09:25:03,Search Ads,Brand Awareness,Yes,2025-02-10
90546,2025-02-10 12:45:36,Social Media,Winter Sale,No,2025-02-10
29015,2025-02-10 04:57:09,Direct Traffic,-,Yes,2025-02-10
96454,2025-02-10 21:33:11,Referral,Brand Awareness,Yes,2025-02-10
72118,2025-02-11 19:04:38,Search Ads,Retargeting,Yes,2025-02-11
79823,2025-02-10 19:54:49,Direct Traffic,-,No,2025-02-10
85419,2025-02-10 09:27:28,Direct Traffic,-,No,2025-02-10
29809,2025-02-11 19:55:36,Referral,Brand Awareness,Yes,2025-02-11
87025,2025-02-11 06:32:20,Direct Traffic,-,Yes,2025-02-11
16659,2025-02-11 17:18:17,Social Media,-,No,2025-02-11
82338,2025-02-11 05:37:12,Email,-,Yes,2025-02-11
12350,2025-02-10 20:53:34,Direct Traffic,-,Yes,2025-02-10
28297,2025-02-10 21:43:18,Email,Winter Sale,No,2025-02-10
88072,2025-02-10 15:39:53,Display Ads,Winter Sale,No,2025-02-10
75595,2025-02-10 19:55:03,Social Media,-,Yes,2025-02-10
94106,2025-02-10 15:07:38,Referral,-,Yes,2025-02-10
87228,2025-02-11 21:00:02,Display Ads,Brand Awareness,No,2025-02-11
61019,2025-02-10 21:17:18,Display Ads,Winter Sale,No,2025-02-10
27730,2025-02-10 05:22:00,Email,Discount Offer,No,2025-02-10
85343,2025-02-11 16:13:03,Direct Traffic,-,Yes,2025-02-11
97881,2025-02-11 07:35:47,Referral,Brand Awareness,No,2025-02-11
26727,2025-02-11 19:51:56,Social Media,New Product Launch,No,2025-02-11
94646,2025-02-11 19:48:16,Referral,Discount Offer,Yes,2025-02-11
98655,2025-02-10 16:03:22,Search Ads,Winter Sale,Yes,2025-02-10
68180,2025-02-11 02:05:32,Email,New Product Launch,No,2025-02-11
60798,2025-02-11 10:08:11,Social Media,-,Yes,2025-02-11
23927,2025-02-11 11:16:55,Direct Traffic,-,No,2025-02-11
88708,2025-02-11 21:53:09,Search Ads,Winter Sale,No,2025-02-11
75208,2025-02-11 07:30:49,Display Ads,Discount Offer,No,2025-02-11
89770,2025-02-11 16:51:23,Search Ads,-,No,2025-02-11
10095,2025-02-11 23:24:48,Referral,-,Yes,2025-02-11
79268,2025-02-11 15:08:19,Email,Discount Offer,No,2025-02-11
61358,2025-02-11 23:47:14,Search Ads,Retargeting,No,2025-02-11
28385,2025-02-10 01:41:11,Referral,Winter Sale,Yes,2025-02-10
83481,2025-02-10 01:46:49,Display Ads,Winter Sale,Yes,2025-02-10
10167,2025-02-10 03:16:22,Social Media,Retargeting,No,2025-02-10
90125,2025-02-10 02:31:58,Social Media,-,No,2025-02-10
38043,2025-02-11 00:25:27,Social Media,Brand Awareness,No,2025-02-11
48902,2025-02-11 00:44:49,Social Media,New Product Launch,No,2025-02-11
99321,2025-02-10 21:23:25,Referral,New Product Launch,No,2025-02-10
61062,2025-02-10 20:49:03,Social Media,New Product Launch,Yes,2025-02-10
26664,2025-02-11 23:36:29,Social Media,New Product Launch,Yes,2025-02-11
27778,2025-02-11 18:48:58,Direct Traffic,-,Yes,2025-02-11
24761,2025-02-11 00:17:39,Search Ads,Retargeting,Yes,2025-02-11
56016,2025-02-10 06:37:51,Search Ads,-,Yes,2025-02-10
56961,2025-02-11 19:00:24,Email,Retargeting,No,2025-02-11
89901,2025-02-11 19:15:00,Direct Traffic,-,Yes,2025-02-11
72532,2025-02-10 20:50:04,Email,Winter Sale,No,2025-02-10
29031,2025-02-10 05:07:56,Direct Traffic,-,Yes,2025-02-10
61146,2025-02-10 00:58:58,Direct Traffic,-,No,2025-02-10
36427,2025-02-10 12:53:46,Display Ads,Discount Offer,Yes,2025-02-10
92785,2025-02-11 09:38:13,Email,New Product Launch,No,2025-02-11
82505,2025-02-10 18:14:44,Social Media,-,Yes,2025-02-10
69282,2025-02-10 08:56:37,Email,New Product Launch,No,2025-02-10
61537,2025-02-10 18:13:34,Referral,Discount Offer,Yes,2025-02-10
73951,2025-02-11 20:18:05,Search Ads,Retargeting,Yes,2025-02-11
31679,2025-02-10 05:08:01,Email,Winter Sale,Yes,2025-02-10
46321,2025-02-10 08:40:37,Display Ads,Winter Sale,No,2025-02-10
98310,2025-02-10 06:15:11,Display Ads,Discount Offer,No,2025-02-10
70659,2025-02-11 23:26:48,Referral,Brand Awareness,No,2025-02-11
55894,2025-02-10 14:34:47,Direct Traffic,-,Yes,2025-02-10
70502,2025-02-10 07:48:55,Social Media,-,Yes,2025-02-10
73132,2025-02-10 04:23:27,Email,Brand Awareness,No,2025-02-10
45476,2025-02-10 22:48:45,Email,New Product Launch,Yes,2025-02-10
91203,2025-02-11 18:57:05,Display Ads,Discount Offer,Yes,2025-02-11
59198,2025-02-10 22:43:46,Email,Retargeting,Yes,2025-02-10
28511,2025-02-10 02:36:51,Display Ads,Brand Awareness,No,2025-02-10
56094,2025-02-10 16:47:30,Display Ads,Discount Offer,Yes,2025-02-10
33843,2025-02-11 10:08:59,Social Media,-,No,2025-02-11
75656,2025-02-10 03:46:36,Email,Winter Sale,No,2025-02-10
34937,2025-02-11 11:22:31,Direct Traffic,-,No,2025-02-11
63685,2025-02-11 11:29:40,Display Ads,Winter Sale,Yes,2025-02-11
25170,2025-02-11 21:01:10,Social Media,Brand Awareness,No,2025-02-11
40368,2025-02-10 07:28:11,Direct Traffic,-,No,2025-02-10
71753,2025-02-10 23:23:26,Email,Winter Sale,No,2025-02-10
25290,2025-02-11 00:54:57,Referral,Discount Offer,Yes,2025-02-11
99794,2025-02-11 21:36:16,Search Ads,Winter Sale,No,2025-02-11
94070,2025-02-11 17:33:23,Referral,Brand Awareness,No,2025-02-11
41850,2025-02-10 11:05:48,Social Media,-,Yes,2025-02-10
74884,2025-02-10 15:01:56,Direct Traffic,-,Yes,2025-02-10
53163,2025-02-11 15:57:26,Referral,Retargeting,Yes,2025-02-11
29719,2025-02-10 21:21:20,Email,Winter Sale,No,2025-02-10
64781,2025-02-10 21:47:50,Search Ads,Retargeting,Yes,2025-02-10
91157,2025-02-10 06:09:00,Social Media,-,No,2025-02-10
98273,2025-02-11 19:10:17,Social Media,Winter Sale,No,2025-02-11
83965,2025-02-10 11:02:52,Referral,Retargeting,Yes,2025-02-10
64177,2025-02-11 18:21:34,Search Ads,Retargeting,No,2025-02-11
60859,2025-02-10 00:44:05,Direct Traffic,-,Yes,2025-02-10
48867,2025-02-10 00:02:15,Referral,-,Yes,2025-02-10
68119,2025-02-10 20:41:17,Direct Traffic,-,Yes,2025-02-10
38392,2025-02-11 02:06:55,Search Ads,Retargeting,Yes,2025-02-11
31012,2025-02-10 09:59:33,Display Ads,Retargeting,Yes,2025-02-10
98275,2025-02-11 09:47:39,Display Ads,Retargeting,No,2025-02-11
15190,2025-02-10 02:48:18,Direct Traffic,-,Yes,2025-02-10
98273,2025-02-10 15:02:47,Referral,Retargeting,No,2025-02-10
66748,2025-02-10 07:21:47,Direct Traffic,-,No,2025-02-10
18444,2025-02-11 13:01:44,Email,Discount Offer,Yes,2025-02-11
13771,2025-02-11 21:24:40,Direct Traffic,-,Yes,2025-02-11
21537,2025-02-11 06:36:15,Direct Traffic,-,No,2025-02-11
30087,2025-02-11 14:27:12,Email,-,No,2025-02-11
20853,2025-02-10 12:25:48,Email,-,Yes,2025-02-10
64488,2025-02-10 15:06:11,Search Ads,Retargeting,No,2025-02-10
15176,2025-02-11 06:40:41,Display Ads,Winter Sale,No,2025-02-11
83923,2025-02-11 07:03:35,Display Ads,Retargeting,Yes,2025-02-11
60684,2025-02-11 07:36:52,Social Media,Winter Sale,Yes,2025-02-11
31703,2025-02-11 06:19:42,Email,Brand Awareness,Yes,2025-02-11
43767,2025-02-10 01:55:05,Referral,-,Yes,2025-02-10
82862,2025-02-10 21:08:33,Email,Winter Sale,No,2025-02-10
54301,2025-02-10 02:42:27,Direct Traffic,-,No,2025-02-10
42012,2025-02-11 21:49:28,Direct Traffic,-,No,2025-02-11
40011,2025-02-10 14:05:12,Referral,Winter Sale,Yes,2025-02-10
72892,2025-02-11 15:39:42,Display Ads,New Product Launch,Yes,2025-02-11
90472,2025-02-11 19:46:32,Search Ads,Brand Awareness,Yes,2025-02-11
19385,2025-02-10 16:25:48,Social Media,Winter Sale,Yes,2025-02-10
26401,2025-02-10 04:40:32,Direct Traffic,-,Yes,2025-02-10
73762,2025-02-10 22:39:55,Direct Traffic,-,No,2025-02-10
67914,2025-02-11 08:33:46,Search Ads,-,No,2025-02-11
15535,2025-02-11 21:26:08,Email,Discount Offer,Yes,2025-02-11
45564,2025-02-10 15:03:58,Search Ads,Brand Awareness,Yes,2025-02-10
52472,2025-02-11 06:49:29,Direct Traffic,-,Yes,2025-02-11
24161,2025-02-10 16:13:39,Email,Discount Offer,Yes,2025-02-10
59899,2025-02-10 02:55:47,Email,Discount Offer,Yes,2025-02-10
45476,2025-02-10 11:20:32,Display Ads,Winter Sale,Yes,2025-02-10
40937,2025-02-11 03:52:26,Referral,New Product Launch,No,2025-02-11
36135,2025-02-11 06:23:30,Display Ads,-,Yes,2025-02-11
78882,2025-02-10 00:02:00,Search Ads,-,Yes,2025-02-10
83286,2025-02-11 10:50:12,Social Media,Retargeting,No,2025-02-11
72819,2025-02-10 13:58:51,Email,Brand Awareness,Yes,2025-02-10
29877,2025-02-11 05:50:24,Display Ads,Retargeting,No,2025-02-11
10374,2025-02-11 12:58:04,Search Ads,New Product Launch,No,2025-02-11
19971,2025-02-11 05:30:13,Direct Traffic,-,No,2025-02-11
83481,2025-02-11 17:28:48,Display Ads,Retargeting,No,2025-02-11
68615,2025-02-10 04:29:54,Email,Retargeting,Yes,2025-02-10
13967,2025-02-11 03:51:53,Email,Winter Sale,Yes,2025-02-11
90700,2025-02-10 11:53:14,Display Ads,Winter Sale,No,2025-02-10
55224,2025-02-11 04:36:52,Referral,New Product Launch,No,2025-02-11
18152,2025-02-11 15:52:44,Email,Brand Awareness,Yes,2025-02-11
20853,2025-02-11 21:03:57,Search Ads,Brand Awareness,No,2025-02-11
22669,2025-02-10 23:22:16,Search Ads,Winter Sale,No,2025-02-10
80471,2025-02-11 14:49:25,Display Ads,Discount Offer,Yes,2025-02-11
34608,2025-02-10 04:09:05,Display Ads,New Product Launch,Yes,2025-02-10
70378,2025-02-10 06:56:34,Display Ads,New Product Launch,No,2025-02-10
41667,2025-02-10 05:26:37,Referral,Brand Awareness,Yes,2025-02-10
73105,2025-02-11 17:23:46,Social Media,Retargeting,No,2025-02-11
28459,2025-02-10 08:13:05,Email,Winter Sale,No,2025-02-10
54821,2025-02-11 17:20:46,Direct Traffic,-,No,2025-02-11
40597,2025-02-10 04:25:15,Social Media,Discount Offer,Yes,2025-02-10
33189,2025-02-11 13:37:00,Search Ads,Retargeting,Yes,2025-02-11
26021,2025-02-10 01:56:34,Direct Traffic,-,No,2025-02-10
46618,2025-02-11 00:22:52,Display Ads,-,Yes,2025-02-11
25617,2025-02-10 02:32:51,Display Ads,New Product Launch,Yes,2025-02-10
46592,2025-02-11 12:28:51,Search Ads,Winter Sale,Yes,2025-02-11
25725,2025-02-10 16:56:02,Search Ads,-,Yes,2025-02-10
92914,2025-02-10 00:39:21,Email,New Product Launch,Yes,2025-02-10
89395,2025-02-10 21:53:41,Display Ads,New Product Launch,Yes,2025-02-10
95886,2025-02-11 06:31:54,Referral,-,No,2025-02-11
43721,2025-02-11 13:17:12,Direct Traffic,-,Yes,2025-02-11
89556,2025-02-11 01:09:41,Direct Traffic,-,Yes,2025-02-11
30339,2025-02-10 19:43:12,Direct Traffic,-,No,2025-02-10
94486,2025-02-11 16:32:29,Display Ads,Brand Awareness,No,2025-02-11
97804,2025-02-11 07:30:26,Social Media,Winter Sale,Yes,2025-02-11
41874,2025-02-10 01:04:27,Search Ads,Winter Sale,No,2025-02-10
72577,2025-02-10 03:45:30,Email,Brand Awareness,No,2025-02-10
99995,2025-02-10 23:46:04,Display Ads,Discount Offer,No,2025-02-10
70659,2025-02-10 12:17:03,Display Ads,Retargeting,No,2025-02-10
89953,2025-02-10 03:17:48,Social Media,Retargeting,Yes,2025-02-10
40880,2025-02-10 20:58:59,Referral,New Product Launch,No,2025-02-10
71026,2025-02-11 11:27:07,Email,Retargeting,No,2025-02-11
82798,2025-02-11 14:49:54,Email,New Product Launch,Yes,2025-02-11
28171,2025-02-10 08:00:55,Direct Traffic,-,No,2025-02-10
53232,2025-02-10 18:54:50,Referral,Brand Awareness,No,2025-02-10
74534,2025-02-10 18:09:08,Direct Traffic,-,Yes,2025-02-10
64877,2025-02-10 00:29:52,Social Media,Discount Offer,Yes,2025-02-10
79192,2025-02-11 13:56:59,Email,-,Yes,2025-02-11
98520,2025-02-10 10:12:33,Direct Traffic,-,No,2025-02-10
17634,2025-02-11 17:45:32,Direct Traffic,-,No,2025-02-11
64440,2025-02-10 01:43:57,Display Ads,Retargeting,No,2025-02-10
10068,2025-02-11 11:39:02,Search Ads,New Product Launch,Yes,2025-02-11
40739,2025-02-11 18:25:11,Referral,Winter Sale,Yes,2025-02-11
69194,2025-02-10 08:59:14,Referral,New Product Launch,Yes,2025-02-10
66625,2025-02-11 14:43:44,Display Ads,Discount Offer,No,2025-02-11
89769,2025-02-10 04:18:20,Display Ads,Discount Offer,Yes,2025-02-10
81244,2025-02-11 21:23:14,Referral,Retargeting,No,2025-02-11
33593,2025-02-11 01:50:46,Display Ads,Brand Awareness,Yes,2025-02-11
34780,2025-02-10 15:35:05,Social Media,Retargeting,No,2025-02-10
33822,2025-02-11 18:29:07,Referral,Discount Offer,No,2025-02-11
57389,2025-02-10 21:55:55,Search Ads,Brand Awareness,No,2025-02-10
89132,2025-02-11 17:21:37,Display Ads,-,No,2025-02-11
18443,2025-02-11 07:48:55,Search Ads,Winter Sale,No,2025-02-11
88187,2025-02-10 00:22:23,Email,Discount Offer,Yes,2025-02-10
53599,2025-02-11 05:56:32,Email,New Product Launch,Yes,2025-02-11
57949,2025-02-11 22:49:38,Email,Retargeting,No,2025-02-11
17272,2025-02-11 10:05:21,Email,Retargeting,Yes,2025-02-11
91442,2025-02-11 12:33:33,Search Ads,Retargeting,Yes,2025-02-11
87642,2025-02-11 12:54:48,Search Ads,Winter Sale,No,2025-02-11
51208,2025-02-10 05:53:30,Referral,-,No,2025-02-10
33975,2025-02-10 02:46:59,Referral,Brand Awareness,Yes,2025-02-10
74413,2025-02-11 20:54:08,Referral,Retargeting,Yes,2025-02-11
67398,2025-02-10 03:37:23,Display Ads,Retargeting,No,2025-02-10
25544,2025-02-10 13:37:41,Email,-,No,2025-02-10
17761,2025-02-10 20:09:41,Referral,Retargeting,Yes,2025-02-10
17478,2025-02-11 13:20:12,Display Ads,-,Yes,2025-02-11
86715,2025-02-10 07:34:03,Email,Brand Awareness,Yes,2025-02-10
33578,2025-02-11 02:50:02,Referral,Retargeting,No,2025-02-11
28721,2025-02-11 15:45:38,Search Ads,New Product Launch,No,2025-02-11
32900,2025-02-10 10:47:10,Email,Retargeting,Yes,2025-02-10
29809,2025-02-10 10:44:48,Direct Traffic,-,No,2025-02-10
39049,2025-02-10 03:43:05,Search Ads,Winter Sale,No,2025-02-10
87245,2025-02-11 19:12:10,Referral,-,No,2025-02-11
31763,2025-02-10 05:15:14,Search Ads,-,No,2025-02-10
55099,2025-02-10 09:55:43,Referral,New Product Launch,Yes,2025-02-10
39185,2025-02-11 20:38:27,Display Ads,Discount Offer,No,2025-02-11
53088,2025-02-10 02:12:43,Display Ads,Retargeting,Yes,2025-02-10
59576,2025-02-10 02:15:40,Display Ads,Discount Offer,Yes,2025-02-10
49478,2025-02-11 04:36:08,Direct Traffic,-,No,2025-02-11
20853,2025-02-10 02:55:13,Display Ads,Brand Awareness,No,2025-02-10
72815,2025-02-10 17:19:49,Search Ads,Brand Awareness,Yes,2025-02-10
78381,2025-02-11 20:41:12,Social Media,Discount Offer,No,2025-02-11
72843,2025-02-11 12:33:32,Display Ads,Winter Sale,Yes,2025-02-11
28623,2025-02-11 17:56:04,Referral,Discount Offer,Yes,2025-02-11
40133,2025-02-10 02:06:58,Email,Winter Sale,No,2025-02-10
97899,2025-02-11 01:21:08,Display Ads,Discount Offer,No,2025-02-11
15582,2025-02-11 19:57:59,Referral,Discount Offer,No,2025-02-11
30380,2025-02-10 18:59:32,Social Media,New Product Launch,Yes,2025-02-10
64665,2025-02-11 22:06:08,Direct Traffic,-,Yes,2025-02-11
64163,2025-02-11 05:30:56,Direct Traffic,-,Yes,2025-02-11
97780,2025-02-11 20:29:26,Referral,Brand Awareness,No,2025-02-11
59109,2025-02-11 14:27:50,Social Media,Discount Offer,Yes,2025-02-11
43094,2025-02-10 00:35:06,Direct Traffic,-,No,2025-02-10
37002,2025-02-11 00:51:19,Search Ads,Discount Offer,No,2025-02-11
98683,2025-02-11 16:37:44,Email,Winter Sale,No,2025-02-11
56855,2025-02-10 22:57:36,Social Media,Discount Offer,Yes,2025-02-10
19754,2025-02-11 23:27:23,Email,Retargeting,Yes,2025-02-11
34073,2025-02-10 11:27:56,Search Ads,Discount Offer,No,2025-02-10
31679,2025-02-10 10:08:21,Direct Traffic,-,Yes,2025-02-10
46179,2025-02-10 19:37:37,Display Ads,Brand Awareness,No,2025-02-10
15924,2025-02-11 20:32:58,Social Media,Discount Offer,No,2025-02-11
34943,2025-02-11 01:40:27,Search Ads,-,No,2025-02-11
58258,2025-02-10 08:30:52,Referral,Discount Offer,No,2025-02-10
78932,2025-02-11 09:19:46,Email,New Product Launch,No,2025-02-11
14396,2025-02-10 08:57:16,Display Ads,Retargeting,Yes,2025-02-10
87153,2025-02-11 03:14:50,Referral,Winter Sale,Yes,2025-02-11
25403,2025-02-10 09:14:32,Referral,Retargeting,No,2025-02-10
20306,2025-02-10 04:48:22,Direct Traffic,-,Yes,2025-02-10
33255,2025-02-10 18:29:57,Social Media,Brand Awareness,No,2025-02-10
26582,2025-02-10 02:05:43,Social Media,Brand Awareness,No,2025-02-10
92201,2025-02-10 16:12:58,Social Media,Retargeting,Yes,2025-02-10
54301,2025-02-10 05:28:00,Display Ads,Brand Awareness,Yes,2025-02-10
59102,2025-02-11 15:31:57,Social Media,Winter Sale,Yes,2025-02-11
43052,2025-02-11 16:14:12,Direct Traffic,-,Yes,2025-02-11
14386,2025-02-11 07:30:24,Direct Traffic,-,Yes,2025-02-11
80368,2025-02-11 08:30:02,Social Media,Discount Offer,Yes,2025-02-11
95461,2025-02-11 14:50:29,Referral,Retargeting,No,2025-02-11
27778,2025-02-10 01:45:43,Referral,-,Yes,2025-02-10
24508,2025-02-11 06:03:03,Email,-,No,2025-02-11
14377,2025-02-10 04:20:39,Search Ads,Discount Offer,Yes,2025-02-10
10925,2025-02-11 17:18:38,Referral,-,Yes,2025-02-11
45812,2025-02-10 21:51:09,Direct Traffic,-,No,2025-02-10
46988,2025-02-10 17:17:57,Direct Traffic,-,No,2025-02-10
78296,2025-02-11 11:54:46,Display Ads,Retargeting,Yes,2025-02-11
69942,2025-02-11 01:04:58,Referral,New Product Launch,No,2025-02-11
90125,2025-02-10 17:55:11,Email,Winter Sale,Yes,2025-02-10
17497,2025-02-10 06:13:07,Display Ads,Retargeting,Yes,2025-02-10
38867,2025-02-10 08:34:09,Email,Retargeting,Yes,2025-02-10
92043,2025-02-10 07:35:18,Referral,New Product Launch,Yes,2025-02-10
81545,2025-02-11 15:42:00,Search Ads,Retargeting,No,2025-02-11
23482,2025-02-10 21:23:26,Email,Winter Sale,No,2025-02-10
58062,2025-02-10 13:03:05,Social Media,-,Yes,2025-02-10
94253,2025-02-11 13:52:47,Email,Brand Awareness,No,2025-02-11
39056,2025-02-11 21:42:50,Referral,Brand Awareness,Yes,2025-02-11
98411,2025-02-10 00:31:07,Search Ads,Brand Awareness,No,2025-02-10
53932,2025-02-11 12:50:17,Referral,New Product Launch,Yes,2025-02-11
26754,2025-02-11 02:15:03,Email,-,Yes,2025-02-11
78441,2025-02-10 05:18:48,Display Ads,Brand Awareness,Yes,2025-02-10
24025,2025-02-11 07:05:42,Email,Discount Offer,No,2025-02-11
23449,2025-02-11 02:21:46,Referral,Winter Sale,No,2025-02-11
45571,2025-02-10 13:44:11,Referral,New Product Launch,No,2025-02-10
40133,2025-02-11 13:13:38,Email,Brand Awareness,Yes,2025-02-11
85049,2025-02-10 02:05:16,Display Ads,New Product Launch,Yes,2025-02-10
88808,2025-02-10 17:12:40,Direct Traffic,-,No,2025-02-10
30607,2025-02-10 16:13:12,Referral,New Product Launch,Yes,2025-02-10
34693,2025-02-10 17:52:49,Social Media,Retargeting,Yes,2025-02-10
84060,2025-02-10 03:20:46,Email,Winter Sale,Yes,2025-02-10
24212,2025-02-11 19:16:20,Referral,-,Yes,2025-02-11
31679,2025-02-10 11:30:29,Referral,New Product Launch,No,2025-02-10
17714,2025-02-11 22:07:16,Social Media,-,No,2025-02-11
61594,2025-02-11 19:06:00,Referral,New Product Launch,Yes,2025-02-11
19507,2025-02-10 10:35:07,Email,Winter Sale,Yes,2025-02-10
11233,2025-02-11 11:11:55,Email,Winter Sale,Yes,2025-02-11
20021,2025-02-11 12:21:58,Display Ads,Brand Awareness,No,2025-02-11
82330,2025-02-10 17:03:20,Email,Retargeting,No,2025-02-10
88859,2025-02-10 20:11:23,Email,-,No,2025-02-10
54741,2025-02-10 21:12:26,Search Ads,Discount Offer,No,2025-02-10
45058,2025-02-10 19:27:31,Social Media,New Product Launch,Yes,2025-02-10
35756,2025-02-11 09:55:14,Referral,Retargeting,Yes,2025-02-11
21314,2025-02-10 23:04:18,Display Ads,Brand Awareness,Yes,2025-02-10
25547,2025-02-11 14:40:07,Referral,-,No,2025-02-11
52408,2025-02-11 13:22:29,Display Ads,New Product Launch,Yes,2025-02-11
64767,2025-02-10 05:27:09,Search Ads,Discount Offer,Yes,2025-02-10
71469,2025-02-11 20:25:47,Search Ads,-,No,2025-02-11
35664,2025-02-10 06:19:58,Direct Traffic,-,No,2025-02-10
99782,2025-02-10 13:51:49,Social Media,Discount Offer,Yes,2025-02-10
44303,2025-02-11 05:54:59,Search Ads,New Product Launch,Yes,2025-02-11
54016,2025-02-11 09:50:56,Display Ads,-,Yes,2025-02-11
51319,2025-02-11 02:35:48,Direct Traffic,-,Yes,2025-02-11
95739,2025-02-11 23:10:22,Display Ads,Discount Offer,No,2025-02-11
92808,2025-02-10 11:15:22,Direct Traffic,-,No,2025-02-10
92698,2025-02-11 11:46:06,Direct Traffic,-,Yes,2025-02-11
29785,2025-02-10 00:55:33,Email,Brand Awareness,No,2025-02-10
68042,2025-02-11 17:45:35,Email,-,No,2025-02-11
73412,2025-02-11 21:42:56,Search Ads,-,Yes,2025-02-11
33292,2025-02-10 20:47:31,Direct Traffic,-,No,2025-02-10
22407,2025-02-10 16:19:27,Referral,-,Yes,2025-02-10
21712,2025-02-11 21:31:59,Social Media,-,Yes,2025-02-11
27505,2025-02-11 00:31:10,Direct Traffic,-,Yes,2025-02-11
88938,2025-02-10 00:10:47,Email,-,Yes,2025-02-10
17168,2025-02-11 08:25:31,Display Ads,Retargeting,No,2025-02-11
88515,2025-02-11 09:22:02,Referral,-,No,2025-02-11
89128,2025-02-11 16:14:55,Display Ads,Winter Sale,No,2025-02-11
22475,2025-02-11 04:26:08,Email,-,No,2025-02-11
19754,2025-02-10 01:49:19,Direct Traffic,-,No,2025-02-10
52317,2025-02-10 23:14:46,Referral,Winter Sale,No,2025-02-10
74192,2025-02-10 14:04:14,Email,Retargeting,No,2025-02-10
62843,2025-02-10 13:07:09,Email,Brand Awareness,Yes,2025-02-10
85535,2025-02-10 09:14:13,Direct Traffic,-,Yes,2025-02-10
57363,2025-02-11 07:09:51,Referral,Discount Offer,No,2025-02-11
61685,2025-02-11 14:37:17,Social Media,Brand Awareness,Yes,2025-02-11
21628,2025-02-10 03:05:21,Search Ads,Discount Offer,No,2025-02-10
73457,2025-02-11 03:53:59,Search Ads,Retargeting,Yes,2025-02-11
53526,2025-02-10 11:55:17,Email,-,Yes,2025-02-10
47509,2025-02-11 09:07:48,Search Ads,Retargeting,Yes,2025-02-11
18503,2025-02-10 14:30:51,Referral,Brand Awareness,Yes,2025-02-10
83878,2025-02-11 04:26:06,Social Media,Discount Offer,No,2025-02-11
74028,2025-02-11 01:42:16,Display Ads,Discount Offer,Yes,2025-02-11
50264,2025-02-10 07:08:43,Search Ads,Retargeting,No,2025-02-10
36625,2025-02-10 01:42:35,Direct Traffic,-,No,2025-02-10
15351,2025-02-10 11:06:14,Display Ads,Winter Sale,Yes,2025-02-10
36457,2025-02-10 01:22:57,Email,Brand Awareness,No,2025-02-10
11917,2025-02-10 07:20:05,Social Media,Retargeting,Yes,2025-02-10
30468,2025-02-11 11:02:38,Referral,Discount Offer,No,2025-02-11
43065,2025-02-11 17:38:21,Direct Traffic,-,Yes,2025-02-11
32914,2025-02-11 02:38:43,Search Ads,Winter Sale,No,2025-02-11
61401,2025-02-10 23:32:53,Referral,-,Yes,2025-02-10
90047,2025-02-11 14:16:04,Direct Traffic,-,No,2025-02-11
60095,2025-02-10 08:20:59,Display Ads,-,No,2025-02-10
94024,2025-02-11 17:48:34,Direct Traffic,-,No,2025-02-11
36148,2025-02-11 04:12:46,Direct Traffic,-,Yes,2025-02-11
56363,2025-02-10 08:04:14,Display Ads,Discount Offer,Yes,2025-02-10
50166,2025-02-10 05:36:20,Email,Brand Awareness,No,2025-02-10
72349,2025-02-11 16:32:27,Direct Traffic,-,No,2025-02-11
41941,2025-02-10 20:03:05,Search Ads,Retargeting,Yes,2025-02-10
83355,2025-02-10 08:51:17,Social Media,Winter Sale,No,2025-02-10
69904,2025-02-11 00:56:43,Referral,Winter Sale,Yes,2025-02-11
46055,2025-02-11 23:05:43,Display Ads,-,Yes,2025-02-11
25085,2025-02-11 01:10:39,Referral,Retargeting,No,2025-02-11
70442,2025-02-10 05:39:46,Social Media,Retargeting,No,2025-02-10
19385,2025-02-10 19:57:06,Direct Traffic,-,No,2025-02-10
59281,2025-02-11 04:18:01,Search Ads,Brand Awareness,Yes,2025-02-11
17598,2025-02-11 04:49:15,Display Ads,New Product Launch,No,2025-02-11
88316,2025-02-10 20:06:28,Search Ads,Discount Offer,Yes,2025-02-10
44026,2025-02-10 05:45:59,Search Ads,Retargeting,Yes,2025-02-10
58797,2025-02-11 16:10:01,Social Media,Retargeting,Yes,2025-02-11
64142,2025-02-10 01:46:31,Referral,Retargeting,Yes,2025-02-10
86889,2025-02-10 18:13:35,Email,Winter Sale,No,2025-02-10
13428,2025-02-10 23:22:17,Display Ads,Retargeting,Yes,2025-02-10
68751,2025-02-11 17:18:45,Direct Traffic,-,No,2025-02-11
11503,2025-02-10 01:13:04,Email,New Product Launch,Yes,2025-02-10
43931,2025-02-10 10:02:27,Direct Traffic,-,Yes,2025-02-10
90047,2025-02-10 08:29:23,Social Media,New Product Launch,Yes,2025-02-10
13737,2025-02-11 16:21:42,Search Ads,-,Yes,2025-02-11
22725,2025-02-11 09:06:14,Display Ads,Discount Offer,Yes,2025-02-11
67330,2025-02-10 21:11:08,Search Ads,Discount Offer,No,2025-02-10
83035,2025-02-11 19:19:14,Direct Traffic,-,Yes,2025-02-11
25284,2025-02-11 23:23:17,Display Ads,New Product Launch,No,2025-02-11
68700,2025-02-10 01:06:02,Direct Traffic,-,Yes,2025-02-10
85426,2025-02-10 02:54:06,Search Ads,Brand Awareness,Yes,2025-02-10
73459,2025-02-11 17:35:04,Direct Traffic,-,Yes,2025-02-11
29844,2025-02-11 22:00:47,Email,Retargeting,No,2025-02-11
18503,2025-02-11 09:25:09,Direct Traffic,-,Yes,2025-02-11
12432,2025-02-10 03:49:05,Search Ads,Discount Offer,No,2025-02-10
67893,2025-02-10 11:57:44,Search Ads,-,No,2025-02-10
58496,2025-02-11 21:23:32,Display Ads,Discount Offer,No,2025-02-11
74627,2025-02-11 04:24:01,Email,-,Yes,2025-02-11
62907,2025-02-10 11:53:11,Search Ads,-,No,2025-02-10
99794,2025-02-10 03:41:10,Email,Winter Sale,No,2025-02-10
86296,2025-02-11 11:11:38,Search Ads,Discount Offer,No,2025-02-11
72118,2025-02-10 07:46:27,Email,Retargeting,No,2025-02-10
36130,2025-02-10 14:35:58,Search Ads,-,Yes,2025-02-10
55099,2025-02-11 10:03:58,Direct Traffic,-,Yes,2025-02-11
79304,2025-02-10 06:55:07,Direct Traffic,-,Yes,2025-02-10
73835,2025-02-10 20:58:16,Referral,Retargeting,Yes,2025-02-10
95799,2025-02-10 02:38:02,Display Ads,New Product Launch,Yes,2025-02-10
99794,2025-02-10 15:15:12,Direct Traffic,-,No,2025-02-10
65473,2025-02-10 07:14:32,Email,Retargeting,No,2025-02-10
65726,2025-02-11 13:29:03,Display Ads,Winter Sale,No,2025-02-11
83489,2025-02-11 14:39:24,Referral,Discount Offer,Yes,2025-02-11
62558,2025-02-11 11:46:46,Email,Retargeting,No,2025-02-11
11917,2025-02-10 21:15:00,Email,Winter Sale,No,2025-02-10
44498,2025-02-11 21:36:22,Referral,Brand Awareness,No,2025-02-11
23671,2025-02-11 02:55:02,Direct Traffic,-,Yes,2025-02-11
89800,2025-02-10 15:34:49,Display Ads,Discount Offer,Yes,2025-02-10
37078,2025-02-10 16:31:19,Direct Traffic,-,Yes,2025-02-10
70949,2025-02-10 20:45:14,Direct Traffic,-,Yes,2025-02-10
40808,2025-02-11 21:49:17,Search Ads,-,Yes,2025-02-11
21038,2025-02-10 03:41:17,Social Media,Retargeting,No,2025-02-10
52472,2025-02-10 07:51:03,Referral,New Product Launch,Yes,2025-02-10
65881,2025-02-10 01:45:50,Display Ads,Retargeting,No,2025-02-10
26827,2025-02-10 16:14:28,Email,New Product Launch,No,2025-02-10
81299,2025-02-10 21:09:41,Search Ads,-,No,2025-02-10
43877,2025-02-10 12:42:41,Social Media,Retargeting,No,2025-02-10
19400,2025-02-10 19:59:57,Direct Traffic,-,Yes,2025-02-10
42030,2025-02-11 08:16:46,Referral,Winter Sale,No,2025-02-11
33367,2025-02-11 00:06:35,Display Ads,Retargeting,No,2025-02-11
97899,2025-02-11 15:29:09,Display Ads,Brand Awareness,No,2025-02-11
42809,2025-02-11 02:25:16,Social Media,Brand Awareness,Yes,2025-02-11
10673,2025-02-10 02:33:37,Display Ads,Retargeting,Yes,2025-02-10
80944,2025-02-11 03:34:14,Referral,-,Yes,2025-02-11
40011,2025-02-10 19:46:31,Search Ads,New Product Launch,No,2025-02-10
25915,2025-02-11 19:04:49,Direct Traffic,-,Yes,2025-02-11
91904,2025-02-11 10:54:42,Direct Traffic,-,No,2025-02-11
77231,2025-02-10 03:45:34,Search Ads,New Product Launch,Yes,2025-02-10
75405,2025-02-11 09:12:19,Search Ads,Winter Sale,Yes,2025-02-11
58062,2025-02-10 14:23:48,Display Ads,Discount Offer,No,2025-02-10
50952,2025-02-11 15:53:19,Search Ads,-,Yes,2025-02-11
82064,2025-02-10 23:05:09,Email,-,Yes,2025-02-10
86014,2025-02-11 12:06:27,Direct Traffic,-,Yes,2025-02-11
93964,2025-02-11 23:43:06,Display Ads,New Product Launch,Yes,2025-02-11
68838,2025-02-11 21:30:38,Direct Traffic,-,Yes,2025-02-11
80604,2025-02-11 04:57:04,Display Ads,Discount Offer,No,2025-02-11
37078,2025-02-11 00:34:50,Direct Traffic,-,Yes,2025-02-11
80551,2025-02-10 20:00:47,Direct Traffic,-,Yes,2025-02-10
25170,2025-02-10 20:27:05,Referral,Winter Sale,No,2025-02-10
73373,2025-02-10 11:06:59,Email,Retargeting,Yes,2025-02-10
55980,2025-02-10 15:59:25,Social Media,Winter Sale,No,2025-02-10
10172,2025-02-10 21:07:20,Email,Brand Awareness,No,2025-02-10
51399,2025-02-11 15:11:00,Display Ads,Retargeting,Yes,2025-02-11
78348,2025-02-11 06:30:32,Direct Traffic,-,Yes,2025-02-11
86406,2025-02-11 03:56:05,Search Ads,New Product Launch,Yes,2025-02-11
61650,2025-02-11 00:15:10,Email,New Product Launch,No,2025-02-11
39588,2025-02-11 18:07:54,Direct Traffic,-,No,2025-02-11
64159,2025-02-10 21:35:36,Direct Traffic,-,No,2025-02-10
14978,2025-02-11 11:21:27,Search Ads,-,Yes,2025-02-11
83319,2025-02-11 09:49:59,Direct Traffic,-,Yes,2025-02-11
39770,2025-02-11 10:56:09,Search Ads,-,Yes,2025-02-11
25468,2025-02-11 07:01:42,Referral,New Product Launch,No,2025-02-11
91787,2025-02-11 22:08:21,Search Ads,Discount Offer,No,2025-02-11
60755,2025-02-11 21:34:17,Direct Traffic,-,No,2025-02-11
53582,2025-02-11 20:42:13,Display Ads,Brand Awareness,No,2025-02-11
52646,2025-02-11 02:15:49,Display Ads,Winter Sale,Yes,2025-02-11
89793,2025-02-10 12:17:49,Search Ads,Discount Offer,Yes,2025-02-10
90506,2025-02-10 04:52:41,Display Ads,-,Yes,2025-02-10
29031,2025-02-11 18:00:20,Search Ads,Retargeting,No,2025-02-11
37703,2025-02-11 17:28:31,Search Ads,Brand Awareness,Yes,2025-02-11
64163,2025-02-10 03:06:44,Direct Traffic,-,No,2025-02-10
44393,2025-02-11 18:56:14,Referral,Retargeting,Yes,2025-02-11
32709,2025-02-10 01:52:13,Referral,Winter Sale,Yes,2025-02-10
89412,2025-02-11 19:32:58,Social Media,Winter Sale,Yes,2025-02-11
73302,2025-02-11 04:00:55,Email,Winter Sale,No,2025-02-11
83785,2025-02-11 13:07:07,Email,Brand Awareness,No,2025-02-11
29196,2025-02-11 17:54:28,Display Ads,Retargeting,Yes,2025-02-11
44675,2025-02-10 08:55:11,Direct Traffic,-,Yes,2025-02-10
85459,2025-02-11 21:07:06,Display Ads,Winter Sale,No,2025-02-11
41312,2025-02-11 10:10:06,Social Media,Brand Awareness,Yes,2025-02-11
28144,2025-02-11 14:02:22,Social Media,-,No,2025-02-11
53582,2025-02-11 18:24:09,Search Ads,Discount Offer,Yes,2025-02-11
91418,2025-02-10 08:19:21,Social Media,New Product Launch,Yes,2025-02-10
72842,2025-02-11 10:46:54,Email,New Product Launch,Yes,2025-02-11
42905,2025-02-10 04:00:11,Social Media,Retargeting,No,2025-02-10
81291,2025-02-11 16:59:00,Search Ads,Brand Awareness,Yes,2025-02-11
50952,2025-02-10 21:09:33,Direct Traffic,-,No,2025-02-10
56961,2025-02-10 04:40:44,Social Media,New Product Launch,Yes,2025-02-10
55737,2025-02-11 11:39:52,Direct Traffic,-,Yes,2025-02-11
31210,2025-02-11 10:26:51,Email,-,No,2025-02-11
11503,2025-02-11 23:23:30,Social Media,Winter Sale,No,2025-02-11
53332,2025-02-10 12:15:41,Referral,Brand Awareness,No,2025-02-10
82118,2025-02-11 18:15:15,Referral,Retargeting,Yes,2025-02-11
20513,2025-02-10 07:26:31,Display Ads,New Product Launch,No,2025-02-10
62907,2025-02-10 14:11:32,Display Ads,Retargeting,No,2025-02-10
28134,2025-02-10 23:42:31,Social Media,Brand Awareness,Yes,2025-02-10
31723,2025-02-11 19:14:11,Referral,New Product Launch,Yes,2025-02-11
24433,2025-02-11 12:45:06,Display Ads,New Product Launch,Yes,2025-02-11
35227,2025-02-10 13:55:54,Social Media,New Product Launch,Yes,2025-02-10
57976,2025-02-11 07:46:17,Social Media,-,Yes,2025-02-11
23958,2025-02-11 01:36:01,Direct Traffic,-,No,2025-02-11
29238,2025-02-11 14:40:02,Social Media,Winter Sale,No,2025-02-11
68285,2025-02-11 20:16:04,Email,Brand Awareness,No,2025-02-11
45571,2025-02-10 10:15:39,Display Ads,Discount Offer,No,2025-02-10
90879,2025-02-10 08:24:35,Search Ads,-,Yes,2025-02-10
64068,2025-02-10 05:17:22,Display Ads,Discount Offer,Yes,2025-02-10
43721,2025-02-11 10:28:47,Display Ads,Winter Sale,No,2025-02-11
66625,2025-02-10 13:52:20,Referral,-,No,2025-02-10
64867,2025-02-11 21:48:04,Email,Brand Awareness,No,2025-02-11
65820,2025-02-10 04:12:21,Display Ads,Brand Awareness,No,2025-02-10
60469,2025-02-10 22:06:17,Referral,Retargeting,Yes,2025-02-10
57672,2025-02-10 08:03:56,Social Media,Brand Awareness,Yes,2025-02-10
23279,2025-02-10 19:23:27,Search Ads,Discount Offer,No,2025-02-10
12509,2025-02-10 14:03:42,Display Ads,Retargeting,Yes,2025-02-10
26763,2025-02-11 02:33:33,Referral,New Product Launch,No,2025-02-11
42806,2025-02-11 03:37:43,Display Ads,New Product Launch,Yes,2025-02-11
94084,2025-02-11 17:40:03,Social Media,Discount Offer,No,2025-02-11
91442,2025-02-10 23:34:57,Social Media,-,No,2025-02-10
82764,2025-02-11 20:35:08,Direct Traffic,-,No,2025-02-11
83798,2025-02-11 04:41:09,Direct Traffic,-,Yes,2025-02-11
95590,2025-02-10 02:42:05,Social Media,Winter Sale,Yes,2025-02-10
53526,2025-02-10 09:16:33,Display Ads,Winter Sale,Yes,2025-02-10
92167,2025-02-11 04:51:28,Direct Traffic,-,Yes,2025-02-11
58945,2025-02-10 20:06:52,Direct Traffic,-,Yes,2025-02-10
80804,2025-02-10 14:12:02,Search Ads,Brand Awareness,Yes,2025-02-10
27944,2025-02-11 01:28:38,Social Media,Discount Offer,No,2025-02-11
23463,2025-02-10 09:04:45,Referral,Brand Awareness,Yes,2025-02-10
55755,2025-02-11 08:50:12,Display Ads,Brand Awareness,Yes,2025-02-11
22943,2025-02-11 10:22:05,Referral,Retargeting,No,2025-02-11
88938,2025-02-11 05:23:43,Search Ads,Discount Offer,Yes,2025-02-11
94229,2025-02-11 17:40:54,Email,Winter Sale,Yes,2025-02-11
62264,2025-02-10 01:54:16,Referral,-,Yes,2025-02-10
85743,2025-02-11 12:08:57,Display Ads,Retargeting,Yes,2025-02-11
19800,2025-02-10 20:49:50,Social Media,Brand Awareness,No,2025-02-10
59232,2025-02-10 23:50:28,Direct Traffic,-,No,2025-02-10
88736,2025-02-10 10:34:30,Social Media,Brand Awareness,Yes,2025-02-10
89095,2025-02-11 23:51:45,Email,Retargeting,Yes,2025-02-11
21757,2025-02-11 15:08:42,Display Ads,New Product Launch,Yes,2025-02-11
45426,2025-02-10 15:01:46,Search Ads,Brand Awareness,No,2025-02-10
35598,2025-02-10 03:06:34,Search Ads,-,Yes,2025-02-10
76127,2025-02-10 19:33:21,Search Ads,Brand Awareness,No,2025-02-10
51992,2025-02-11 20:59:33,Social Media,Discount Offer,No,2025-02-11
52806,2025-02-11 02:35:37,Direct Traffic,-,No,2025-02-11
66758,2025-02-10 21:41:44,Display Ads,Retargeting,No,2025-02-10
60852,2025-02-11 21:26:55,Display Ads,Retargeting,No,2025-02-11
91658,2025-02-10 14:02:15,Direct Traffic,-,No,2025-02-10
69579,2025-02-11 17:55:26,Search Ads,-,No,2025-02-11
35664,2025-02-11 12:01:27,Referral,Brand Awareness,No,2025-02-11
89901,2025-02-10 12:05:32,Search Ads,Brand Awareness,No,2025-02-10
52260,2025-02-10 00:15:46,Direct Traffic,-,No,2025-02-10
99149,2025-02-11 02:20:28,Display Ads,Discount Offer,Yes,2025-02-11
85682,2025-02-10 08:22:41,Social Media,Discount Offer,Yes,2025-02-10
82774,2025-02-11 06:36:33,Email,-,No,2025-02-11
99937,2025-02-11 14:38:15,Direct Traffic,-,Yes,2025-02-11
28918,2025-02-10 17:15:30,Direct Traffic,-,No,2025-02-10
74876,2025-02-10 17:29:28,Direct Traffic,-,No,2025-02-10
25952,2025-02-11 04:59:37,Display Ads,Winter Sale,Yes,2025-02-11
88728,2025-02-10 04:37:06,Social Media,Discount Offer,Yes,2025-02-10
29164,2025-02-11 14:28:54,Search Ads,-,Yes,2025-02-11
64032,2025-02-10 19:40:04,Referral,Discount Offer,Yes,2025-02-10
44167,2025-02-10 15:00:12,Social Media,New Product Launch,Yes,2025-02-10
15640,2025-02-11 15:05:13,Email,Winter Sale,Yes,2025-02-11
50574,2025-02-10 19:10:03,Email,-,No,2025-02-10
17727,2025-02-11 08:48:11,Direct Traffic,-,Yes,2025-02-11
63473,2025-02-11 13:26:16,Social Media,Retargeting,No,2025-02-11
70378,2025-02-11 09:49:03,Referral,Winter Sale,Yes,2025-02-11
82338,2025-02-11 18:10:36,Display Ads,Discount Offer,Yes,2025-02-11
90811,2025-02-11 14:41:44,Display Ads,Discount Offer,Yes,2025-02-11
44288,2025-02-11 09:43:36,Email,New Product Launch,No,2025-02-11
59730,2025-02-11 14:45:59,Email,New Product Launch,No,2025-02-11
61053,2025-02-11 05:53:45,Display Ads,New Product Launch,No,2025-02-11
55744,2025-02-11 14:34:18,Search Ads,Winter Sale,Yes,2025-02-11
28729,2025-02-11 19:54:02,Search Ads,Discount Offer,Yes,2025-02-11
53526,2025-02-10 01:44:58,Display Ads,Winter Sale,Yes,2025-02-10
91394,2025-02-11 23:22:19,Email,Discount Offer,No,2025-02-11
71306,2025-02-10 17:08:44,Email,-,No,2025-02-10
15208,2025-02-11 05:10:31,Search Ads,Brand Awareness,Yes,2025-02-11
19184,2025-02-10 19:51:39,Direct Traffic,-,No,2025-02-10
34143,2025-02-11 04:52:30,Search Ads,Winter Sale,Yes,2025-02-11
62907,2025-02-11 14:35:30,Referral,Winter Sale,Yes,2025-02-11
65575,2025-02-11 15:54:48,Display Ads,Retargeting,No,2025-02-11
22863,2025-02-10 13:34:51,Search Ads,New Product Launch,Yes,2025-02-10
95275,2025-02-11 04:00:51,Email,Brand Awareness,No,2025-02-11
37007,2025-02-11 17:25:02,Search Ads,New Product Launch,Yes,2025-02-11
21595,2025-02-11 22:02:57,Email,Brand Awareness,Yes,2025-02-11
11453,2025-02-11 10:59:19,Email,New Product Launch,No,2025-02-11
64972,2025-02-10 01:41:42,Referral,Retargeting,No,2025-02-10
66238,2025-02-10 19:07:25,Email,Winter Sale,No,2025-02-10
83578,2025-02-10 10:30:51,Social Media,Discount Offer,No,2025-02-10
23621,2025-02-11 17:08:00,Display Ads,Winter Sale,Yes,2025-02-11
51319,2025-02-11 08:37:37,Referral,Brand Awareness,Yes,2025-02-11
15190,2025-02-11 09:43:56,Search Ads,Discount Offer,Yes,2025-02-11
64753,2025-02-11 11:24:51,Referral,-,No,2025-02-11
67466,2025-02-11 11:22:50,Search Ads,Discount Offer,No,2025-02-11
46491,2025-02-11 01:07:20,Direct Traffic,-,No,2025-02-11
58496,2025-02-10 12:26:31,Referral,Discount Offer,No,2025-02-10
13471,2025-02-10 17:05:04,Referral,Winter Sale,Yes,2025-02-10
95694,2025-02-10 02:38:20,Search Ads,Retargeting,Yes,2025-02-10
49665,2025-02-10 23:59:09,Social Media,Discount Offer,Yes,2025-02-10
46555,2025-02-11 05:00:00,Social Media,New Product Launch,Yes,2025-02-11
10673,2025-02-11 05:18:03,Referral,-,No,2025-02-11
50501,2025-02-11 07:11:51,Search Ads,Retargeting,Yes,2025-02-11
52317,2025-02-10 03:43:41,Email,Discount Offer,Yes,2025-02-10
66286,2025-02-10 12:02:58,Referral,New Product Launch,Yes,2025-02-10
77231,2025-02-11 16:33:09,Search Ads,Winter Sale,Yes,2025-02-11
53088,2025-02-11 14:57:03,Display Ads,Winter Sale,Yes,2025-02-11
94970,2025-02-11 20:04:32,Referral,Brand Awareness,Yes,2025-02-11
85844,2025-02-11 17:02:11,Email,Winter Sale,Yes,2025-02-11
60973,2025-02-10 09:58:18,Direct Traffic,-,Yes,2025-02-10
89619,2025-02-10 23:06:37,Referral,Retargeting,Yes,2025-02-10
22773,2025-02-11 18:18:22,Email,Brand Awareness,No,2025-02-11
95772,2025-02-10 07:10:22,Direct Traffic,-,Yes,2025-02-10
60799,2025-02-10 18:53:41,Referral,Discount Offer,Yes,2025-02-10
27589,2025-02-11 22:26:40,Direct Traffic,-,No,2025-02-11
38867,2025-02-10 12:20:43,Referral,Brand Awareness,No,2025-02-10
71565,2025-02-10 18:43:13,Search Ads,Winter Sale,No,2025-02-10
10673,2025-02-11 12:48:55,Referral,New Product Launch,Yes,2025-02-11
61352,2025-02-10 22:41:40,Display Ads,Brand Awareness,Yes,2025-02-10
89792,2025-02-11 17:32:05,Social Media,Brand Awareness,Yes,2025-02-11
87436,2025-02-10 16:27:32,Referral,Discount Offer,Yes,2025-02-10
47695,2025-02-11 23:33:15,Direct Traffic,-,No,2025-02-11
30820,2025-02-11 21:53:53,Email,Brand Awareness,Yes,2025-02-11
15176,2025-02-10 03:16:10,Direct Traffic,-,No,2025-02-10
64075,2025-02-10 16:20:26,Search Ads,Brand Awareness,No,2025-02-10
90359,2025-02-10 03:30:29,Direct Traffic,-,Yes,2025-02-10
97804,2025-02-10 11:55:57,Direct Traffic,-,Yes,2025-02-10
34708,2025-02-11 18:18:36,Referral,Winter Sale,No,2025-02-11
34080,2025-02-11 08:13:48,Search Ads,New Product Launch,Yes,2025-02-11
57726,2025-02-11 01:49:04,Direct Traffic,-,No,2025-02-11
54739,2025-02-10 18:10:36,Email,Winter Sale,Yes,2025-02-10
65026,2025-02-10 10:53:06,Search Ads,Winter Sale,Yes,2025-02-10
53859,2025-02-10 14:05:12,Social Media,Retargeting,No,2025-02-10
55756,2025-02-10 11:59:44,Email,Brand Awareness,Yes,2025-02-10
29149,2025-02-10 01:54:35,Social Media,New Product Launch,No,2025-02-10
35837,2025-02-10 07:17:34,Search Ads,-,No,2025-02-10
63165,2025-02-10 12:58:37,Referral,Brand Awareness,Yes,2025-02-10
42671,2025-02-10 23:42:38,Direct Traffic,-,Yes,2025-02-10
23621,2025-02-10 01:58:00,Direct Traffic,-,Yes,2025-02-10
54121,2025-02-11 13:27:54,Referral,-,No,2025-02-11
67398,2025-02-11 16:22:22,Direct Traffic,-,No,2025-02-11
79634,2025-02-11 09:02:26,Search Ads,-,Yes,2025-02-11
16756,2025-02-10 11:48:02,Display Ads,Retargeting,Yes,2025-02-10
26727,2025-02-10 09:55:58,Referral,Brand Awareness,No,2025-02-10
60780,2025-02-11 21:22:07,Referral,New Product Launch,Yes,2025-02-11
74192,2025-02-11 00:07:54,Referral,Winter Sale,Yes,2025-02-11
17126,2025-02-10 15:09:29,Display Ads,New Product Launch,Yes,2025-02-10
16916,2025-02-11 06:31:43,Direct Traffic,-,No,2025-02-11
22669,2025-02-11 13:32:20,Search Ads,-,No,2025-02-11
79189,2025-02-10 03:13:51,Display Ads,Winter Sale,Yes,2025-02-10
11416,2025-02-10 13:02:14,Social Media,Brand Awareness,No,2025-02-10
29914,2025-02-11 23:14:01,Social Media,New Product Launch,Yes,2025-02-11
11186,2025-02-11 15:47:44,Social Media,Discount Offer,Yes,2025-02-11
61358,2025-02-10 15:05:24,Search Ads,-,No,2025-02-10
32344,2025-02-10 08:11:35,Social Media,Retargeting,Yes,2025-02-10
37559,2025-02-11 06:34:17,Display Ads,Retargeting,No,2025-02-11
28385,2025-02-11 08:46:32,Display Ads,Discount Offer,No,2025-02-11
68626,2025-02-10 05:40:55,Direct Traffic,-,No,2025-02-10
80474,2025-02-11 13:45:31,Referral,-,No,2025-02-11
88859,2025-02-11 01:45:18,Email,-,Yes,2025-02-11
52320,2025-02-10 06:55:37,Social Media,-,No,2025-02-10
43333,2025-02-11 06:42:12,Referral,Brand Awareness,Yes,2025-02-11
80481,2025-02-11 21:36:42,Display Ads,Winter Sale,No,2025-02-11
62264,2025-02-10 02:16:24,Direct Traffic,-,Yes,2025-02-10
28998,2025-02-10 21:52:05,Direct Traffic,-,No,2025-02-10
73999,2025-02-10 01:48:37,Direct Traffic,-,No,2025-02-10
46373,2025-02-10 18:40:17,Search Ads,Discount Offer,Yes,2025-02-10
19816,2025-02-11 11:48:16,Referral,Winter Sale,No,2025-02-11
78241,2025-02-10 05:00:22,Social Media,Brand Awareness,Yes,2025-02-10
35212,2025-02-11 22:37:32,Email,-,Yes,2025-02-11
45812,2025-02-10 13:48:35,Search Ads,Discount Offer,Yes,2025-02-10
98208,2025-02-10 18:49:03,Display Ads,Discount Offer,Yes,2025-02-10
32692,2025-02-11 23:17:27,Direct Traffic,-,Yes,2025-02-11
76358,2025-02-10 05:26:05,Direct Traffic,-,Yes,2025-02-10
38867,2025-02-11 12:37:32,Referral,Brand Awareness,Yes,2025-02-11
61867,2025-02-10 05:35:26,Email,Retargeting,No,2025-02-10
94024,2025-02-10 18:18:38,Display Ads,-,No,2025-02-10
62061,2025-02-11 18:16:07,Search Ads,Brand Awareness,No,2025-02-11
14396,2025-02-10 01:03:49,Social Media,Brand Awareness,Yes,2025-02-10
82708,2025-02-10 14:17:12,Direct Traffic,-,No,2025-02-10
44484,2025-02-10 11:18:31,Referral,Retargeting,No,2025-02-10
47151,2025-02-11 18:20:41,Social Media,New Product Launch,Yes,2025-02-11
58703,2025-02-11 08:18:49,Email,-,No,2025-02-11
25441,2025-02-10 23:20:47,Display Ads,Discount Offer,No,2025-02-10
44675,2025-02-11 22:58:25,Search Ads,Discount Offer,Yes,2025-02-11
31308,2025-02-11 01:20:11,Social Media,Brand Awareness,Yes,2025-02-11
41382,2025-02-10 04:51:32,Email,Retargeting,Yes,2025-02-10
29785,2025-02-10 21:37:54,Email,Retargeting,No,2025-02-10
93227,2025-02-11 12:28:08,Direct Traffic,-,No,2025-02-11
12121,2025-02-11 12:17:12,Email,Winter Sale,Yes,2025-02-11
84470,2025-02-11 10:55:02,Direct Traffic,-,No,2025-02-11
41377,2025-02-10 12:30:50,Display Ads,New Product Launch,Yes,2025-02-10
84281,2025-02-11 23:18:48,Direct Traffic,-,No,2025-02-11
74738,2025-02-10 10:47:26,Direct Traffic,-,No,2025-02-10
30675,2025-02-10 14:13:09,Direct Traffic,-,Yes,2025-02-10
99018,2025-02-11 19:31:00,Social Media,Discount Offer,No,2025-02-11
56636,2025-02-10 12:43:33,Search Ads,-,No,2025-02-10
22280,2025-02-11 13:07:08,Email,New Product Launch,Yes,2025-02-11
48330,2025-02-10 12:37:41,Search Ads,Discount Offer,Yes,2025-02-10
37382,2025-02-10 23:44:27,Referral,New Product Launch,Yes,2025-02-10
72337,2025-02-11 06:58:48,Search Ads,New Product Launch,Yes,2025-02-11
44827,2025-02-10 02:18:08,Referral,Discount Offer,Yes,2025-02-10
66664,2025-02-11 03:13:25,Email,-,No,2025-02-11
83035,2025-02-10 00:12:58,Social Media,-,Yes,2025-02-10
22773,2025-02-10 21:40:28,Email,Discount Offer,Yes,2025-02-10
67882,2025-02-11 04:41:04,Referral,Discount Offer,Yes,2025-02-11
68285,2025-02-11 20:28:42,Search Ads,Winter Sale,Yes,2025-02-11
18587,2025-02-10 12:43:35,Referral,-,No,2025-02-10
29734,2025-02-11 05:32:22,Social Media,Brand Awareness,Yes,2025-02-11
61504,2025-02-10 01:28:40,Display Ads,-,Yes,2025-02-10
74300,2025-02-10 14:11:19,Social Media,Brand Awareness,Yes,2025-02-10
38046,2025-02-11 01:45:45,Direct Traffic,-,No,2025-02-11
13426,2025-02-10 22:59:24,Direct Traffic,-,Yes,2025-02-10
73905,2025-02-10 21:59:45,Email,Discount Offer,Yes,2025-02-10
41612,2025-02-10 19:20:19,Direct Traffic,-,No,2025-02-10
50783,2025-02-11 11:01:03,Referral,Discount Offer,No,2025-02-11
17784,2025-02-10 11:45:58,Search Ads,Retargeting,Yes,2025-02-10
33106,2025-02-11 12:34:08,Email,New Product Launch,Yes,2025-02-11
45476,2025-02-11 07:18:37,Referral,Retargeting,No,2025-02-11
34300,2025-02-11 07:17:02,Referral,Retargeting,Yes,2025-02-11
84060,2025-02-11 17:31:42,Social Media,-,Yes,2025-02-11
32709,2025-02-10 02:36:33,Display Ads,Discount Offer,Yes,2025-02-10
29719,2025-02-10 10:03:52,Direct Traffic,-,Yes,2025-02-10
82044,2025-02-11 19:45:46,Social Media,Brand Awareness,No,2025-02-11
85486,2025-02-10 05:21:02,Direct Traffic,-,Yes,2025-02-10
49297,2025-02-10 08:49:02,Email,Brand Awareness,Yes,2025-02-10
57318,2025-02-11 07:43:42,Search Ads,Discount Offer,No,2025-02-11
96672,2025-02-11 03:19:50,Direct Traffic,-,No,2025-02-11
58238,2025-02-11 05:10:24,Email,Winter Sale,No,2025-02-11
58128,2025-02-11 21:24:18,Email,Discount Offer,No,2025-02-11
99153,2025-02-11 01:51:00,Display Ads,-,Yes,2025-02-11
37332,2025-02-10 00:54:44,Direct Traffic,-,No,2025-02-10
13480,2025-02-10 03:32:13,Search Ads,Discount Offer,No,2025-02-10
54048,2025-02-11 21:58:28,Direct Traffic,-,Yes,2025-02-11
88258,2025-02-10 14:03:00,Social Media,Winter Sale,Yes,2025-02-10
17784,2025-02-11 22:31:55,Email,Retargeting,No,2025-02-11
64972,2025-02-10 20:06:27,Referral,New Product Launch,No,2025-02-10
75027,2025-02-11 07:44:27,Display Ads,-,No,2025-02-11
76452,2025-02-10 15:08:56,Display Ads,New Product Launch,No,2025-02-10
73368,2025-02-11 00:30:16,Social Media,Discount Offer,No,2025-02-11
39460,2025-02-10 13:57:47,Direct Traffic,-,Yes,2025-02-10
15176,2025-02-10 08:08:23,Display Ads,Discount Offer,Yes,2025-02-10
29015,2025-02-10 14:11:43,Social Media,-,Yes,2025-02-10
55745,2025-02-10 16:22:28,Direct Traffic,-,Yes,2025-02-10
17611,2025-02-10 02:57:51,Email,Retargeting,Yes,2025-02-10
99147,2025-02-11 19:53:45,Search Ads,Retargeting,No,2025-02-11
56768,2025-02-11 21:47:25,Social Media,Brand Awareness,Yes,2025-02-11
37708,2025-02-11 12:10:21,Referral,Winter Sale,Yes,2025-02-11
19454,2025-02-11 01:57:15,Direct Traffic,-,No,2025-02-11
21787,2025-02-11 01:23:09,Search Ads,-,No,2025-02-11
98014,2025-02-11 14:16:46,Email,-,No,2025-02-11
67722,2025-02-11 02:42:18,Referral,-,No,2025-02-11
60616,2025-02-11 22:50:45,Social Media,Retargeting,No,2025-02-11
44982,2025-02-11 16:40:11,Email,Brand Awareness,No,2025-02-11
44397,2025-02-11 06:31:08,Social Media,New Product Launch,Yes,2025-02-11
91703,2025-02-10 17:33:27,Display Ads,-,No,2025-02-10
58496,2025-02-10 05:25:40,Email,New Product Launch,Yes,2025-02-10
93764,2025-02-11 22:57:01,Display Ads,Winter Sale,Yes,2025-02-11
18298,2025-02-11 01:56:16,Social Media,Discount Offer,Yes,2025-02-11
82798,2025-02-11 09:35:57,Email,Winter Sale,Yes,2025-02-11
10919,2025-02-10 00:51:13,Direct Traffic,-,No,2025-02-10
27437,2025-02-11 21:58:59,Display Ads,New Product Launch,No,2025-02-11
89128,2025-02-10 07:41:57,Email,New Product Launch,No,2025-02-10
10668,2025-02-11 23:44:14,Display Ads,Brand Awareness,No,2025-02-11
45959,2025-02-11 20:43:17,Social Media,Winter Sale,No,2025-02-11
92989,2025-02-11 13:15:02,Display Ads,Discount Offer,No,2025-02-11
12275,2025-02-10 13:27:29,Display Ads,Discount Offer,No,2025-02-10
88868,2025-02-11 08:32:08,Search Ads,Discount Offer,No,2025-02-11
83923,2025-02-10 14:50:20,Email,Discount Offer,Yes,2025-02-10
47302,2025-02-11 22:56:35,Referral,Winter Sale,No,2025-02-11
16075,2025-02-11 02:07:21,Search Ads,-,No,2025-02-11
41941,2025-02-11 01:48:14,Social Media,Winter Sale,No,2025-02-11
26511,2025-02-11 14:07:33,Referral,Discount Offer,Yes,2025-02-11
67253,2025-02-10 21:12:12,Direct Traffic,-,No,2025-02-10
17611,2025-02-10 01:38:26,Referral,Brand Awareness,No,2025-02-10
51578,2025-02-10 02:22:10,Display Ads,New Product Launch,Yes,2025-02-10
95739,2025-02-10 06:51:29,Referral,-,No,2025-02-10
81937,2025-02-10 00:02:14,Display Ads,Retargeting,Yes,2025-02-10
50574,2025-02-11 08:12:01,Direct Traffic,-,Yes,2025-02-11
79131,2025-02-11 15:34:20,Direct Traffic,-,Yes,2025-02-11
23463,2025-02-10 02:38:03,Direct Traffic,-,Yes,2025-02-10
77483,2025-02-11 15:39:49,Social Media,-,Yes,2025-02-11
54278,2025-02-11 20:37:08,Search Ads,New Product Launch,No,2025-02-11
43014,2025-02-10 06:08:58,Direct Traffic,-,Yes,2025-02-10
81470,2025-02-10 14:30:40,Search Ads,Winter Sale,Yes,2025-02-10
93078,2025-02-11 09:12:00,Referral,-,Yes,2025-02-11
51208,2025-02-10 14:38:47,Direct Traffic,-,No,2025-02-10
27548,2025-02-10 16:06:56,Direct Traffic,-,No,2025-02-10
24810,2025-02-10 22:36:08,Social Media,New Product Launch,No,2025-02-10
68615,2025-02-10 04:20:33,Direct Traffic,-,No,2025-02-10
84828,2025-02-11 16:27:07,Social Media,Discount Offer,Yes,2025-02-11
29272,2025-02-10 11:57:57,Social Media,Discount Offer,No,2025-02-10
55227,2025-02-10 05:16:41,Referral,New Product Launch,Yes,2025-02-10
49529,2025-02-11 08:29:43,Direct Traffic,-,Yes,2025-02-11
54044,2025-02-10 13:05:59,Display Ads,-,Yes,2025-02-10
38349,2025-02-10 12:54:57,Display Ads,-,Yes,2025-02-10
48089,2025-02-10 00:50:37,Referral,Winter Sale,No,2025-02-10
62615,2025-02-10 00:34:16,Social Media,Brand Awareness,No,2025-02-10
69904,2025-02-10 06:18:28,Email,New Product Launch,No,2025-02-10
45340,2025-02-11 15:51:23,Social Media,Retargeting,Yes,2025-02-11
23362,2025-02-10 22:40:47,Email,New Product Launch,No,2025-02-10
11831,2025-02-10 21:45:42,Social Media,New Product Launch,No,2025-02-10
10255,2025-02-11 02:38:51,Social Media,New Product Launch,Yes,2025-02-11
19350,2025-02-10 16:08:03,Display Ads,Brand Awareness,No,2025-02-10
53332,2025-02-11 09:51:25,Social Media,Brand Awareness,No,2025-02-11
51558,2025-02-11 06:45:34,Search Ads,Retargeting,No,2025-02-11
24256,2025-02-10 03:19:33,Social Media,Discount Offer,No,2025-02-10
27513,2025-02-11 07:48:20,Display Ads,-,No,2025-02-11
80471,2025-02-11 17:01:57,Email,Discount Offer,No,2025-02-11
29395,2025-02-10 21:23:56,Social Media,Brand Awareness,Yes,2025-02-10
18298,2025-02-11 20:24:58,Email,-,No,2025-02-11
37332,2025-02-10 13:42:13,Direct Traffic,-,Yes,2025-02-10
99065,2025-02-11 21:20:36,Direct Traffic,-,No,2025-02-11
64747,2025-02-10 07:34:01,Direct Traffic,-,No,2025-02-10
77908,2025-02-11 03:12:23,Display Ads,-,Yes,2025-02-11
76029,2025-02-11 13:31:07,Email,Brand Awareness,Yes,2025-02-11
97706,2025-02-10 20:17:40,Search Ads,Brand Awareness,Yes,2025-02-10
97853,2025-02-10 16:55:44,Search Ads,New Product Launch,Yes,2025-02-10
48115,2025-02-11 13:23:16,Search Ads,New Product Launch,Yes,2025-02-11
13125,2025-02-11 15:14:43,Search Ads,Retargeting,Yes,2025-02-11
33392,2025-02-10 17:36:32,Email,Retargeting,Yes,2025-02-10
88808,2025-02-10 12:49:55,Referral,Retargeting,Yes,2025-02-10
87375,2025-02-11 19:20:54,Social Media,Winter Sale,No,2025-02-11
86216,2025-02-11 22:48:47,Referral,-,No,2025-02-11
54044,2025-02-10 22:48:55,Referral,Retargeting,Yes,2025-02-10
27942,2025-02-11 11:06:46,Social Media,Winter Sale,Yes,2025-02-11
25085,2025-02-11 09:42:24,Email,Discount Offer,Yes,2025-02-11
45866,2025-02-11 17:06:31,Search Ads,-,Yes,2025-02-11
49985,2025-02-11 20:09:08,Direct Traffic,-,No,2025-02-11
66414,2025-02-10 09:35:43,Direct Traffic,-,Yes,2025-02-10
93227,2025-02-10 07:33:40,Social Media,Discount Offer,No,2025-02-10
71469,2025-02-11 11:16:29,Display Ads,Discount Offer,Yes,2025-02-11
42006,2025-02-11 13:30:29,Search Ads,Winter Sale,Yes,2025-02-11
96294,2025-02-11 20:01:58,Social Media,-,Yes,2025-02-11
76717,2025-02-11 03:36:36,Referral,Winter Sale,Yes,2025-02-11
17879,2025-02-11 18:29:58,Search Ads,Retargeting,No,2025-02-11
82225,2025-02-11 10:07:42,Display Ads,-,Yes,2025-02-11
59927,2025-02-11 11:39:20,Referral,Discount Offer,Yes,2025-02-11
84925,2025-02-10 23:00:46,Social Media,-,No,2025-02-10
26927,2025-02-10 06:42:01,Email,Brand Awareness,Yes,2025-02-10
93476,2025-02-10 17:03:05,Email,Discount Offer,No,2025-02-10
33392,2025-02-10 04:24:31,Search Ads,-,No,2025-02-10
73286,2025-02-11 04:18:32,Referral,Brand Awareness,Yes,2025-02-11
33392,2025-02-10 04:20:14,Display Ads,New Product Launch,Yes,2025-02-10
31340,2025-02-10 01:51:31,Direct Traffic,-,No,2025-02-10
28524,2025-02-11 07:17:05,Search Ads,-,Yes,2025-02-11
24876,2025-02-10 13:27:11,Display Ads,-,No,2025-02-10
28985,2025-02-10 13:26:32,Display Ads,New Product Launch,Yes,2025-02-10
26763,2025-02-10 19:00:06,Display Ads,Winter Sale,Yes,2025-02-10
65812,2025-02-11 14:35:16,Display Ads,-,No,2025-02-11
55886,2025-02-10 21:58:07,Email,New Product Launch,Yes,2025-02-10
45608,2025-02-10 19:40:52,Display Ads,Discount Offer,Yes,2025-02-10
36115,2025-02-10 02:01:10,Direct Traffic,-,Yes,2025-02-10
94816,2025-02-10 22:38:41,Direct Traffic,-,Yes,2025-02-10
21567,2025-02-10 00:53:39,Search Ads,Winter Sale,Yes,2025-02-10
39417,2025-02-10 18:27:27,Email,-,Yes,2025-02-10
17715,2025-02-11 20:03:16,Referral,-,Yes,2025-02-11
78830,2025-02-11 09:46:30,Email,-,No,2025-02-11
72040,2025-02-11 04:07:46,Search Ads,Winter Sale,Yes,2025-02-11
79384,2025-02-11 01:57:10,Display Ads,Brand Awareness,Yes,2025-02-11
10685,2025-02-11 10:08:31,Display Ads,-,No,2025-02-11
74772,2025-02-10 01:17:31,Referral,Discount Offer,No,2025-02-10
61829,2025-02-11 00:48:44,Social Media,New Product Launch,Yes,2025-02-11
61053,2025-02-11 16:02:18,Email,Retargeting,Yes,2025-02-11
33822,2025-02-11 22:30:12,Display Ads,Retargeting,No,2025-02-11
46491,2025-02-10 10:58:45,Referral,Brand Awareness,No,2025-02-10
92402,2025-02-10 09:35:10,Referral,New Product Launch,No,2025-02-10
17287,2025-02-10 03:26:24,Social Media,Retargeting,Yes,2025-02-10
80474,2025-02-10 08:50:12,Search Ads,Winter Sale,Yes,2025-02-10
49789,2025-02-10 20:03:37,Direct Traffic,-,No,2025-02-10
32402,2025-02-11 22:56:28,Email,Brand Awareness,No,2025-02-11
10925,2025-02-10 03:51:38,Email,Brand Awareness,Yes,2025-02-10
60996,2025-02-10 09:19:14,Email,Retargeting,Yes,2025-02-10
21712,2025-02-11 03:25:01,Search Ads,Retargeting,No,2025-02-11
16270,2025-02-11 08:47:33,Search Ads,Retargeting,Yes,2025-02-11
11007,2025-02-11 22:53:37,Referral,Retargeting,No,2025-02-11
21212,2025-02-11 20:14:59,Display Ads,Discount Offer,Yes,2025-02-11
74413,2025-02-11 07:57:37,Display Ads,-,Yes,2025-02-11
13004,2025-02-10 03:26:00,Referral,New Product Launch,Yes,2025-02-10
96294,2025-02-11 08:30:31,Social Media,Brand Awareness,No,2025-02-11
31833,2025-02-10 04:51:47,Search Ads,New Product Launch,Yes,2025-02-10
35296,2025-02-10 19:46:30,Email,Winter Sale,No,2025-02-10
71259,2025-02-11 03:49:44,Search Ads,Brand Awareness,Yes,2025-02-11
42079,2025-02-11 04:32:01,Display Ads,Brand Awareness,No,2025-02-11
24914,2025-02-10 11:07:08,Social Media,-,Yes,2025-02-10
54502,2025-02-11 15:41:51,Email,Winter Sale,No,2025-02-11
26541,2025-02-11 02:40:23,Search Ads,-,Yes,2025-02-11
24914,2025-02-11 23:01:53,Social Media,Discount Offer,Yes,2025-02-11
95114,2025-02-11 04:24:09,Email,Retargeting,Yes,2025-02-11
21550,2025-02-10 17:05:39,Referral,-,Yes,2025-02-10
25952,2025-02-10 00:02:27,Display Ads,Discount Offer,No,2025-02-10
20895,2025-02-10 16:48:18,Social Media,Brand Awareness,No,2025-02-10
94816,2025-02-11 07:47:20,Social Media,Discount Offer,Yes,2025-02-11
97151,2025-02-11 16:02:20,Social Media,Brand Awareness,Yes,2025-02-11
35789,2025-02-11 11:06:53,Display Ads,Brand Awareness,Yes,2025-02-11
33377,2025-02-10 22:14:57,Search Ads,Retargeting,No,2025-02-10
90213,2025-02-10 02:12:32,Email,Retargeting,No,2025-02-10
24876,2025-02-11 18:51:38,Social Media,Retargeting,Yes,2025-02-11
59032,2025-02-10 05:08:25,Direct Traffic,-,Yes,2025-02-10
77120,2025-02-10 00:10:28,Referral,Discount Offer,No,2025-02-10
72415,2025-02-10 00:53:47,Display Ads,Retargeting,Yes,2025-02-10
81300,2025-02-11 08:27:16,Email,-,Yes,2025-02-11
39379,2025-02-10 03:11:16,Direct Traffic,-,No,2025-02-10
60226,2025-02-11 01:46:40,Search Ads,Brand Awareness,Yes,2025-02-11
29679,2025-02-11 17:46:22,Email,New Product Launch,No,2025-02-11
98627,2025-02-11 12:14:38,Search Ads,Discount Offer,No,2025-02-11
72457,2025-02-11 11:32:44,Social Media,Brand Awareness,Yes,2025-02-11
51554,2025-02-10 15:30:08,Direct Traffic,-,Yes,2025-02-10
22741,2025-02-11 01:14:02,Social Media,Winter Sale,No,2025-02-11
29877,2025-02-10 03:22:41,Email,Discount Offer,Yes,2025-02-10
68610,2025-02-11 14:55:44,Email,Discount Offer,No,2025-02-11
33392,2025-02-10 02:41:16,Display Ads,Retargeting,Yes,2025-02-10
51640,2025-02-11 18:54:53,Referral,New Product Launch,No,2025-02-11
31308,2025-02-10 21:42:55,Display Ads,-,No,2025-02-10
13428,2025-02-11 21:28:48,Search Ads,New Product Launch,No,2025-02-11
29206,2025-02-10 12:25:49,Search Ads,Discount Offer,No,2025-02-10
26670,2025-02-11 09:15:51,Referral,Retargeting,Yes,2025-02-11
28567,2025-02-10 04:27:54,Email,Winter Sale,Yes,2025-02-10
77289,2025-02-11 15:44:13,Search Ads,Brand Awareness,No,2025-02-11
32954,2025-02-10 22:43:42,Social Media,New Product Launch,No,2025-02-10
72518,2025-02-10 01:54:29,Social Media,-,Yes,2025-02-10
90090,2025-02-11 12:36:16,Display Ads,New Product Launch,Yes,2025-02-11
73838,2025-02-11 23:57:44,Social Media,New Product Launch,No,2025-02-11
95275,2025-02-11 02:33:38,Referral,-,No,2025-02-11
95840,2025-02-11 11:15:24,Referral,Brand Awareness,No,2025-02-11
77968,2025-02-11 17:25:36,Referral,New Product Launch,Yes,2025-02-11
32477,2025-02-11 07:02:02,Search Ads,New Product Launch,Yes,2025-02-11
73721,2025-02-11 08:24:50,Social Media,Discount Offer,No,2025-02-11
16075,2025-02-11 01:17:57,Direct Traffic,-,No,2025-02-11
76909,2025-02-10 07:41:11,Display Ads,Retargeting,No,2025-02-10
89935,2025-02-11 05:42:56,Display Ads,Brand Awareness,No,2025-02-11
30651,2025-02-11 02:28:59,Search Ads,Discount Offer,No,2025-02-11
72118,2025-02-11 20:20:55,Search Ads,Brand Awareness,Yes,2025-02-11
23331,2025-02-11 11:40:30,Direct Traffic,-,Yes,2025-02-11
55820,2025-02-10 12:56:33,Direct Traffic,-,No,2025-02-10
79969,2025-02-10 18:43:18,Social Media,Retargeting,No,2025-02-10
53526,2025-02-10 22:40:35,Display Ads,Retargeting,Yes,2025-02-10
76288,2025-02-11 04:54:40,Search Ads,Retargeting,Yes,2025-02-11
63775,2025-02-10 10:37:56,Social Media,-,Yes,2025-02-10
61234,2025-02-11 10:14:53,Search Ads,New Product Launch,No,2025-02-11
52660,2025-02-11 04:45:01,Direct Traffic,-,No,2025-02-11
91157,2025-02-11 14:13:41,Direct Traffic,-,Yes,2025-02-11
66408,2025-02-11 12:14:10,Display Ads,Discount Offer,Yes,2025-02-11
32663,2025-02-11 04:07:28,Email,Winter Sale,No,2025-02-11
17497,2025-02-10 19:34:56,Social Media,Winter Sale,No,2025-02-10
88521,2025-02-11 20:56:00,Display Ads,Discount Offer,No,2025-02-11
40530,2025-02-11 13:54:54,Display Ads,Brand Awareness,No,2025-02-11
69847,2025-02-10 02:33:14,Direct Traffic,-,Yes,2025-02-10
91879,2025-02-10 14:17:01,Display Ads,-,Yes,2025-02-10
11611,2025-02-10 03:38:44,Referral,-,No,2025-02-10
98275,2025-02-10 00:27:42,Direct Traffic,-,No,2025-02-10
79408,2025-02-11 22:26:01,Display Ads,Winter Sale,No,2025-02-11
51020,2025-02-11 07:55:27,Social Media,Brand Awareness,Yes,2025-02-11
37856,2025-02-11 09:58:58,Social Media,Discount Offer,No,2025-02-11
20513,2025-02-10 05:37:09,Referral,Discount Offer,No,2025-02-10
58762,2025-02-11 07:45:47,Social Media,New Product Launch,No,2025-02-11
85343,2025-02-10 07:11:59,Referral,New Product Launch,No,2025-02-10
13364,2025-02-11 16:34:58,Referral,Winter Sale,Yes,2025-02-11
72045,2025-02-10 02:09:21,Email,Discount Offer,Yes,2025-02-10
13460,2025-02-11 18:10:56,Search Ads,Winter Sale,Yes,2025-02-11
17614,2025-02-10 23:42:21,Search Ads,Brand Awareness,Yes,2025-02-10
68721,2025-02-11 07:55:35,Display Ads,-,Yes,2025-02-11
68343,2025-02-11 21:53:05,Referral,Retargeting,No,2025-02-11
29914,2025-02-10 10:23:37,Email,Brand Awareness,No,2025-02-10
33999,2025-02-10 21:44:43,Social Media,New Product Launch,No,2025-02-10
15176,2025-02-11 07:08:37,Referral,Brand Awareness,No,2025-02-11
58113,2025-02-10 04:59:58,Search Ads,-,No,2025-02-10
49647,2025-02-10 17:10:28,Search Ads,Brand Awareness,Yes,2025-02-10
62211,2025-02-11 19:49:50,Social Media,-,Yes,2025-02-11
15152,2025-02-10 18:41:19,Direct Traffic,-,Yes,2025-02-10
67466,2025-02-10 07:29:06,Display Ads,Brand Awareness,Yes,2025-02-10
43883,2025-02-11 10:48:33,Email,New Product Launch,Yes,2025-02-11
82225,2025-02-11 18:58:13,Display Ads,-,Yes,2025-02-11
31210,2025-02-10 03:22:22,Search Ads,-,No,2025-02-10
47452,2025-02-11 15:17:16,Referral,-,No,2025-02-11
64956,2025-02-10 04:41:44,Referral,Brand Awareness,No,2025-02-10
95298,2025-02-11 23:59:12,Direct Traffic,-,Yes,2025-02-11
45310,2025-02-10 19:31:23,Display Ads,Discount Offer,No,2025-02-10
71292,2025-02-11 05:54:33,Referral,New Product Launch,Yes,2025-02-11
76940,2025-02-11 06:20:26,Direct Traffic,-,Yes,2025-02-11
90047,2025-02-10 07:32:10,Display Ads,New Product Launch,Yes,2025-02-10
46487,2025-02-11 12:47:06,Direct Traffic,-,No,2025-02-11
86889,2025-02-10 04:35:21,Email,Discount Offer,Yes,2025-02-10
88880,2025-02-11 01:34:52,Social Media,Retargeting,Yes,2025-02-11
71941,2025-02-10 12:06:28,Display Ads,Retargeting,Yes,2025-02-10
60684,2025-02-11 10:25:49,Direct Traffic,-,Yes,2025-02-11
69301,2025-02-11 18:35:35,Social Media,Discount Offer,No,2025-02-11
80575,2025-02-11 08:12:44,Display Ads,-,No,2025-02-11
63250,2025-02-10 13:25:41,Direct Traffic,-,No,2025-02-10
25170,2025-02-10 19:25:18,Referral,Winter Sale,No,2025-02-10
64747,2025-02-10 02:59:43,Direct Traffic,-,No,2025-02-10
13528,2025-02-10 07:10:40,Direct Traffic,-,No,2025-02-10
73457,2025-02-10 04:23:31,Direct Traffic,-,Yes,2025-02-10
28385,2025-02-11 12:24:53,Social Media,Retargeting,Yes,2025-02-11
19385,2025-02-11 17:14:21,Display Ads,Retargeting,Yes,2025-02-11
89685,2025-02-10 18:16:40,Display Ads,Retargeting,Yes,2025-02-10
48753,2025-02-11 21:43:47,Search Ads,Winter Sale,No,2025-02-11
30339,2025-02-11 23:37:19,Referral,Winter Sale,Yes,2025-02-11
70378,2025-02-11 13:54:58,Referral,Discount Offer,Yes,2025-02-11
77294,2025-02-11 15:28:48,Display Ads,Winter Sale,No,2025-02-11
37559,2025-02-11 11:28:18,Search Ads,Retargeting,No,2025-02-11
39559,2025-02-11 22:28:30,Email,New Product Launch,Yes,2025-02-11
85535,2025-02-11 21:12:18,Direct Traffic,-,Yes,2025-02-11
43175,2025-02-11 22:04:13,Direct Traffic,-,No,2025-02-11
43767,2025-02-11 19:37:15,Referral,-,Yes,2025-02-11
30026,2025-02-10 03:15:09,Referral,New Product Launch,Yes,2025-02-10
13230,2025-02-11 23:24:31,Referral,Discount Offer,Yes,2025-02-11
54531,2025-02-11 13:23:25,Display Ads,-,No,2025-02-11
26253,2025-02-10 21:36:15,Display Ads,Winter Sale,Yes,2025-02-10
32828,2025-02-10 03:48:52,Referral,Retargeting,No,2025-02-10
24634,2025-02-11 10:13:36,Referral,New Product Launch,No,2025-02-11
72532,2025-02-11 09:11:18,Email,New Product Launch,Yes,2025-02-11
46667,2025-02-10 13:30:39,Search Ads,Winter Sale,Yes,2025-02-10
87204,2025-02-10 21:22:00,Direct Traffic,-,Yes,2025-02-10
36135,2025-02-10 05:31:40,Referral,Brand Awareness,No,2025-02-10
35230,2025-02-11 13:39:31,Search Ads,Retargeting,No,2025-02-11
78044,2025-02-10 09:44:09,Display Ads,Winter Sale,No,2025-02-10
61594,2025-02-11 17:48:27,Social Media,New Product Launch,No,2025-02-11
71797,2025-02-11 00:07:24,Email,-,No,2025-02-11
42914,2025-02-10 18:48:12,Social Media,Discount Offer,Yes,2025-02-10
83153,2025-02-11 01:08:22,Social Media,Brand Awareness,No,2025-02-11
63505,2025-02-10 13:11:47,Referral,Brand Awareness,Yes,2025-02-10
58113,2025-02-11 17:01:21,Social Media,Retargeting,Yes,2025-02-11
28297,2025-02-10 13:18:50,Display Ads,Brand Awareness,No,2025-02-10
18441,2025-02-11 22:25:40,Social Media,Retargeting,Yes,2025-02-11
62564,2025-02-11 23:55:39,Email,Retargeting,Yes,2025-02-11
66414,2025-02-11 07:41:41,Email,Winter Sale,Yes,2025-02-11
21704,2025-02-11 05:15:19,Search Ads,Winter Sale,Yes,2025-02-11
84567,2025-02-10 07:29:26,Referral,New Product Launch,Yes,2025-02-10
82259,2025-02-10 23:25:57,Referral,Retargeting,Yes,2025-02-10
90632,2025-02-10 03:22:14,Direct Traffic,-,No,2025-02-10
88708,2025-02-10 23:46:56,Direct Traffic,-,No,2025-02-10
59482,2025-02-11 01:07:50,Search Ads,Discount Offer,No,2025-02-11
88258,2025-02-10 11:49:18,Email,-,Yes,2025-02-10
52408,2025-02-11 14:03:54,Search Ads,New Product Launch,No,2025-02-11
97726,2025-02-10 11:14:53,Email,-,No,2025-02-10
88567,2025-02-10 21:18:31,Direct Traffic,-,Yes,2025-02-10
96142,2025-02-10 05:22:44,Search Ads,New Product Launch,No,2025-02-10
86658,2025-02-11 16:24:02,Direct Traffic,-,Yes,2025-02-11
86112,2025-02-11 09:06:42,Direct Traffic,-,No,2025-02-11
19967,2025-02-11 10:28:22,Search Ads,Brand Awareness,No,2025-02-11
74549,2025-02-11 23:38:13,Referral,Discount Offer,No,2025-02-11
91772,2025-02-11 17:07:28,Referral,-,No,2025-02-11
15152,2025-02-11 04:58:55,Display Ads,Winter Sale,Yes,2025-02-11
60102,2025-02-10 20:03:49,Direct Traffic,-,No,2025-02-10
22358,2025-02-10 01:55:53,Referral,-,No,2025-02-10
89500,2025-02-11 23:25:25,Email,-,No,2025-02-11
69579,2025-02-10 15:42:51,Referral,Brand Awareness,No,2025-02-10
15921,2025-02-11 23:45:04,Search Ads,New Product Launch,Yes,2025-02-11
91950,2025-02-10 18:44:42,Search Ads,Brand Awareness,Yes,2025-02-10
80259,2025-02-11 16:22:33,Direct Traffic,-,Yes,2025-02-11
76909,2025-02-11 17:00:40,Social Media,Winter Sale,No,2025-02-11
61062,2025-02-11 22:54:24,Display Ads,-,Yes,2025-02-11
69775,2025-02-10 13:00:39,Direct Traffic,-,Yes,2025-02-10
13116,2025-02-11 16:44:55,Referral,Winter Sale,No,2025-02-11
46221,2025-02-11 21:12:49,Display Ads,Retargeting,No,2025-02-11
72457,2025-02-10 23:27:10,Email,Brand Awareness,No,2025-02-10
68585,2025-02-11 21:30:59,Referral,-,No,2025-02-11
39049,2025-02-10 07:01:45,Referral,Retargeting,No,2025-02-10
42970,2025-02-11 15:08:04,Social Media,New Product Launch,No,2025-02-11
71094,2025-02-11 17:25:08,Direct Traffic,-,Yes,2025-02-11
54121,2025-02-11 20:28:01,Direct Traffic,-,No,2025-02-11
62107,2025-02-10 23:58:20,Display Ads,Winter Sale,Yes,2025-02-10
25765,2025-02-11 23:58:37,Search Ads,-,No,2025-02-11
92673,2025-02-11 01:10:31,Display Ads,New Product Launch,Yes,2025-02-11
37386,2025-02-10 09:06:56,Search Ads,Discount Offer,Yes,2025-02-10
38043,2025-02-10 10:50:00,Email,Winter Sale,No,2025-02-10
86889,2025-02-10 05:16:57,Social Media,New Product Launch,Yes,2025-02-10
41964,2025-02-11 03:35:05,Referral,Discount Offer,Yes,2025-02-11
78282,2025-02-10 20:02:33,Direct Traffic,-,Yes,2025-02-10
27048,2025-02-10 17:15:55,Social Media,-,No,2025-02-10
55983,2025-02-10 13:35:31,Search Ads,Retargeting,No,2025-02-10
89703,2025-02-10 19:17:43,Email,-,Yes,2025-02-10
11917,2025-02-10 09:03:40,Direct Traffic,-,Yes,2025-02-10
76003,2025-02-11 05:55:45,Search Ads,Discount Offer,Yes,2025-02-11
36427,2025-02-10 03:17:40,Direct Traffic,-,Yes,2025-02-10
70237,2025-02-10 17:14:18,Search Ads,New Product Launch,No,2025-02-10
12121,2025-02-10 22:14:41,Search Ads,Winter Sale,Yes,2025-02-10
77483,2025-02-11 13:45:42,Display Ads,Brand Awareness,No,2025-02-11
42970,2025-02-11 18:51:18,Search Ads,Discount Offer,Yes,2025-02-11
85725,2025-02-10 09:59:08,Email,New Product Launch,No,2025-02-10
26430,2025-02-11 09:43:55,Referral,-,Yes,2025-02-11
54121,2025-02-10 13:26:33,Direct Traffic,-,Yes,2025-02-10
95960,2025-02-11 10:42:23,Social Media,Retargeting,No,2025-02-11
80602,2025-02-10 10:42:34,Social Media,New Product Launch,No,2025-02-10
83147,2025-02-11 16:10:48,Search Ads,Retargeting,Yes,2025-02-11
18572,2025-02-10 17:15:27,Referral,Brand Awareness,No,2025-02-10
78882,2025-02-10 15:42:33,Referral,Brand Awareness,No,2025-02-10
13534,2025-02-11 13:22:18,Search Ads,New Product Launch,No,2025-02-11
37121,2025-02-11 02:59:31,Referral,Retargeting,Yes,2025-02-11
85682,2025-02-11 17:21:15,Email,Brand Awareness,No,2025-02-11
72122,2025-02-11 07:32:30,Display Ads,Winter Sale,No,2025-02-11
27548,2025-02-10 11:35:49,Direct Traffic,-,No,2025-02-10
69301,2025-02-11 04:13:41,Referral,-,Yes,2025-02-11
30087,2025-02-10 04:49:45,Social Media,New Product Launch,No,2025-02-10
43931,2025-02-11 21:40:14,Direct Traffic,-,Yes,2025-02-11
43065,2025-02-10 20:13:18,Social Media,Discount Offer,Yes,2025-02-10
97899,2025-02-10 13:05:13,Search Ads,New Product Launch,No,2025-02-10
30299,2025-02-11 13:59:29,Referral,-,No,2025-02-11
95960,2025-02-11 09:13:37,Display Ads,Brand Awareness,Yes,2025-02-11
55820,2025-02-10 15:34:18,Display Ads,New Product Launch,No,2025-02-10
11284,2025-02-10 22:04:45,Email,Discount Offer,No,2025-02-10
85722,2025-02-10 15:10:18,Search Ads,Retargeting,No,2025-02-10
30468,2025-02-10 19:50:18,Referral,Brand Awareness,No,2025-02-10
86085,2025-02-10 04:50:46,Display Ads,New Product Launch,Yes,2025-02-10
47709,2025-02-10 21:27:02,Search Ads,Brand Awareness,No,2025-02-10
37332,2025-02-10 04:01:12,Referral,New Product Launch,Yes,2025-02-10
49478,2025-02-10 12:37:01,Direct Traffic,-,Yes,2025-02-10
19651,2025-02-10 20:01:38,Display Ads,Discount Offer,Yes,2025-02-10
13534,2025-02-10 21:33:06,Email,-,Yes,2025-02-10
35726,2025-02-10 00:35:03,Referral,Brand Awareness,No,2025-02-10
53582,2025-02-11 02:09:25,Display Ads,Retargeting,Yes,2025-02-11
46667,2025-02-11 02:47:46,Direct Traffic,-,Yes,2025-02-11
54049,2025-02-11 08:38:24,Search Ads,Brand Awareness,Yes,2025-02-11
58910,2025-02-11 17:39:56,Social Media,Brand Awareness,Yes,2025-02-11
52282,2025-02-11 04:48:06,Email,-,Yes,2025-02-11
14398,2025-02-10 09:15:48,Email,Discount Offer,No,2025-02-10
53419,2025-02-11 04:53:28,Social Media,Retargeting,No,2025-02-11
36375,2025-02-11 13:38:21,Display Ads,Winter Sale,No,2025-02-11
63062,2025-02-10 22:27:40,Email,Brand Awareness,No,2025-02-10
89800,2025-02-10 08:11:14,Search Ads,New Product Launch,Yes,2025-02-10
82330,2025-02-11 02:32:19,Referral,Retargeting,No,2025-02-11
11784,2025-02-11 04:30:58,Search Ads,-,No,2025-02-11
68681,2025-02-11 20:49:44,Email,Brand Awareness,Yes,2025-02-11
10378,2025-02-10 04:44:53,Search Ads,-,Yes,2025-02-10
64163,2025-02-10 18:40:04,Social Media,Winter Sale,Yes,2025-02-10
73945,2025-02-10 18:27:43,Display Ads,Retargeting,Yes,2025-02-10
81530,2025-02-10 02:21:50,Display Ads,Brand Awareness,Yes,2025-02-10
80804,2025-02-11 01:24:26,Display Ads,Retargeting,Yes,2025-02-11
22407,2025-02-10 12:09:05,Direct Traffic,-,No,2025-02-10
79880,2025-02-11 13:01:54,Referral,Discount Offer,No,2025-02-11
78296,2025-02-10 19:23:38,Display Ads,Retargeting,No,2025-02-10
99937,2025-02-10 21:55:01,Referral,Discount Offer,No,2025-02-10
46918,2025-02-10 16:09:08,Display Ads,-,Yes,2025-02-10
89732,2025-02-11 18:37:14,Search Ads,Winter Sale,No,2025-02-11
13186,2025-02-11 09:28:39,Email,Brand Awareness,No,2025-02-11
56072,2025-02-11 11:02:52,Email,New Product Launch,Yes,2025-02-11
80653,2025-02-10 17:01:04,Search Ads,New Product Launch,Yes,2025-02-10
76276,2025-02-10 16:01:58,Social Media,Brand Awareness,No,2025-02-10
85426,2025-02-10 04:25:09,Direct Traffic,-,No,2025-02-10
79789,2025-02-10 17:42:12,Display Ads,Winter Sale,No,2025-02-10
51399,2025-02-11 07:51:37,Referral,-,Yes,2025-02-11
71932,2025-02-10 09:25:00,Direct Traffic,-,No,2025-02-10
44062,2025-02-10 06:33:56,Direct Traffic,-,Yes,2025-02-10
90039,2025-02-11 13:02:52,Social Media,New Product Launch,Yes,2025-02-11
71839,2025-02-10 21:58:21,Email,New Product Launch,Yes,2025-02-10
95648,2025-02-11 08:56:15,Referral,-,Yes,2025-02-11
75700,2025-02-11 20:39:22,Email,-,Yes,2025-02-11
46364,2025-02-11 01:36:48,Referral,New Product Launch,Yes,2025-02-11
54877,2025-02-11 09:50:57,Referral,New Product Launch,Yes,2025-02-11
90964,2025-02-11 01:51:05,Email,Winter Sale,No,2025-02-11
41563,2025-02-11 02:32:34,Direct Traffic,-,No,2025-02-11
72612,2025-02-11 14:05:55,Social Media,Retargeting,No,2025-02-11
76940,2025-02-10 06:48:58,Search Ads,New Product Launch,No,2025-02-10
65383,2025-02-11 07:43:32,Referral,Brand Awareness,Yes,2025-02-11
51785,2025-02-11 20:02:50,Display Ads,Winter Sale,No,2025-02-11
25172,2025-02-11 08:52:48,Email,New Product Launch,Yes,2025-02-11
56733,2025-02-10 23:22:20,Social Media,Retargeting,No,2025-02-10
94932,2025-02-11 00:37:02,Direct Traffic,-,No,2025-02-11
29440,2025-02-11 00:38:23,Social Media,Brand Awareness,No,2025-02-11
34372,2025-02-11 23:21:19,Referral,-,No,2025-02-11
57726,2025-02-10 03:21:27,Search Ads,Winter Sale,Yes,2025-02-10
16337,2025-02-11 02:47:08,Display Ads,New Product Launch,No,2025-02-11
28589,2025-02-11 00:21:10,Referral,Discount Offer,Yes,2025-02-11
47151,2025-02-10 18:36:57,Search Ads,Retargeting,No,2025-02-10
80503,2025-02-11 05:19:39,Search Ads,Brand Awareness,Yes,2025-02-11
69737,2025-02-11 19:13:35,Referral,Retargeting,No,2025-02-11
22358,2025-02-11 10:08:47,Display Ads,Brand Awareness,Yes,2025-02-11
64541,2025-02-11 08:44:21,Display Ads,Discount Offer,Yes,2025-02-11
12459,2025-02-10 02:12:45,Referral,New Product Launch,No,2025-02-10
66625,2025-02-10 06:34:50,Referral,Winter Sale,No,2025-02-10
92043,2025-02-11 08:16:59,Direct Traffic,-,Yes,2025-02-11
52013,2025-02-11 06:24:36,Search Ads,Brand Awareness,No,2025-02-11
35456,2025-02-11 21:23:40,Referral,Winter Sale,No,2025-02-11
82005,2025-02-11 11:39:14,Search Ads,Winter Sale,No,2025-02-11
64767,2025-02-11 12:54:12,Direct Traffic,-,No,2025-02-11
91565,2025-02-10 17:45:30,Direct Traffic,-,Yes,2025-02-10
30607,2025-02-10 17:17:07,Search Ads,New Product Launch,No,2025-02-10
87375,2025-02-10 04:25:21,Referral,Winter Sale,No,2025-02-10
75328,2025-02-11 09:35:39,Email,-,Yes,2025-02-11
64901,2025-02-11 22:59:29,Direct Traffic,-,No,2025-02-11
70949,2025-02-11 12:51:56,Referral,-,Yes,2025-02-11
74686,2025-02-10 22:00:33,Display Ads,Winter Sale,No,2025-02-10
72122,2025-02-10 07:29:37,Social Media,Winter Sale,Yes,2025-02-10
58344,2025-02-10 00:15:26,Social Media,Discount Offer,Yes,2025-02-10
78831,2025-02-11 05:03:44,Email,Brand Awareness,Yes,2025-02-11
94486,2025-02-10 01:58:50,Social Media,Retargeting,No,2025-02-10
60616,2025-02-11 00:32:02,Referral,Winter Sale,Yes,2025-02-11
61368,2025-02-10 04:01:53,Display Ads,Discount Offer,Yes,2025-02-10
37786,2025-02-10 19:07:31,Direct Traffic,-,No,2025-02-10
79207,2025-02-11 18:13:13,Direct Traffic,-,Yes,2025-02-11
38252,2025-02-10 00:20:55,Email,Retargeting,Yes,2025-02-10
61514,2025-02-10 00:16:52,Social Media,Brand Awareness,No,2025-02-10
52335,2025-02-11 23:27:16,Direct Traffic,-,Yes,2025-02-11
88061,2025-02-10 14:02:10,Search Ads,-,No,2025-02-10
92043,2025-02-11 23:46:24,Display Ads,Retargeting,Yes,2025-02-11
84828,2025-02-10 12:38:10,Social Media,Discount Offer,Yes,2025-02-10
33975,2025-02-10 00:45:39,Search Ads,Winter Sale,Yes,2025-02-10
42824,2025-02-11 17:19:15,Direct Traffic,-,No,2025-02-11
39994,2025-02-11 00:11:51,Referral,Winter Sale,No,2025-02-11
93871,2025-02-10 08:56:45,Social Media,New Product Launch,No,2025-02-10
39351,2025-02-11 11:22:51,Direct Traffic,-,Yes,2025-02-11
67608,2025-02-10 15:31:10,Email,Brand Awareness,No,2025-02-10
61578,2025-02-10 22:58:05,Email,Winter Sale,Yes,2025-02-10
63775,2025-02-10 16:30:45,Direct Traffic,-,Yes,2025-02-10
32882,2025-02-10 10:22:48,Social Media,Winter Sale,Yes,2025-02-10
63710,2025-02-10 10:57:35,Display Ads,Discount Offer,No,2025-02-10
49985,2025-02-10 13:30:18,Referral,New Product Launch,No,2025-02-10
96740,2025-02-11 08:45:17,Search Ads,Retargeting,Yes,2025-02-11
31723,2025-02-10 22:53:17,Social Media,Discount Offer,Yes,2025-02-10
11801,2025-02-11 13:36:35,Search Ads,Brand Awareness,Yes,2025-02-11
53232,2025-02-11 01:27:46,Email,Discount Offer,Yes,2025-02-11
57793,2025-02-11 09:27:06,Referral,Discount Offer,Yes,2025-02-11
94841,2025-02-10 09:26:09,Search Ads,Retargeting,No,2025-02-10
76584,2025-02-10 10:53:29,Referral,Retargeting,Yes,2025-02-10
76711,2025-02-10 03:42:37,Display Ads,Discount Offer,Yes,2025-02-10
42809,2025-02-10 17:52:53,Search Ads,Discount Offer,No,2025-02-10
40011,2025-02-11 18:59:44,Social Media,New Product Launch,No,2025-02-11
31679,2025-02-11 05:15:12,Direct Traffic,-,Yes,2025-02-11
64521,2025-02-10 19:11:56,Search Ads,Retargeting,Yes,2025-02-10
55905,2025-02-10 13:05:37,Display Ads,Discount Offer,No,2025-02-10
10442,2025-02-11 20:30:32,Email,-,Yes,2025-02-11
60684,2025-02-11 17:29:29,Social Media,-,No,2025-02-11
26511,2025-02-10 22:47:29,Referral,-,No,2025-02-10
35006,2025-02-11 15:51:45,Social Media,Brand Awareness,No,2025-02-11
64294,2025-02-10 17:12:36,Referral,Discount Offer,No,2025-02-10
68900,2025-02-11 08:54:47,Display Ads,Winter Sale,No,2025-02-11
15233,2025-02-11 18:35:09,Display Ads,New Product Launch,No,2025-02-11
98432,2025-02-10 14:11:07,Search Ads,Discount Offer,No,2025-02-10
46555,2025-02-10 05:31:15,Search Ads,Retargeting,Yes,2025-02-10
56363,2025-02-10 09:01:56,Referral,Winter Sale,Yes,2025-02-10
53707,2025-02-11 23:25:36,Referral,-,No,2025-02-11
95114,2025-02-10 20:41:12,Email,Retargeting,Yes,2025-02-10
41588,2025-02-11 00:26:40,Email,New Product Launch,No,2025-02-11
28387,2025-02-11 08:48:37,Display Ads,Winter Sale,No,2025-02-11
79087,2025-02-11 06:20:49,Search Ads,Retargeting,Yes,2025-02-11
12756,2025-02-11 00:20:14,Referral,New Product Launch,No,2025-02-11
64204,2025-02-10 15:41:08,Social Media,Winter Sale,No,2025-02-10
71460,2025-02-11 15:42:46,Search Ads,Winter Sale,No,2025-02-11
31937,2025-02-11 08:45:09,Search Ads,Winter Sale,No,2025-02-11
72095,2025-02-11 08:18:09,Referral,Retargeting,Yes,2025-02-11
87404,2025-02-11 14:33:15,Search Ads,New Product Launch,Yes,2025-02-11
41377,2025-02-11 15:17:29,Display Ads,Winter Sale,Yes,2025-02-11
92025,2025-02-11 19:19:14,Display Ads,-,No,2025-02-11
78284,2025-02-10 07:13:45,Search Ads,-,No,2025-02-10
40517,2025-02-10 08:28:31,Referral,-,No,2025-02-10
96142,2025-02-11 12:26:53,Search Ads,Retargeting,No,2025-02-11
76940,2025-02-10 09:55:54,Search Ads,Retargeting,Yes,2025-02-10
21910,2025-02-11 17:02:55,Search Ads,Brand Awareness,Yes,2025-02-11
49967,2025-02-11 16:57:01,Display Ads,New Product Launch,Yes,2025-02-11
22917,2025-02-11 14:00:44,Direct Traffic,-,Yes,2025-02-11
83640,2025-02-11 03:56:13,Display Ads,Retargeting,No,2025-02-11
61032,2025-02-11 19:30:16,Email,-,No,2025-02-11
23216,2025-02-11 23:28:00,Direct Traffic,-,No,2025-02-11
54215,2025-02-10 18:09:10,Display Ads,-,No,2025-02-10
73566,2025-02-10 03:38:16,Display Ads,Winter Sale,No,2025-02-10
20916,2025-02-11 15:13:45,Referral,Winter Sale,Yes,2025-02-11
41667,2025-02-11 15:22:20,Direct Traffic,-,No,2025-02-11
15596,2025-02-10 14:17:56,Social Media,Discount Offer,No,2025-02-10
51669,2025-02-10 02:00:35,Display Ads,Discount Offer,Yes,2025-02-10
10614,2025-02-11 23:44:28,Social Media,Brand Awareness,No,2025-02-11
43877,2025-02-10 22:29:10,Direct Traffic,-,No,2025-02-10
17302,2025-02-11 23:04:37,Search Ads,Brand Awareness,Yes,2025-02-11
46058,2025-02-10 23:24:37,Direct Traffic,-,No,2025-02-10
22921,2025-02-10 04:31:54,Search Ads,-,Yes,2025-02-10
13125,2025-02-10 05:19:16,Direct Traffic,-,Yes,2025-02-10
10062,2025-02-10 22:00:18,Direct Traffic,-,No,2025-02-10
89214,2025-02-11 21:53:23,Email,Brand Awareness,Yes,2025-02-11
11780,2025-02-10 09:12:43,Email,New Product Launch,Yes,2025-02-10
31213,2025-02-10 07:49:37,Display Ads,Winter Sale,Yes,2025-02-10
65812,2025-02-11 22:49:34,Social Media,Discount Offer,Yes,2025-02-11
80769,2025-02-11 04:59:28,Search Ads,Retargeting,No,2025-02-11
43411,2025-02-11 14:46:39,Email,Brand Awareness,Yes,2025-02-11
25765,2025-02-10 07:37:17,Social Media,Retargeting,Yes,2025-02-10
34573,2025-02-11 20:41:17,Referral,Winter Sale,No,2025-02-11
85459,2025-02-11 16:33:35,Referral,Winter Sale,No,2025-02-11
91787,2025-02-10 06:39:01,Display Ads,Discount Offer,No,2025-02-10
39101,2025-02-10 11:31:31,Search Ads,Winter Sale,No,2025-02-10
14916,2025-02-11 02:03:36,Direct Traffic,-,No,2025-02-11
98152,2025-02-10 22:38:00,Social Media,Winter Sale,No,2025-02-10
64781,2025-02-11 03:29:11,Social Media,Retargeting,Yes,2025-02-11
17074,2025-02-11 08:55:31,Referral,Winter Sale,Yes,2025-02-11
96237,2025-02-10 18:55:35,Direct Traffic,-,No,2025-02-10
63511,2025-02-10 02:56:03,Email,New Product Launch,No,2025-02-10
11396,2025-02-11 13:32:31,Social Media,Brand Awareness,Yes,2025-02-11
92346,2025-02-11 22:14:57,Referral,Winter Sale,No,2025-02-11
73905,2025-02-11 21:15:12,Email,Discount Offer,No,2025-02-11
40211,2025-02-11 06:03:46,Referral,Winter Sale,Yes,2025-02-11
41049,2025-02-10 11:05:22,Email,Brand Awareness,Yes,2025-02-10
69460,2025-02-11 13:43:33,Direct Traffic,-,No,2025-02-11
36427,2025-02-11 15:59:19,Social Media,New Product Launch,No,2025-02-11
64037,2025-02-11 20:17:44,Social Media,Brand Awareness,Yes,2025-02-11
51437,2025-02-11 21:39:44,Social Media,Winter Sale,No,2025-02-11
91886,2025-02-10 16:41:21,Direct Traffic,-,Yes,2025-02-10
92346,2025-02-11 09:42:21,Email,Brand Awareness,Yes,2025-02-11
92904,2025-02-11 03:02:48,Email,New Product Launch,No,2025-02-11
38099,2025-02-11 08:09:14,Display Ads,Retargeting,Yes,2025-02-11
26693,2025-02-10 13:14:15,Social Media,Discount Offer,No,2025-02-10
87939,2025-02-11 10:30:36,Search Ads,New Product Launch,Yes,2025-02-11
66382,2025-02-10 11:37:49,Referral,New Product Launch,No,2025-02-10
97825,2025-02-10 05:59:07,Referral,Discount Offer,Yes,2025-02-10
48654,2025-02-10 21:20:03,Social Media,New Product Launch,No,2025-02-10
88316,2025-02-11 22:34:46,Email,Brand Awareness,No,2025-02-11
11798,2025-02-11 10:28:04,Email,Retargeting,Yes,2025-02-11
48115,2025-02-11 17:03:09,Search Ads,Winter Sale,Yes,2025-02-11
61685,2025-02-11 15:17:13,Social Media,New Product Launch,Yes,2025-02-11
83703,2025-02-10 11:18:11,Search Ads,-,Yes,2025-02-10
90001,2025-02-10 17:53:53,Display Ads,Retargeting,No,2025-02-10
68649,2025-02-10 23:42:05,Direct Traffic,-,Yes,2025-02-10
85844,2025-02-10 01:23:36,Referral,Discount Offer,No,2025-02-10
81563,2025-02-10 19:29:41,Display Ads,Discount Offer,Yes,2025-02-10
79181,2025-02-10 05:30:10,Display Ads,Winter Sale,No,2025-02-10
78282,2025-02-10 21:59:39,Display Ads,Discount Offer,No,2025-02-10
29719,2025-02-11 16:27:18,Email,-,No,2025-02-11
59033,2025-02-10 21:12:06,Direct Traffic,-,No,2025-02-10
40114,2025-02-11 03:11:24,Email,Brand Awareness,No,2025-02-11
62615,2025-02-11 08:14:41,Display Ads,Winter Sale,No,2025-02-11
51115,2025-02-11 10:54:20,Display Ads,Retargeting,Yes,2025-02-11
61489,2025-02-10 01:33:29,Search Ads,Discount Offer,Yes,2025-02-10
46268,2025-02-11 02:33:15,Email,Winter Sale,Yes,2025-02-11
68367,2025-02-11 04:10:46,Email,New Product Launch,Yes,2025-02-11
47829,2025-02-10 21:24:23,Referral,New Product Launch,Yes,2025-02-10
39101,2025-02-10 10:32:14,Social Media,-,Yes,2025-02-10
16713,2025-02-11 18:48:36,Direct Traffic,-,Yes,2025-02-11
88112,2025-02-11 20:18:47,Search Ads,Discount Offer,Yes,2025-02-11
12077,2025-02-10 21:38:09,Email,Discount Offer,No,2025-02-10
60226,2025-02-11 14:00:56,Referral,Brand Awareness,No,2025-02-11
48753,2025-02-10 07:00:56,Email,Discount Offer,Yes,2025-02-10
56480,2025-02-10 00:00:23,Referral,Winter Sale,No,2025-02-10
36858,2025-02-10 05:47:31,Social Media,Winter Sale,No,2025-02-10
60755,2025-02-11 15:38:05,Social Media,Brand Awareness,Yes,2025-02-11
40937,2025-02-11 00:41:41,Social Media,-,Yes,2025-02-11
64177,2025-02-11 05:55:19,Email,New Product Launch,Yes,2025-02-11
20524,2025-02-10 07:29:12,Referral,Discount Offer,Yes,2025-02-10
92006,2025-02-11 19:27:37,Email,Winter Sale,No,2025-02-11
90409,2025-02-11 21:39:14,Referral,Discount Offer,No,2025-02-11
12459,2025-02-11 15:32:25,Direct Traffic,-,Yes,2025-02-11
63505,2025-02-11 09:15:06,Social Media,Discount Offer,No,2025-02-11
77184,2025-02-11 20:18:59,Search Ads,Retargeting,No,2025-02-11
90879,2025-02-10 23:48:15,Search Ads,Winter Sale,No,2025-02-10
25229,2025-02-11 18:42:18,Direct Traffic,-,No,2025-02-11
10255,2025-02-10 22:47:49,Direct Traffic,-,Yes,2025-02-10
31012,2025-02-10 00:11:23,Social Media,Brand Awareness,No,2025-02-10
68891,2025-02-10 08:13:50,Social Media,New Product Launch,No,2025-02-10
66986,2025-02-10 15:46:24,Email,Discount Offer,No,2025-02-10
67658,2025-02-11 08:48:40,Display Ads,Retargeting,Yes,2025-02-11
35726,2025-02-11 19:53:36,Referral,New Product Launch,No,2025-02-11
41411,2025-02-11 19:40:40,Search Ads,Retargeting,No,2025-02-11
21910,2025-02-10 02:46:01,Social Media,Discount Offer,Yes,2025-02-10
82159,2025-02-10 11:30:28,Social Media,New Product Launch,No,2025-02-10
51554,2025-02-11 10:23:46,Referral,Discount Offer,Yes,2025-02-11
60973,2025-02-11 05:12:15,Display Ads,Brand Awareness,Yes,2025-02-11
38504,2025-02-10 06:52:30,Social Media,New Product Launch,Yes,2025-02-10
43398,2025-02-11 02:18:30,Direct Traffic,-,Yes,2025-02-11
15924,2025-02-11 02:31:07,Referral,New Product Launch,No,2025-02-11
80204,2025-02-10 01:28:37,Display Ads,Discount Offer,No,2025-02-10
47775,2025-02-10 10:27:02,Social Media,-,No,2025-02-10
41941,2025-02-11 23:13:26,Referral,New Product Launch,Yes,2025-02-11
77091,2025-02-10 09:20:41,Direct Traffic,-,No,2025-02-10
86443,2025-02-10 23:42:41,Referral,Discount Offer,Yes,2025-02-10
44393,2025-02-11 11:48:08,Direct Traffic,-,Yes,2025-02-11
11790,2025-02-10 03:44:22,Referral,-,Yes,2025-02-10
25952,2025-02-10 07:33:09,Social Media,Winter Sale,No,2025-02-10
36822,2025-02-11 09:40:37,Search Ads,New Product Launch,Yes,2025-02-11
99782,2025-02-11 11:32:13,Referral,Discount Offer,Yes,2025-02-11
32562,2025-02-10 00:42:10,Direct Traffic,-,Yes,2025-02-10
86327,2025-02-11 22:17:46,Search Ads,Discount Offer,No,2025-02-11
57385,2025-02-11 14:39:10,Email,Discount Offer,No,2025-02-11
13230,2025-02-11 19:49:57,Display Ads,Retargeting,No,2025-02-11
56480,2025-02-11 22:41:49,Social Media,Brand Awareness,No,2025-02-11
69781,2025-02-10 04:52:27,Display Ads,Winter Sale,Yes,2025-02-10
98997,2025-02-11 15:21:07,Referral,Retargeting,No,2025-02-11
91612,2025-02-11 03:43:52,Display Ads,Discount Offer,No,2025-02-11
79781,2025-02-11 22:51:03,Referral,New Product Launch,Yes,2025-02-11
19454,2025-02-10 23:38:22,Social Media,Brand Awareness,No,2025-02-10
99748,2025-02-11 23:32:57,Referral,Retargeting,Yes,2025-02-11
46014,2025-02-10 14:32:00,Referral,Winter Sale,No,2025-02-10
18955,2025-02-11 15:56:29,Referral,Brand Awareness,No,2025-02-11
44062,2025-02-11 02:36:12,Social Media,Brand Awareness,No,2025-02-11
77294,2025-02-10 15:24:56,Display Ads,Discount Offer,Yes,2025-02-10
76909,2025-02-11 13:19:36,Referral,-,No,2025-02-11
85844,2025-02-11 19:48:15,Social Media,New Product Launch,No,2025-02-11
63712,2025-02-10 09:31:51,Referral,New Product Launch,Yes,2025-02-10
28134,2025-02-10 19:06:51,Social Media,Winter Sale,No,2025-02-10
81493,2025-02-11 17:26:10,Display Ads,Brand Awareness,No,2025-02-11
95665,2025-02-10 09:12:14,Social Media,Discount Offer,No,2025-02-10
21584,2025-02-11 04:12:58,Direct Traffic,-,No,2025-02-11
65026,2025-02-11 00:12:42,Referral,New Product Launch,Yes,2025-02-11
54719,2025-02-10 15:58:15,Referral,New Product Launch,Yes,2025-02-10
32299,2025-02-10 16:35:41,Referral,Retargeting,Yes,2025-02-10
61829,2025-02-10 21:21:26,Display Ads,Winter Sale,Yes,2025-02-10
78980,2025-02-10 19:03:46,Email,-,No,2025-02-10
42809,2025-02-11 05:30:23,Email,Retargeting,No,2025-02-11
26109,2025-02-10 08:28:28,Display Ads,Retargeting,No,2025-02-10
12641,2025-02-10 14:05:24,Social Media,Retargeting,Yes,2025-02-10
34390,2025-02-11 15:39:30,Display Ads,New Product Launch,No,2025-02-11
37332,2025-02-11 04:52:01,Display Ads,-,Yes,2025-02-11
67525,2025-02-11 04:54:42,Social Media,Discount Offer,Yes,2025-02-11
57976,2025-02-11 17:15:58,Social Media,Brand Awareness,No,2025-02-11
71078,2025-02-10 08:03:11,Email,Retargeting,Yes,2025-02-10
93271,2025-02-11 14:44:16,Email,Retargeting,No,2025-02-11
17478,2025-02-10 01:55:14,Referral,-,Yes,2025-02-10
55980,2025-02-11 23:57:00,Direct Traffic,-,No,2025-02-11
82495,2025-02-11 00:00:12,Social Media,Winter Sale,No,2025-02-11
60973,2025-02-11 01:13:31,Email,New Product Launch,No,2025-02-11
52553,2025-02-11 02:48:54,Referral,Retargeting,Yes,2025-02-11
59576,2025-02-11 13:51:58,Social Media,New Product Launch,No,2025-02-11
83153,2025-02-11 18:22:22,Email,Retargeting,Yes,2025-02-11
96656,2025-02-10 01:28:23,Referral,-,No,2025-02-10
73459,2025-02-10 18:22:28,Direct Traffic,-,No,2025-02-10
78514,2025-02-10 23:03:30,Email,Winter Sale,No,2025-02-10
48099,2025-02-10 17:47:58,Email,Brand Awareness,No,2025-02-10
32882,2025-02-10 12:00:05,Email,Winter Sale,No,2025-02-10
66758,2025-02-10 18:08:10,Display Ads,Retargeting,Yes,2025-02-10
94825,2025-02-11 22:08:58,Search Ads,Discount Offer,Yes,2025-02-11
60108,2025-02-10 17:42:03,Social Media,New Product Launch,No,2025-02-10
10442,2025-02-11 11:06:22,Social Media,Winter Sale,No,2025-02-11
50369,2025-02-10 14:39:17,Social Media,Winter Sale,No,2025-02-10
45959,2025-02-11 07:23:40,Email,Retargeting,Yes,2025-02-11
74513,2025-02-10 03:11:13,Email,Discount Offer,No,2025-02-10
81053,2025-02-10 09:33:04,Direct Traffic,-,Yes,2025-02-10
83640,2025-02-10 04:11:23,Display Ads,-,No,2025-02-10
76689,2025-02-10 10:22:46,Search Ads,-,No,2025-02-10
63505,2025-02-10 15:00:12,Email,-,No,2025-02-10
59576,2025-02-10 06:12:03,Referral,Brand Awareness,Yes,2025-02-10
62225,2025-02-10 23:19:38,Display Ads,Winter Sale,No,2025-02-10
92337,2025-02-11 11:30:43,Email,Winter Sale,No,2025-02-11
88027,2025-02-10 11:02:36,Search Ads,New Product Launch,No,2025-02-10
80575,2025-02-10 04:08:22,Social Media,Retargeting,Yes,2025-02-10
59730,2025-02-11 15:13:40,Display Ads,Retargeting,Yes,2025-02-11
85470,2025-02-10 03:23:56,Referral,New Product Launch,No,2025-02-10
64907,2025-02-10 06:06:43,Display Ads,Retargeting,Yes,2025-02-10
49243,2025-02-10 18:00:22,Search Ads,Winter Sale,No,2025-02-10
34587,2025-02-10 02:14:45,Direct Traffic,-,Yes,2025-02-10
19816,2025-02-11 23:51:00,Display Ads,Brand Awareness,No,2025-02-11
96237,2025-02-11 19:52:58,Search Ads,New Product Launch,Yes,2025-02-11
38683,2025-02-11 16:17:50,Search Ads,New Product Launch,Yes,2025-02-11
19651,2025-02-10 14:00:31,Direct Traffic,-,Yes,2025-02-10
15640,2025-02-10 14:20:20,Display Ads,Brand Awareness,No,2025-02-10
17272,2025-02-10 20:34:48,Direct Traffic,-,Yes,2025-02-10
74350,2025-02-10 10:49:44,Referral,Brand Awareness,No,2025-02-10
88187,2025-02-11 11:39:44,Direct Traffic,-,Yes,2025-02-11
23671,2025-02-10 17:19:56,Display Ads,Retargeting,No,2025-02-10
21445,2025-02-10 07:58:59,Direct Traffic,-,Yes,2025-02-10
28459,2025-02-11 10:30:32,Search Ads,New Product Launch,Yes,2025-02-11
60477,2025-02-10 17:42:12,Search Ads,Winter Sale,Yes,2025-02-10
52282,2025-02-10 16:35:49,Email,Discount Offer,Yes,2025-02-10
84693,2025-02-11 22:16:26,Email,New Product Launch,Yes,2025-02-11
67211,2025-02-10 14:53:11,Email,New Product Launch,Yes,2025-02-10
37007,2025-02-10 17:32:28,Email,Winter Sale,No,2025-02-10
93270,2025-02-11 20:29:31,Display Ads,Winter Sale,No,2025-02-11
10317,2025-02-10 04:33:40,Direct Traffic,-,No,2025-02-10
99744,2025-02-11 23:05:31,Email,Retargeting,Yes,2025-02-11
96285,2025-02-10 05:35:59,Email,Winter Sale,No,2025-02-10
31703,2025-02-11 17:43:53,Referral,Brand Awareness,No,2025-02-11
22553,2025-02-10 04:26:46,Email,Retargeting,No,2025-02-10
11284,2025-02-10 01:04:47,Display Ads,Retargeting,No,2025-02-10
56636,2025-02-10 19:09:40,Social Media,-,No,2025-02-10
39994,2025-02-10 02:23:03,Email,Retargeting,Yes,2025-02-10
24012,2025-02-11 08:05:13,Referral,-,Yes,2025-02-11
96454,2025-02-10 01:31:04,Direct Traffic,-,No,2025-02-10
72045,2025-02-10 05:39:32,Referral,New Product Launch,No,2025-02-10
69090,2025-02-10 00:04:21,Social Media,Retargeting,Yes,2025-02-10
72518,2025-02-10 01:38:29,Direct Traffic,-,Yes,2025-02-10
65497,2025-02-11 17:33:24,Direct Traffic,-,No,2025-02-11
41665,2025-02-11 17:05:14,Search Ads,Retargeting,No,2025-02-11
28047,2025-02-11 21:09:26,Social Media,Winter Sale,Yes,2025-02-11
79163,2025-02-11 07:08:09,Referral,-,Yes,2025-02-11
87851,2025-02-10 10:24:39,Display Ads,-,No,2025-02-10
87851,2025-02-10 13:50:16,Email,Retargeting,Yes,2025-02-10
59390,2025-02-10 02:47:11,Social Media,Discount Offer,No,2025-02-10
25377,2025-02-10 01:10:52,Social Media,Retargeting,No,2025-02-10
43531,2025-02-11 08:33:41,Social Media,-,No,2025-02-11
56768,2025-02-11 18:31:09,Email,Winter Sale,Yes,2025-02-11
79404,2025-02-10 08:21:56,Social Media,New Product Launch,No,2025-02-10
39572,2025-02-11 12:24:50,Referral,New Product Launch,No,2025-02-11
23958,2025-02-11 20:59:28,Direct Traffic,-,Yes,2025-02-11
85459,2025-02-11 04:53:02,Social Media,Retargeting,Yes,2025-02-11
61947,2025-02-11 18:12:59,Referral,Winter Sale,No,2025-02-11
88868,2025-02-11 20:55:53,Direct Traffic,-,No,2025-02-11
60973,2025-02-11 15:34:07,Social Media,-,No,2025-02-11
34007,2025-02-11 11:21:32,Social Media,-,Yes,2025-02-11
49789,2025-02-11 10:58:02,Display Ads,New Product Launch,Yes,2025-02-11
96142,2025-02-10 04:33:47,Direct Traffic,-,Yes,2025-02-10
43603,2025-02-10 18:54:34,Social Media,Brand Awareness,No,2025-02-10
48990,2025-02-11 04:54:14,Referral,Retargeting,Yes,2025-02-11
23202,2025-02-11 02:21:52,Direct Traffic,-,Yes,2025-02-11
98237,2025-02-10 22:57:17,Direct Traffic,-,No,2025-02-10
41956,2025-02-10 10:54:30,Social Media,Brand Awareness,Yes,2025-02-10
73302,2025-02-10 18:48:59,Social Media,Winter Sale,Yes,2025-02-10
35664,2025-02-10 00:39:54,Referral,Winter Sale,Yes,2025-02-10
55886,2025-02-11 03:32:24,Email,Discount Offer,No,2025-02-11
91512,2025-02-11 04:28:22,Direct Traffic,-,No,2025-02-11
52731,2025-02-10 04:13:24,Email,Discount Offer,No,2025-02-10
44393,2025-02-11 09:16:42,Display Ads,Brand Awareness,No,2025-02-11
88880,2025-02-11 06:34:19,Display Ads,-,Yes,2025-02-11
13771,2025-02-10 16:13:59,Social Media,Brand Awareness,Yes,2025-02-10
52113,2025-02-11 23:36:02,Display Ads,Discount Offer,Yes,2025-02-11
30628,2025-02-11 13:03:58,Social Media,Brand Awareness,Yes,2025-02-11
94646,2025-02-11 12:53:09,Direct Traffic,-,No,2025-02-11
34833,2025-02-11 17:37:40,Email,Retargeting,Yes,2025-02-11
57996,2025-02-10 14:28:13,Referral,Discount Offer,No,2025-02-10
52864,2025-02-11 11:05:24,Search Ads,Retargeting,No,2025-02-11
86715,2025-02-11 23:31:52,Search Ads,Discount Offer,Yes,2025-02-11
74035,2025-02-10 08:04:06,Search Ads,-,Yes,2025-02-10
38046,2025-02-11 20:16:56,Direct Traffic,-,No,2025-02-11
55745,2025-02-11 20:38:39,Search Ads,-,No,2025-02-11
98627,2025-02-11 08:16:15,Direct Traffic,-,Yes,2025-02-11
95275,2025-02-11 02:33:59,Direct Traffic,-,No,2025-02-11
56219,2025-02-11 06:50:56,Social Media,Winter Sale,Yes,2025-02-11
45622,2025-02-11 16:55:08,Email,Brand Awareness,No,2025-02-11
96656,2025-02-10 08:50:16,Social Media,Retargeting,No,2025-02-10
82712,2025-02-10 04:38:55,Referral,-,No,2025-02-10
10698,2025-02-10 08:31:40,Search Ads,Retargeting,No,2025-02-10
22811,2025-02-10 11:01:22,Search Ads,Winter Sale,Yes,2025-02-10
39131,2025-02-10 18:56:23,Display Ads,-,Yes,2025-02-10
25377,2025-02-10 16:26:28,Search Ads,-,No,2025-02-10
67658,2025-02-10 08:20:19,Email,Winter Sale,No,2025-02-10
57996,2025-02-10 12:28:42,Display Ads,Discount Offer,Yes,2025-02-10
95242,2025-02-11 07:17:29,Search Ads,Brand Awareness,Yes,2025-02-11
76040,2025-02-11 18:07:07,Direct Traffic,-,No,2025-02-11
59390,2025-02-10 12:12:33,Search Ads,New Product Launch,Yes,2025-02-10
16348,2025-02-10 03:29:40,Direct Traffic,-,Yes,2025-02-10
52720,2025-02-11 04:22:11,Search Ads,Winter Sale,Yes,2025-02-11
83153,2025-02-10 13:42:45,Social Media,Discount Offer,Yes,2025-02-10
84492,2025-02-10 20:25:33,Email,Brand Awareness,Yes,2025-02-10
83712,2025-02-10 22:06:18,Display Ads,New Product Launch,No,2025-02-10
93014,2025-02-10 20:09:38,Direct Traffic,-,Yes,2025-02-10
92555,2025-02-10 23:52:39,Email,Winter Sale,No,2025-02-10
61489,2025-02-10 06:01:19,Referral,-,Yes,2025-02-10
10654,2025-02-11 17:14:00,Email,Retargeting,Yes,2025-02-11
83991,2025-02-11 06:06:24,Social Media,-,Yes,2025-02-11
86889,2025-02-11 11:22:28,Referral,Winter Sale,Yes,2025-02-11
81244,2025-02-11 10:37:00,Social Media,Discount Offer,Yes,2025-02-11
81053,2025-02-11 13:41:32,Referral,Brand Awareness,Yes,2025-02-11
33843,2025-02-10 02:26:15,Direct Traffic,-,No,2025-02-10
79163,2025-02-10 14:54:53,Referral,-,No,2025-02-10
69144,2025-02-11 19:45:21,Email,-,Yes,2025-02-11
82495,2025-02-10 06:21:44,Display Ads,Winter Sale,Yes,2025-02-10
43340,2025-02-10 03:53:28,Social Media,-,Yes,2025-02-10
90322,2025-02-11 17:34:51,Email,New Product Launch,No,2025-02-11
80549,2025-02-11 16:45:52,Display Ads,New Product Launch,No,2025-02-11
12397,2025-02-11 03:02:02,Display Ads,Discount Offer,No,2025-02-11
46662,2025-02-11 20:06:12,Referral,New Product Launch,No,2025-02-11
72457,2025-02-10 05:26:38,Display Ads,Retargeting,Yes,2025-02-10
43721,2025-02-11 14:46:09,Search Ads,Discount Offer,No,2025-02-11
68367,2025-02-10 15:43:13,Direct Traffic,-,No,2025-02-10
12641,2025-02-10 02:26:52,Display Ads,Winter Sale,Yes,2025-02-10
25377,2025-02-11 14:11:57,Display Ads,Retargeting,Yes,2025-02-11
59611,2025-02-10 22:26:36,Referral,Winter Sale,Yes,2025-02-10
49456,2025-02-11 06:12:54,Referral,New Product Launch,No,2025-02-11
78262,2025-02-11 01:20:51,Email,Retargeting,Yes,2025-02-11
54259,2025-02-11 22:56:06,Display Ads,Winter Sale,Yes,2025-02-11
13872,2025-02-10 11:32:08,Direct Traffic,-,No,2025-02-10
41941,2025-02-10 22:42:38,Email,-,No,2025-02-10
54766,2025-02-11 15:10:49,Search Ads,New Product Launch,Yes,2025-02-11
11661,2025-02-11 02:38:58,Direct Traffic,-,No,2025-02-11
10556,2025-02-11 15:07:03,Direct Traffic,-,No,2025-02-11
15259,2025-02-11 18:04:27,Search Ads,New Product Launch,No,2025-02-11
98520,2025-02-11 23:30:57,Email,New Product Launch,No,2025-02-11
72095,2025-02-10 14:14:03,Direct Traffic,-,Yes,2025-02-10
75250,2025-02-10 04:51:55,Referral,Winter Sale,Yes,2025-02-10
35980,2025-02-10 11:13:47,Referral,Retargeting,No,2025-02-10
21910,2025-02-11 22:14:37,Display Ads,-,Yes,2025-02-11
36115,2025-02-10 22:31:33,Search Ads,Retargeting,No,2025-02-10
71306,2025-02-11 13:12:48,Referral,Retargeting,Yes,2025-02-11
59188,2025-02-11 21:45:03,Display Ads,-,No,2025-02-11
49456,2025-02-10 20:28:17,Direct Traffic,-,No,2025-02-10
41969,2025-02-11 10:12:12,Email,Retargeting,No,2025-02-11
21788,2025-02-10 11:06:25,Social Media,-,Yes,2025-02-10
60799,2025-02-11 19:46:12,Direct Traffic,-,Yes,2025-02-11
56634,2025-02-10 12:52:31,Display Ads,New Product Launch,No,2025-02-10
31723,2025-02-10 15:56:20,Email,Winter Sale,No,2025-02-10
81908,2025-02-11 01:22:01,Display Ads,Winter Sale,Yes,2025-02-11
44882,2025-02-10 20:50:32,Search Ads,Brand Awareness,Yes,2025-02-10
17879,2025-02-10 13:10:56,Email,-,No,2025-02-10
61655,2025-02-10 21:28:44,Referral,Discount Offer,No,2025-02-10
28985,2025-02-11 23:22:16,Referral,Brand Awareness,Yes,2025-02-11
90253,2025-02-10 19:28:56,Search Ads,Retargeting,Yes,2025-02-10
74738,2025-02-11 13:31:35,Direct Traffic,-,No,2025-02-11
56075,2025-02-10 21:24:01,Direct Traffic,-,Yes,2025-02-10
29648,2025-02-11 22:34:57,Search Ads,Discount Offer,No,2025-02-11
94431,2025-02-10 13:40:54,Email,New Product Launch,Yes,2025-02-10
40381,2025-02-11 06:23:24,Social Media,Discount Offer,No,2025-02-11
15578,2025-02-11 08:49:22,Search Ads,New Product Launch,No,2025-02-11
72077,2025-02-11 18:45:49,Direct Traffic,-,Yes,2025-02-11
32914,2025-02-10 15:47:39,Display Ads,-,No,2025-02-10
37332,2025-02-11 05:50:50,Social Media,Retargeting,Yes,2025-02-11
26109,2025-02-10 15:16:46,Social Media,Winter Sale,Yes,2025-02-10
51412,2025-02-11 20:03:25,Social Media,New Product Launch,No,2025-02-11
78862,2025-02-10 05:03:08,Email,-,Yes,2025-02-10
54010,2025-02-10 14:48:42,Direct Traffic,-,Yes,2025-02-10
60236,2025-02-11 10:55:08,Email,Winter Sale,Yes,2025-02-11
69460,2025-02-11 01:06:14,Email,New Product Launch,No,2025-02-11
12459,2025-02-10 22:45:28,Social Media,-,Yes,2025-02-10
55079,2025-02-10 07:23:12,Search Ads,Retargeting,No,2025-02-10
50905,2025-02-10 18:40:08,Display Ads,New Product Launch,Yes,2025-02-10
79404,2025-02-10 14:00:16,Search Ads,-,No,2025-02-10
42501,2025-02-10 03:43:31,Search Ads,New Product Launch,Yes,2025-02-10
34372,2025-02-11 22:04:43,Social Media,Retargeting,Yes,2025-02-11
20300,2025-02-10 23:30:11,Referral,Brand Awareness,Yes,2025-02-10
26763,2025-02-11 00:18:55,Social Media,Retargeting,No,2025-02-11
45652,2025-02-11 08:43:36,Social Media,New Product Launch,No,2025-02-11
64294,2025-02-11 16:31:00,Email,-,No,2025-02-11
98237,2025-02-10 02:48:27,Direct Traffic,-,Yes,2025-02-10
10095,2025-02-10 07:07:27,Display Ads,Retargeting,Yes,2025-02-10
21343,2025-02-10 13:55:18,Search Ads,Brand Awareness,No,2025-02-10
93802,2025-02-10 22:08:13,Search Ads,Retargeting,No,2025-02-10
41641,2025-02-11 03:17:47,Display Ads,Retargeting,No,2025-02-11
25195,2025-02-10 20:30:14,Display Ads,-,No,2025-02-10
53006,2025-02-11 05:45:35,Direct Traffic,-,Yes,2025-02-11
80267,2025-02-11 08:30:58,Display Ads,New Product Launch,Yes,2025-02-11
40950,2025-02-11 17:49:48,Direct Traffic,-,No,2025-02-11
73368,2025-02-10 17:06:16,Social Media,Discount Offer,No,2025-02-10
56075,2025-02-11 12:55:42,Email,Brand Awareness,Yes,2025-02-11
62061,2025-02-10 00:55:33,Direct Traffic,-,Yes,2025-02-10
52335,2025-02-10 16:54:35,Display Ads,New Product Launch,No,2025-02-10
12459,2025-02-10 05:20:48,Social Media,New Product Launch,Yes,2025-02-10
45964,2025-02-10 22:00:34,Display Ads,Discount Offer,No,2025-02-10
56480,2025-02-11 09:58:09,Display Ads,Retargeting,Yes,2025-02-11
19759,2025-02-10 02:32:53,Direct Traffic,-,Yes,2025-02-10
49366,2025-02-11 04:26:55,Search Ads,Winter Sale,Yes,2025-02-11
80631,2025-02-11 15:16:31,Social Media,New Product Launch,No,2025-02-11
17715,2025-02-11 16:16:36,Email,-,No,2025-02-11
62446,2025-02-11 17:40:56,Email,Discount Offer,Yes,2025-02-11
61528,2025-02-10 16:42:49,Display Ads,-,No,2025-02-10
84512,2025-02-11 09:43:04,Search Ads,Retargeting,No,2025-02-11
38481,2025-02-11 05:46:57,Display Ads,Brand Awareness,Yes,2025-02-11
70576,2025-02-11 03:43:44,Direct Traffic,-,No,2025-02-11
20111,2025-02-11 19:21:14,Display Ads,Discount Offer,Yes,2025-02-11
45192,2025-02-10 01:25:12,Referral,New Product Launch,No,2025-02-10
82916,2025-02-11 19:51:40,Search Ads,Retargeting,No,2025-02-11
39364,2025-02-10 06:42:25,Direct Traffic,-,Yes,2025-02-10
58561,2025-02-11 08:47:53,Direct Traffic,-,Yes,2025-02-11
51558,2025-02-10 07:06:15,Direct Traffic,-,No,2025-02-10
98673,2025-02-11 21:10:09,Display Ads,Winter Sale,Yes,2025-02-11
72518,2025-02-11 08:56:03,Direct Traffic,-,Yes,2025-02-11
25725,2025-02-10 21:13:20,Referral,-,No,2025-02-10
50166,2025-02-11 20:22:29,Display Ads,Winter Sale,Yes,2025-02-11
12731,2025-02-10 05:03:41,Search Ads,Winter Sale,No,2025-02-10
36097,2025-02-11 13:14:37,Display Ads,Winter Sale,Yes,2025-02-11
83703,2025-02-11 02:50:24,Display Ads,Brand Awareness,Yes,2025-02-11
90964,2025-02-11 05:39:45,Referral,Retargeting,Yes,2025-02-11
81888,2025-02-11 03:56:04,Direct Traffic,-,Yes,2025-02-11
53220,2025-02-10 09:53:25,Display Ads,New Product Launch,No,2025-02-10
50295,2025-02-10 08:48:18,Social Media,Winter Sale,No,2025-02-10
59390,2025-02-11 18:51:02,Referral,Winter Sale,No,2025-02-11
92370,2025-02-10 07:38:25,Search Ads,-,No,2025-02-10
83712,2025-02-10 13:54:32,Referral,New Product Launch,Yes,2025-02-10
33991,2025-02-11 01:57:17,Direct Traffic,-,Yes,2025-02-11
71036,2025-02-10 15:14:25,Social Media,-,No,2025-02-10
12410,2025-02-11 09:49:04,Direct Traffic,-,No,2025-02-11
10120,2025-02-11 10:21:03,Direct Traffic,-,No,2025-02-11
31889,2025-02-11 18:11:08,Email,Brand Awareness,No,2025-02-11
17634,2025-02-10 15:39:01,Direct Traffic,-,No,2025-02-10
79906,2025-02-11 04:12:29,Email,-,No,2025-02-11
18298,2025-02-10 10:08:43,Email,-,No,2025-02-10
34498,2025-02-10 12:25:09,Social Media,Discount Offer,Yes,2025-02-10
64712,2025-02-10 06:10:40,Social Media,Brand Awareness,Yes,2025-02-10
27925,2025-02-10 19:02:08,Display Ads,Winter Sale,No,2025-02-10
27556,2025-02-11 06:17:38,Social Media,-,Yes,2025-02-11
40965,2025-02-10 04:06:16,Search Ads,Winter Sale,No,2025-02-10
83785,2025-02-10 22:15:49,Search Ads,Discount Offer,Yes,2025-02-10
99318,2025-02-11 07:47:20,Search Ads,-,Yes,2025-02-11
22917,2025-02-10 07:27:36,Email,Brand Awareness,No,2025-02-10
46491,2025-02-11 18:14:08,Email,Discount Offer,Yes,2025-02-11
37648,2025-02-10 01:09:07,Search Ads,Winter Sale,No,2025-02-10
76452,2025-02-11 16:03:11,Search Ads,New Product Launch,No,2025-02-11
32877,2025-02-10 13:52:15,Search Ads,Retargeting,No,2025-02-10
48099,2025-02-10 22:51:19,Search Ads,Winter Sale,Yes,2025-02-10
66881,2025-02-10 01:16:05,Social Media,Winter Sale,Yes,2025-02-10
98517,2025-02-10 06:37:01,Referral,Discount Offer,No,2025-02-10
15555,2025-02-10 20:03:08,Display Ads,New Product Launch,No,2025-02-10
44528,2025-02-10 20:40:34,Social Media,Retargeting,No,2025-02-10
79304,2025-02-11 06:52:02,Display Ads,Discount Offer,No,2025-02-11
40666,2025-02-10 20:31:31,Social Media,Retargeting,Yes,2025-02-10
62061,2025-02-10 08:20:03,Display Ads,Discount Offer,No,2025-02-10
31219,2025-02-11 14:01:20,Social Media,Winter Sale,No,2025-02-11
17611,2025-02-10 21:45:20,Direct Traffic,-,Yes,2025-02-10
23332,2025-02-10 10:30:55,Direct Traffic,-,No,2025-02-10
10518,2025-02-10 18:33:25,Social Media,Winter Sale,No,2025-02-10
50453,2025-02-10 02:47:01,Referral,Retargeting,No,2025-02-10
18492,2025-02-11 06:05:33,Referral,New Product Launch,No,2025-02-11
74763,2025-02-11 03:52:22,Display Ads,-,Yes,2025-02-11
49743,2025-02-11 15:34:26,Referral,-,Yes,2025-02-11
29113,2025-02-11 21:11:32,Display Ads,Retargeting,No,2025-02-11
42353,2025-02-11 08:07:43,Referral,-,No,2025-02-11
48080,2025-02-10 00:01:54,Direct Traffic,-,No,2025-02-10
88859,2025-02-10 23:08:04,Email,-,No,2025-02-10
44167,2025-02-10 05:41:07,Direct Traffic,-,Yes,2025-02-10
74876,2025-02-11 21:48:43,Search Ads,Retargeting,Yes,2025-02-11
97825,2025-02-11 01:46:57,Referral,Discount Offer,Yes,2025-02-11
21255,2025-02-11 10:40:29,Direct Traffic,-,Yes,2025-02-11
85277,2025-02-11 13:15:06,Display Ads,Winter Sale,Yes,2025-02-11
82125,2025-02-11 22:54:32,Display Ads,Retargeting,No,2025-02-11
73566,2025-02-11 13:50:03,Display Ads,Brand Awareness,No,2025-02-11
34310,2025-02-10 19:34:06,Referral,Brand Awareness,No,2025-02-10
31723,2025-02-11 01:39:49,Email,New Product Launch,Yes,2025-02-11
32882,2025-02-10 05:06:00,Email,New Product Launch,Yes,2025-02-10
41612,2025-02-10 03:24:02,Social Media,Brand Awareness,Yes,2025-02-10
91787,2025-02-10 12:54:58,Direct Traffic,-,No,2025-02-10
23747,2025-02-10 00:52:05,Social Media,Brand Awareness,Yes,2025-02-10
82927,2025-02-11 05:02:03,Direct Traffic,-,Yes,2025-02-11
92350,2025-02-10 02:46:38,Direct Traffic,-,Yes,2025-02-10
71570,2025-02-11 14:44:35,Email,Discount Offer,No,2025-02-11
56075,2025-02-10 01:00:07,Referral,Discount Offer,No,2025-02-10
81908,2025-02-10 11:51:36,Display Ads,-,Yes,2025-02-10
35436,2025-02-10 22:57:15,Referral,New Product Launch,No,2025-02-10
42914,2025-02-10 21:48:07,Display Ads,Retargeting,Yes,2025-02-10
43692,2025-02-11 18:52:39,Display Ads,Winter Sale,No,2025-02-11
88316,2025-02-11 12:14:53,Social Media,Discount Offer,No,2025-02-11
25845,2025-02-10 06:01:09,Email,New Product Launch,Yes,2025-02-10
91357,2025-02-10 12:34:25,Direct Traffic,-,No,2025-02-10
89770,2025-02-11 04:22:06,Direct Traffic,-,Yes,2025-02-11
45476,2025-02-10 04:05:41,Referral,Discount Offer,Yes,2025-02-10
23799,2025-02-10 15:37:40,Referral,New Product Launch,Yes,2025-02-10
61019,2025-02-10 23:31:55,Display Ads,Discount Offer,No,2025-02-10
35661,2025-02-11 20:07:06,Email,Discount Offer,No,2025-02-11
92699,2025-02-10 03:04:13,Referral,Brand Awareness,No,2025-02-10
15145,2025-02-11 16:53:49,Display Ads,-,Yes,2025-02-11
37622,2025-02-10 12:51:51,Search Ads,Winter Sale,Yes,2025-02-10
18301,2025-02-10 10:25:19,Search Ads,Brand Awareness,No,2025-02-10
90712,2025-02-11 04:50:08,Referral,-,No,2025-02-11
49735,2025-02-10 00:56:54,Search Ads,Winter Sale,No,2025-02-10
13191,2025-02-10 17:46:20,Direct Traffic,-,No,2025-02-10
57385,2025-02-10 08:10:49,Referral,-,Yes,2025-02-10
94253,2025-02-11 10:39:09,Direct Traffic,-,Yes,2025-02-11
41004,2025-02-11 19:26:04,Email,Retargeting,Yes,2025-02-11
60660,2025-02-11 18:46:37,Email,Brand Awareness,Yes,2025-02-11
42501,2025-02-10 07:01:41,Referral,Brand Awareness,No,2025-02-10
55744,2025-02-11 14:52:44,Email,Retargeting,No,2025-02-11
59482,2025-02-11 06:37:09,Social Media,New Product Launch,No,2025-02-11
37703,2025-02-10 02:22:23,Social Media,New Product Launch,Yes,2025-02-10
82182,2025-02-10 16:39:54,Display Ads,-,Yes,2025-02-10
43033,2025-02-11 15:56:00,Direct Traffic,-,Yes,2025-02-11
10668,2025-02-10 18:19:25,Direct Traffic,-,Yes,2025-02-10
61278,2025-02-10 20:15:18,Email,-,Yes,2025-02-10
96872,2025-02-11 19:34:12,Direct Traffic,-,Yes,2025-02-11
63095,2025-02-10 12:23:23,Social Media,Retargeting,No,2025-02-10
10426,2025-02-11 12:48:22,Direct Traffic,-,Yes,2025-02-11
51871,2025-02-11 09:17:32,Direct Traffic,-,Yes,2025-02-11
78574,2025-02-10 23:57:19,Referral,Discount Offer,No,2025-02-10
23621,2025-02-10 00:41:33,Referral,Winter Sale,Yes,2025-02-10
63551,2025-02-11 22:04:32,Email,Discount Offer,No,2025-02-11
81689,2025-02-10 11:45:12,Email,Winter Sale,Yes,2025-02-10
39713,2025-02-10 06:51:52,Social Media,New Product Launch,Yes,2025-02-10
52553,2025-02-11 14:57:26,Email,Winter Sale,Yes,2025-02-11
64263,2025-02-10 10:15:41,Social Media,Brand Awareness,No,2025-02-10
72389,2025-02-11 01:37:40,Email,Discount Offer,No,2025-02-11
50636,2025-02-11 23:16:38,Search Ads,Winter Sale,No,2025-02-11
67860,2025-02-11 03:34:52,Social Media,New Product Launch,No,2025-02-11
75470,2025-02-10 13:49:13,Social Media,New Product Launch,No,2025-02-10
55980,2025-02-11 23:19:13,Direct Traffic,-,No,2025-02-11
25725,2025-02-11 06:54:39,Social Media,Brand Awareness,Yes,2025-02-11
92914,2025-02-10 08:23:55,Social Media,Winter Sale,Yes,2025-02-10
40090,2025-02-10 02:36:43,Direct Traffic,-,Yes,2025-02-10
44303,2025-02-11 08:47:20,Referral,Winter Sale,Yes,2025-02-11
30274,2025-02-11 16:41:26,Direct Traffic,-,No,2025-02-11
55905,2025-02-11 00:01:33,Social Media,-,No,2025-02-11
92487,2025-02-10 06:05:09,Search Ads,New Product Launch,No,2025-02-10
58481,2025-02-11 14:48:59,Display Ads,Retargeting,Yes,2025-02-11
13428,2025-02-11 12:56:02,Social Media,Discount Offer,Yes,2025-02-11
19792,2025-02-11 21:34:45,Display Ads,Retargeting,No,2025-02-11
68900,2025-02-11 09:33:20,Referral,New Product Launch,Yes,2025-02-11
34608,2025-02-10 02:16:33,Direct Traffic,-,Yes,2025-02-10
31213,2025-02-11 10:40:11,Search Ads,Winter Sale,No,2025-02-11
64705,2025-02-10 23:27:07,Email,Brand Awareness,No,2025-02-10
11611,2025-02-10 20:42:48,Direct Traffic,-,Yes,2025-02-10
19442,2025-02-11 03:28:06,Referral,Retargeting,No,2025-02-11
46055,2025-02-10 20:04:19,Search Ads,-,No,2025-02-10
16302,2025-02-10 11:30:39,Search Ads,-,No,2025-02-10
22811,2025-02-11 21:21:55,Direct Traffic,-,Yes,2025-02-11
75637,2025-02-11 23:59:21,Display Ads,Brand Awareness,No,2025-02-11
54106,2025-02-10 13:03:31,Search Ads,-,No,2025-02-10
57951,2025-02-10 23:24:04,Email,Winter Sale,No,2025-02-10
91904,2025-02-11 21:30:35,Display Ads,-,No,2025-02-11
63781,2025-02-11 19:43:26,Search Ads,Retargeting,Yes,2025-02-11
17074,2025-02-11 20:29:26,Search Ads,New Product Launch,Yes,2025-02-11
58496,2025-02-11 21:57:31,Direct Traffic,-,Yes,2025-02-11
61905,2025-02-10 10:47:46,Direct Traffic,-,No,2025-02-10
55099,2025-02-10 15:36:42,Direct Traffic,-,Yes,2025-02-10
52689,2025-02-10 16:17:09,Social Media,Retargeting,Yes,2025-02-10
45959,2025-02-10 16:15:51,Email,-,No,2025-02-10
74300,2025-02-11 16:33:39,Display Ads,Winter Sale,Yes,2025-02-11
52472,2025-02-11 02:38:01,Email,Discount Offer,Yes,2025-02-11
28511,2025-02-11 10:53:07,Email,New Product Launch,Yes,2025-02-11
87191,2025-02-11 11:20:41,Email,-,No,2025-02-11
58561,2025-02-10 11:36:59,Display Ads,-,Yes,2025-02-10
99147,2025-02-11 20:36:50,Email,Brand Awareness,Yes,2025-02-11
26648,2025-02-11 16:10:36,Direct Traffic,-,Yes,2025-02-11
65259,2025-02-10 16:37:39,Direct Traffic,-,Yes,2025-02-10
17715,2025-02-11 02:58:18,Social Media,Winter Sale,Yes,2025-02-11
10614,2025-02-11 15:09:04,Search Ads,Winter Sale,No,2025-02-11
54334,2025-02-10 22:43:55,Social Media,Retargeting,No,2025-02-10
20400,2025-02-10 16:09:58,Search Ads,-,No,2025-02-10
22743,2025-02-10 09:33:18,Search Ads,-,No,2025-02-10
56476,2025-02-11 14:13:44,Display Ads,-,Yes,2025-02-11
82125,2025-02-11 14:18:26,Referral,Discount Offer,Yes,2025-02-11
23671,2025-02-10 12:43:05,Referral,Discount Offer,No,2025-02-10
85549,2025-02-10 06:52:24,Display Ads,Brand Awareness,No,2025-02-10
47473,2025-02-11 22:22:27,Email,-,No,2025-02-11
82064,2025-02-10 10:15:41,Social Media,New Product Launch,No,2025-02-10
16348,2025-02-10 01:27:39,Referral,Retargeting,Yes,2025-02-10
35830,2025-02-10 14:49:17,Social Media,-,No,2025-02-10
82166,2025-02-11 08:45:43,Referral,New Product Launch,No,2025-02-11
82495,2025-02-11 08:06:13,Search Ads,Winter Sale,No,2025-02-11
29206,2025-02-11 02:39:24,Email,Discount Offer,No,2025-02-11
86216,2025-02-10 21:21:22,Display Ads,Discount Offer,No,2025-02-10
32900,2025-02-11 03:45:37,Email,New Product Launch,Yes,2025-02-11
19364,2025-02-10 20:11:19,Display Ads,New Product Launch,Yes,2025-02-10
95694,2025-02-11 02:45:44,Display Ads,Winter Sale,No,2025-02-11
92974,2025-02-10 09:28:46,Social Media,Retargeting,Yes,2025-02-10
14916,2025-02-11 08:48:01,Direct Traffic,-,Yes,2025-02-11
43787,2025-02-10 00:56:39,Social Media,Brand Awareness,Yes,2025-02-10
24956,2025-02-11 13:02:25,Referral,Retargeting,No,2025-02-11
45892,2025-02-10 01:32:03,Social Media,Winter Sale,No,2025-02-10
36175,2025-02-10 22:08:18,Email,-,No,2025-02-10
43178,2025-02-10 15:56:34,Direct Traffic,-,Yes,2025-02-10
23863,2025-02-10 19:10:38,Search Ads,Brand Awareness,Yes,2025-02-10
42671,2025-02-10 04:54:33,Display Ads,Brand Awareness,Yes,2025-02-10
66408,2025-02-11 07:57:11,Search Ads,Brand Awareness,No,2025-02-11
24956,2025-02-11 00:00:37,Social Media,Retargeting,No,2025-02-11
25524,2025-02-11 22:35:10,Display Ads,New Product Launch,Yes,2025-02-11
60102,2025-02-11 15:47:02,Search Ads,-,Yes,2025-02-11
64528,2025-02-10 00:17:48,Email,Winter Sale,No,2025-02-10
90546,2025-02-11 03:56:06,Email,-,No,2025-02-11
45866,2025-02-11 02:19:37,Direct Traffic,-,No,2025-02-11
31308,2025-02-10 22:32:55,Social Media,Brand Awareness,No,2025-02-10
59787,2025-02-10 08:43:00,Social Media,Brand Awareness,Yes,2025-02-10
42457,2025-02-11 12:26:20,Display Ads,New Product Launch,No,2025-02-11
31185,2025-02-10 21:05:16,Social Media,-,Yes,2025-02-10
27571,2025-02-10 05:23:57,Referral,Discount Offer,Yes,2025-02-10
35216,2025-02-11 07:51:53,Referral,Brand Awareness,Yes,2025-02-11
91772,2025-02-11 00:26:43,Search Ads,New Product Launch,No,2025-02-11
89901,2025-02-10 07:55:07,Display Ads,Retargeting,Yes,2025-02-10
83991,2025-02-11 23:45:09,Search Ads,Retargeting,Yes,2025-02-11
24256,2025-02-10 20:46:38,Social Media,Brand Awareness,No,2025-02-10
13584,2025-02-11 03:12:26,Display Ads,Retargeting,No,2025-02-11
92468,2025-02-11 23:50:46,Search Ads,Brand Awareness,Yes,2025-02-11
85422,2025-02-11 11:31:52,Search Ads,Retargeting,No,2025-02-11
36625,2025-02-10 06:45:12,Search Ads,-,Yes,2025-02-10
31643,2025-02-11 11:46:21,Direct Traffic,-,Yes,2025-02-11
27548,2025-02-11 12:03:48,Email,-,Yes,2025-02-11
61368,2025-02-10 19:30:19,Referral,Winter Sale,Yes,2025-02-10
10925,2025-02-11 10:45:43,Display Ads,Retargeting,No,2025-02-11
57125,2025-02-10 18:55:46,Direct Traffic,-,Yes,2025-02-10
78830,2025-02-10 11:07:21,Direct Traffic,-,No,2025-02-10
40530,2025-02-11 00:02:09,Display Ads,Retargeting,No,2025-02-11
94832,2025-02-11 09:37:00,Search Ads,-,Yes,2025-02-11
16062,2025-02-10 13:28:51,Email,Retargeting,No,2025-02-10
29272,2025-02-10 15:18:19,Social Media,Discount Offer,Yes,2025-02-10
31012,2025-02-11 21:49:48,Search Ads,Discount Offer,No,2025-02-11
31833,2025-02-10 01:17:10,Social Media,Brand Awareness,Yes,2025-02-10
61650,2025-02-11 23:20:15,Search Ads,New Product Launch,No,2025-02-11
28459,2025-02-10 18:25:37,Social Media,Discount Offer,No,2025-02-10
26401,2025-02-11 19:24:06,Search Ads,Brand Awareness,Yes,2025-02-11
70492,2025-02-10 12:15:53,Display Ads,-,No,2025-02-10
79880,2025-02-10 20:26:22,Social Media,Brand Awareness,No,2025-02-10
27513,2025-02-10 12:01:12,Search Ads,Winter Sale,No,2025-02-10
12712,2025-02-11 03:01:23,Referral,Winter Sale,Yes,2025-02-11
45981,2025-02-11 21:47:45,Direct Traffic,-,No,2025-02-11
63471,2025-02-10 01:14:00,Referral,Retargeting,No,2025-02-10
25124,2025-02-10 17:54:59,Direct Traffic,-,No,2025-02-10
40666,2025-02-11 21:55:33,Email,Retargeting,Yes,2025-02-11
58929,2025-02-11 15:28:13,Social Media,Winter Sale,No,2025-02-11
48990,2025-02-10 10:29:58,Direct Traffic,-,Yes,2025-02-10
64157,2025-02-11 11:31:23,Search Ads,New Product Launch,Yes,2025-02-11
14916,2025-02-10 23:53:36,Search Ads,New Product Launch,Yes,2025-02-10
94486,2025-02-11 21:23:47,Email,Retargeting,Yes,2025-02-11
64870,2025-02-10 18:55:18,Search Ads,Winter Sale,No,2025-02-10
80938,2025-02-10 14:22:28,Social Media,-,Yes,2025-02-10
51068,2025-02-10 00:59:01,Social Media,Discount Offer,Yes,2025-02-10
96454,2025-02-10 12:38:01,Email,Discount Offer,No,2025-02-10
37708,2025-02-11 04:05:51,Email,Retargeting,No,2025-02-11
45368,2025-02-10 08:20:30,Direct Traffic,-,No,2025-02-10
37055,2025-02-11 17:35:26,Referral,Discount Offer,Yes,2025-02-11
48099,2025-02-10 21:06:10,Display Ads,Winter Sale,Yes,2025-02-10
82774,2025-02-11 04:27:47,Search Ads,Winter Sale,No,2025-02-11
25294,2025-02-10 11:43:33,Social Media,Brand Awareness,Yes,2025-02-10
28268,2025-02-11 04:32:11,Email,Retargeting,Yes,2025-02-11
18572,2025-02-10 00:27:06,Email,Retargeting,Yes,2025-02-10
44833,2025-02-11 03:14:25,Direct Traffic,-,Yes,2025-02-11
98208,2025-02-11 05:58:07,Email,-,No,2025-02-11
36676,2025-02-10 23:47:58,Email,-,Yes,2025-02-10
21255,2025-02-11 17:29:00,Direct Traffic,-,Yes,2025-02-11
86414,2025-02-10 17:54:32,Social Media,Retargeting,No,2025-02-10
40350,2025-02-11 23:52:28,Direct Traffic,-,No,2025-02-11
16075,2025-02-10 13:13:25,Social Media,New Product Launch,Yes,2025-02-10
43767,2025-02-11 11:11:54,Direct Traffic,-,No,2025-02-11
17566,2025-02-10 17:09:01,Email,Retargeting,No,2025-02-10
76940,2025-02-11 02:54:32,Referral,-,No,2025-02-11
65514,2025-02-11 15:58:20,Social Media,New Product Launch,No,2025-02-11
35980,2025-02-11 18:47:38,Referral,-,Yes,2025-02-11
57125,2025-02-11 12:38:04,Referral,Winter Sale,Yes,2025-02-11
80324,2025-02-10 03:24:12,Social Media,Brand Awareness,No,2025-02-10
31012,2025-02-11 22:44:27,Email,-,Yes,2025-02-11
68762,2025-02-10 14:54:11,Search Ads,New Product Launch,No,2025-02-10
80623,2025-02-11 15:53:34,Email,New Product Launch,Yes,2025-02-11
16785,2025-02-11 07:19:11,Email,Winter Sale,No,2025-02-11
81974,2025-02-10 08:35:12,Display Ads,Discount Offer,Yes,2025-02-10
10045,2025-02-11 18:44:15,Display Ads,New Product Launch,Yes,2025-02-11
30521,2025-02-10 15:43:41,Email,New Product Launch,Yes,2025-02-10
98738,2025-02-10 08:12:13,Referral,Retargeting,No,2025-02-10
64703,2025-02-11 00:21:52,Direct Traffic,-,No,2025-02-11
60844,2025-02-10 20:01:11,Direct Traffic,-,No,2025-02-10
20300,2025-02-10 14:21:19,Referral,New Product Launch,No,2025-02-10
96934,2025-02-10 18:18:18,Search Ads,Brand Awareness,No,2025-02-10
59482,2025-02-11 11:50:30,Direct Traffic,-,No,2025-02-11
82259,2025-02-11 13:08:18,Referral,Discount Offer,No,2025-02-11
11233,2025-02-11 08:04:35,Referral,Brand Awareness,No,2025-02-11
74464,2025-02-10 11:53:28,Email,Winter Sale,No,2025-02-10
25104,2025-02-10 18:08:41,Email,Discount Offer,Yes,2025-02-10
10202,2025-02-10 13:33:07,Social Media,Retargeting,Yes,2025-02-10
29844,2025-02-10 01:02:07,Email,Winter Sale,No,2025-02-10
28721,2025-02-10 23:42:15,Search Ads,Winter Sale,No,2025-02-10
83481,2025-02-11 11:29:09,Display Ads,Winter Sale,Yes,2025-02-11
23486,2025-02-11 17:05:12,Display Ads,Retargeting,Yes,2025-02-11
51813,2025-02-11 03:00:30,Email,Winter Sale,Yes,2025-02-11
17769,2025-02-11 15:09:34,Social Media,Discount Offer,Yes,2025-02-11
93193,2025-02-11 22:50:25,Referral,-,Yes,2025-02-11
76303,2025-02-11 16:59:43,Social Media,Brand Awareness,No,2025-02-11
46342,2025-02-11 04:10:57,Direct Traffic,-,Yes,2025-02-11
39795,2025-02-11 02:46:13,Search Ads,Winter Sale,No,2025-02-11
15596,2025-02-10 13:11:35,Email,-,Yes,2025-02-10
52328,2025-02-11 23:02:42,Direct Traffic,-,Yes,2025-02-11
49518,2025-02-10 05:54:12,Email,New Product Launch,No,2025-02-10
88258,2025-02-10 13:27:39,Search Ads,Brand Awareness,Yes,2025-02-10
75293,2025-02-10 17:08:16,Social Media,Discount Offer,No,2025-02-10
84203,2025-02-10 15:50:49,Display Ads,-,No,2025-02-10
43930,2025-02-11 14:09:46,Direct Traffic,-,Yes,2025-02-11
52236,2025-02-10 08:59:40,Search Ads,Brand Awareness,No,2025-02-10
49073,2025-02-11 09:01:46,Social Media,New Product Launch,Yes,2025-02-11
48649,2025-02-11 06:49:46,Social Media,Brand Awareness,No,2025-02-11
62905,2025-02-10 04:39:58,Referral,New Product Launch,Yes,2025-02-10
20916,2025-02-11 18:26:40,Referral,Discount Offer,Yes,2025-02-11
47391,2025-02-11 20:59:00,Referral,-,Yes,2025-02-11
94816,2025-02-11 00:53:58,Display Ads,Retargeting,No,2025-02-11
74984,2025-02-11 21:16:20,Search Ads,New Product Launch,Yes,2025-02-11
63990,2025-02-11 01:49:17,Email,New Product Launch,No,2025-02-11
76871,2025-02-10 17:12:07,Social Media,New Product Launch,No,2025-02-10
88357,2025-02-10 19:19:28,Email,Discount Offer,Yes,2025-02-10
15208,2025-02-11 10:22:42,Search Ads,New Product Launch,Yes,2025-02-11
22931,2025-02-10 03:13:46,Direct Traffic,-,Yes,2025-02-10
50281,2025-02-11 23:21:54,Search Ads,Retargeting,Yes,2025-02-11
52520,2025-02-10 16:45:53,Display Ads,-,Yes,2025-02-10
65026,2025-02-10 17:25:03,Email,Winter Sale,No,2025-02-10
29164,2025-02-11 14:35:06,Referral,Discount Offer,No,2025-02-11
82427,2025-02-10 02:03:39,Display Ads,New Product Launch,Yes,2025-02-10
10919,2025-02-10 14:14:04,Referral,Brand Awareness,No,2025-02-10
35409,2025-02-10 08:50:42,Search Ads,New Product Launch,Yes,2025-02-10
26648,2025-02-11 11:42:37,Email,Winter Sale,Yes,2025-02-11
37051,2025-02-10 12:13:23,Referral,Retargeting,No,2025-02-10
28623,2025-02-11 12:15:50,Direct Traffic,-,Yes,2025-02-11
22861,2025-02-11 05:35:38,Referral,Retargeting,Yes,2025-02-11
66414,2025-02-11 14:22:56,Search Ads,Winter Sale,No,2025-02-11
40517,2025-02-11 16:01:05,Direct Traffic,-,Yes,2025-02-11
64113,2025-02-10 22:29:01,Search Ads,Retargeting,No,2025-02-10
61594,2025-02-11 08:03:37,Direct Traffic,-,Yes,2025-02-11
52689,2025-02-11 01:31:09,Email,Winter Sale,Yes,2025-02-11
36457,2025-02-11 09:39:35,Social Media,Brand Awareness,Yes,2025-02-11
51057,2025-02-10 00:37:17,Search Ads,Winter Sale,Yes,2025-02-10
28919,2025-02-11 19:47:11,Referral,New Product Launch,No,2025-02-11
51640,2025-02-11 15:46:57,Social Media,Retargeting,No,2025-02-11
17126,2025-02-11 13:17:15,Display Ads,Discount Offer,No,2025-02-11
64153,2025-02-11 19:48:31,Social Media,-,Yes,2025-02-11
13480,2025-02-10 21:16:55,Social Media,New Product Launch,Yes,2025-02-10
49375,2025-02-11 17:54:32,Display Ads,Brand Awareness,Yes,2025-02-11
65453,2025-02-10 09:46:22,Email,Winter Sale,No,2025-02-10
54010,2025-02-11 16:15:19,Search Ads,Winter Sale,Yes,2025-02-11
34192,2025-02-10 10:34:55,Search Ads,Discount Offer,Yes,2025-02-10
17714,2025-02-11 08:55:37,Email,New Product Launch,Yes,2025-02-11
72815,2025-02-11 03:09:41,Search Ads,Discount Offer,Yes,2025-02-11
44859,2025-02-10 18:34:06,Search Ads,Retargeting,Yes,2025-02-10
16561,2025-02-11 04:55:01,Email,Brand Awareness,No,2025-02-11
18582,2025-02-10 09:05:05,Direct Traffic,-,No,2025-02-10
65383,2025-02-10 23:12:11,Social Media,Discount Offer,Yes,2025-02-10
62471,2025-02-11 20:52:01,Email,Winter Sale,No,2025-02-11
36457,2025-02-10 18:22:50,Display Ads,New Product Launch,No,2025-02-10
54016,2025-02-10 02:27:54,Referral,-,No,2025-02-10
62697,2025-02-10 02:28:38,Referral,New Product Launch,No,2025-02-10
47085,2025-02-10 05:30:15,Search Ads,Retargeting,Yes,2025-02-10
47391,2025-02-11 01:29:03,Search Ads,Retargeting,No,2025-02-11
30607,2025-02-10 10:13:19,Social Media,New Product Launch,Yes,2025-02-10
31213,2025-02-11 16:14:34,Search Ads,Winter Sale,Yes,2025-02-11
80527,2025-02-11 15:35:24,Email,Retargeting,No,2025-02-11
30664,2025-02-10 09:00:46,Email,Discount Offer,Yes,2025-02-10
75637,2025-02-10 01:49:47,Referral,New Product Launch,No,2025-02-10
79019,2025-02-10 10:32:53,Search Ads,Winter Sale,Yes,2025-02-10
75250,2025-02-11 08:38:44,Search Ads,-,No,2025-02-11
46954,2025-02-11 01:35:07,Display Ads,Winter Sale,No,2025-02-11
34372,2025-02-10 09:40:56,Email,-,No,2025-02-10
29809,2025-02-10 11:41:10,Display Ads,Brand Awareness,Yes,2025-02-10
44994,2025-02-10 11:50:21,Search Ads,New Product Launch,Yes,2025-02-10
87606,2025-02-11 09:33:58,Referral,New Product Launch,No,2025-02-11
68585,2025-02-10 20:52:33,Display Ads,Discount Offer,Yes,2025-02-10
60001,2025-02-11 09:45:49,Email,Retargeting,Yes,2025-02-11
18618,2025-02-10 10:30:02,Display Ads,Brand Awareness,Yes,2025-02-10
44397,2025-02-11 20:14:08,Social Media,Winter Sale,No,2025-02-11
21484,2025-02-11 12:37:09,Social Media,Winter Sale,No,2025-02-11
88072,2025-02-11 23:21:55,Email,Discount Offer,Yes,2025-02-11
39287,2025-02-11 15:28:57,Referral,Retargeting,No,2025-02-11
90322,2025-02-10 00:49:38,Display Ads,New Product Launch,No,2025-02-10
56075,2025-02-11 09:15:04,Direct Traffic,-,No,2025-02-11
11209,2025-02-10 23:08:34,Direct Traffic,-,No,2025-02-10
30651,2025-02-10 18:58:23,Email,Discount Offer,No,2025-02-10
76909,2025-02-10 11:44:53,Direct Traffic,-,Yes,2025-02-10
58113,2025-02-10 03:22:44,Email,Winter Sale,No,2025-02-10
31021,2025-02-11 20:01:41,Direct Traffic,-,No,2025-02-11
51664,2025-02-11 14:48:13,Display Ads,Discount Offer,Yes,2025-02-11
75302,2025-02-11 16:16:19,Social Media,New Product Launch,Yes,2025-02-11
82610,2025-02-11 12:22:41,Direct Traffic,-,No,2025-02-11
38468,2025-02-11 19:16:51,Direct Traffic,-,No,2025-02-11
80892,2025-02-10 19:23:57,Referral,-,No,2025-02-10
26622,2025-02-10 17:11:29,Email,-,Yes,2025-02-10
52472,2025-02-10 20:29:54,Email,Winter Sale,Yes,2025-02-10
23449,2025-02-11 17:55:40,Display Ads,Winter Sale,No,2025-02-11
73105,2025-02-10 05:33:23,Referral,New Product Launch,No,2025-02-10
24452,2025-02-11 08:38:32,Referral,New Product Launch,Yes,2025-02-11
29368,2025-02-10 02:22:13,Search Ads,-,Yes,2025-02-10
12410,2025-02-10 19:11:16,Social Media,Retargeting,No,2025-02-10
64147,2025-02-10 15:48:21,Direct Traffic,-,Yes,2025-02-10
61234,2025-02-10 22:35:38,Display Ads,Discount Offer,Yes,2025-02-10
42671,2025-02-11 14:27:50,Search Ads,Retargeting,No,2025-02-11
29238,2025-02-11 15:38:11,Social Media,Discount Offer,No,2025-02-11
61828,2025-02-10 04:10:10,Referral,Retargeting,No,2025-02-10
92799,2025-02-10 23:47:33,Social Media,-,No,2025-02-10
25687,2025-02-10 05:52:09,Referral,Brand Awareness,Yes,2025-02-10
29109,2025-02-11 22:42:46,Referral,Discount Offer,Yes,2025-02-11
30274,2025-02-11 08:34:53,Search Ads,Winter Sale,Yes,2025-02-11
71655,2025-02-10 19:30:10,Display Ads,Winter Sale,Yes,2025-02-10
41641,2025-02-11 11:21:26,Social Media,New Product Launch,Yes,2025-02-11
45964,2025-02-10 11:02:32,Search Ads,Brand Awareness,No,2025-02-10
69781,2025-02-11 01:00:08,Social Media,New Product Launch,No,2025-02-11
20594,2025-02-10 07:43:35,Direct Traffic,-,No,2025-02-10
17761,2025-02-11 16:47:34,Referral,-,Yes,2025-02-11
57951,2025-02-11 16:45:25,Display Ads,Brand Awareness,Yes,2025-02-11
57943,2025-02-11 03:01:30,Search Ads,Brand Awareness,No,2025-02-11
77873,2025-02-11 09:07:24,Social Media,-,No,2025-02-11
65726,2025-02-11 15:12:09,Search Ads,Brand Awareness,No,2025-02-11
55756,2025-02-11 22:33:48,Email,Winter Sale,No,2025-02-11
51813,2025-02-11 05:13:34,Email,Brand Awareness,Yes,2025-02-11
52609,2025-02-11 02:00:41,Referral,Brand Awareness,No,2025-02-11
52320,2025-02-11 03:57:03,Referral,Winter Sale,No,2025-02-11
24025,2025-02-11 07:52:29,Search Ads,Retargeting,Yes,2025-02-11
74534,2025-02-10 05:12:38,Search Ads,Brand Awareness,No,2025-02-10
28751,2025-02-10 09:31:24,Email,New Product Launch,No,2025-02-10
86824,2025-02-11 01:33:05,Search Ads,New Product Launch,Yes,2025-02-11
15176,2025-02-11 08:18:05,Referral,New Product Launch,No,2025-02-11
28567,2025-02-10 21:01:14,Email,-,No,2025-02-10
17702,2025-02-11 03:10:05,Email,New Product Launch,Yes,2025-02-11
21910,2025-02-10 00:21:42,Social Media,Retargeting,No,2025-02-10
79969,2025-02-11 11:13:40,Direct Traffic,-,No,2025-02-11
54278,2025-02-10 18:55:51,Referral,Retargeting,No,2025-02-10
41612,2025-02-11 04:15:47,Social Media,Retargeting,Yes,2025-02-11
17133,2025-02-10 21:14:50,Email,Winter Sale,Yes,2025-02-10
35107,2025-02-10 08:29:12,Email,New Product Launch,Yes,2025-02-10
13186,2025-02-10 19:18:16,Email,New Product Launch,No,2025-02-10
35961,2025-02-11 03:12:59,Search Ads,Winter Sale,Yes,2025-02-11
81212,2025-02-10 21:45:27,Email,New Product Launch,No,2025-02-10
37903,2025-02-11 06:21:18,Search Ads,Discount Offer,No,2025-02-11
67454,2025-02-11 13:58:22,Display Ads,New Product Launch,Yes,2025-02-11
41411,2025-02-11 22:59:49,Social Media,Retargeting,Yes,2025-02-11
98418,2025-02-10 21:42:42,Social Media,Brand Awareness,Yes,2025-02-10
17611,2025-02-11 21:18:10,Direct Traffic,-,No,2025-02-11
11416,2025-02-10 07:28:53,Referral,Discount Offer,No,2025-02-10
80904,2025-02-10 12:04:36,Direct Traffic,-,Yes,2025-02-10
28400,2025-02-10 18:06:10,Direct Traffic,-,Yes,2025-02-10
49789,2025-02-10 04:00:24,Social Media,Brand Awareness,Yes,2025-02-10
28144,2025-02-11 02:59:09,Direct Traffic,-,Yes,2025-02-11
15105,2025-02-11 07:23:06,Referral,Retargeting,Yes,2025-02-11
15145,2025-02-11 07:33:02,Referral,Discount Offer,No,2025-02-11
75137,2025-02-11 15:11:45,Direct Traffic,-,No,2025-02-11
61462,2025-02-10 02:03:35,Direct Traffic,-,No,2025-02-10
37002,2025-02-10 13:41:46,Referral,Winter Sale,No,2025-02-10
44859,2025-02-10 10:08:22,Search Ads,-,No,2025-02-10
88859,2025-02-10 18:19:02,Search Ads,New Product Launch,Yes,2025-02-10
55333,2025-02-11 20:15:28,Display Ads,Winter Sale,No,2025-02-11
30989,2025-02-10 02:20:18,Search Ads,New Product Launch,Yes,2025-02-10
49661,2025-02-10 04:14:54,Email,Discount Offer,Yes,2025-02-10
77286,2025-02-10 03:27:55,Referral,Retargeting,Yes,2025-02-10
52335,2025-02-10 15:28:47,Search Ads,New Product Launch,No,2025-02-10
31901,2025-02-11 23:21:17,Social Media,Retargeting,Yes,2025-02-11
46442,2025-02-11 14:46:46,Referral,-,No,2025-02-11
88515,2025-02-11 06:09:08,Display Ads,-,Yes,2025-02-11
83993,2025-02-10 05:43:01,Search Ads,Brand Awareness,No,2025-02-10
34395,2025-02-11 01:50:27,Social Media,New Product Launch,No,2025-02-11
54334,2025-02-11 13:35:16,Search Ads,-,No,2025-02-11
68571,2025-02-10 04:34:40,Display Ads,New Product Launch,No,2025-02-10
71827,2025-02-11 00:19:04,Social Media,Winter Sale,No,2025-02-11
16348,2025-02-11 17:43:11,Direct Traffic,-,Yes,2025-02-11
32402,2025-02-10 16:49:55,Direct Traffic,-,Yes,2025-02-10
45812,2025-02-11 12:25:43,Search Ads,-,Yes,2025-02-11
40011,2025-02-10 10:19:33,Social Media,New Product Launch,No,2025-02-10
83923,2025-02-11 11:29:19,Referral,Winter Sale,Yes,2025-02-11
13004,2025-02-11 05:50:14,Referral,Winter Sale,Yes,2025-02-11
60156,2025-02-10 00:23:27,Display Ads,Winter Sale,No,2025-02-10
19400,2025-02-10 17:32:21,Direct Traffic,-,Yes,2025-02-10
82505,2025-02-11 09:00:50,Email,Retargeting,No,2025-02-11
76240,2025-02-10 05:12:07,Social Media,Winter Sale,Yes,2025-02-10
37622,2025-02-11 11:40:11,Referral,New Product Launch,Yes,2025-02-11
59110,2025-02-10 08:01:48,Email,New Product Launch,No,2025-02-10
21537,2025-02-11 05:36:58,Direct Traffic,-,No,2025-02-11
72842,2025-02-10 20:11:45,Search Ads,Brand Awareness,Yes,2025-02-10
58938,2025-02-11 07:45:27,Referral,New Product Launch,Yes,2025-02-11
33578,2025-02-10 07:53:19,Display Ads,Retargeting,No,2025-02-10
30675,2025-02-10 18:26:59,Display Ads,Brand Awareness,Yes,2025-02-10
25104,2025-02-11 23:57:16,Direct Traffic,-,No,2025-02-11
39400,2025-02-11 04:26:53,Direct Traffic,-,No,2025-02-11
81406,2025-02-10 06:46:59,Email,Winter Sale,Yes,2025-02-10
67253,2025-02-10 08:21:36,Social Media,Retargeting,No,2025-02-10
24251,2025-02-11 15:52:41,Email,New Product Launch,No,2025-02-11
14668,2025-02-10 11:16:18,Search Ads,Discount Offer,Yes,2025-02-10
37610,2025-02-10 06:52:02,Social Media,Brand Awareness,No,2025-02-10
84773,2025-02-11 02:44:03,Display Ads,Retargeting,No,2025-02-11
75656,2025-02-11 01:15:19,Social Media,Winter Sale,No,2025-02-11
46827,2025-02-11 08:24:19,Direct Traffic,-,No,2025-02-11
92201,2025-02-10 02:43:47,Search Ads,Winter Sale,No,2025-02-10
85309,2025-02-11 20:30:24,Email,Winter Sale,Yes,2025-02-11
50839,2025-02-10 18:18:19,Email,Winter Sale,No,2025-02-10
24212,2025-02-10 09:43:27,Referral,Retargeting,Yes,2025-02-10
91357,2025-02-10 07:05:22,Direct Traffic,-,No,2025-02-10
76358,2025-02-10 01:44:13,Display Ads,Retargeting,Yes,2025-02-10
26670,2025-02-11 07:13:15,Social Media,Discount Offer,Yes,2025-02-11
89214,2025-02-11 20:47:38,Referral,New Product Launch,No,2025-02-11
45652,2025-02-10 12:15:30,Referral,Retargeting,No,2025-02-10
16713,2025-02-10 06:38:57,Social Media,Discount Offer,No,2025-02-10
30155,2025-02-11 12:21:22,Search Ads,Discount Offer,Yes,2025-02-11
85470,2025-02-10 19:52:14,Social Media,Winter Sale,Yes,2025-02-10
41115,2025-02-10 21:14:27,Social Media,-,Yes,2025-02-10
88027,2025-02-11 11:26:42,Direct Traffic,-,Yes,2025-02-11
42457,2025-02-11 18:25:01,Search Ads,Discount Offer,No,2025-02-11
74913,2025-02-10 04:06:27,Display Ads,Discount Offer,No,2025-02-10
19388,2025-02-10 15:55:15,Search Ads,Brand Awareness,Yes,2025-02-10
80097,2025-02-10 14:18:27,Social Media,Discount Offer,Yes,2025-02-10
64528,2025-02-11 13:41:11,Social Media,New Product Launch,Yes,2025-02-11
35789,2025-02-10 00:44:36,Display Ads,Winter Sale,No,2025-02-10
52520,2025-02-11 15:50:18,Display Ads,Brand Awareness,No,2025-02-11
77873,2025-02-11 21:29:21,Display Ads,Brand Awareness,No,2025-02-11
85375,2025-02-10 05:24:18,Display Ads,Brand Awareness,Yes,2025-02-10
97446,2025-02-11 03:09:14,Display Ads,New Product Launch,No,2025-02-11
74300,2025-02-10 09:52:29,Social Media,Winter Sale,Yes,2025-02-10
63243,2025-02-11 21:11:51,Referral,Brand Awareness,Yes,2025-02-11
30026,2025-02-11 20:33:41,Referral,New Product Launch,No,2025-02-11
75470,2025-02-11 05:35:28,Search Ads,Winter Sale,No,2025-02-11
58510,2025-02-11 15:05:01,Search Ads,Retargeting,No,2025-02-11
75700,2025-02-11 07:54:20,Direct Traffic,-,No,2025-02-11
21255,2025-02-11 17:09:18,Display Ads,Discount Offer,Yes,2025-02-11
33601,2025-02-10 08:21:13,Email,-,No,2025-02-10
89793,2025-02-11 15:55:16,Search Ads,Retargeting,Yes,2025-02-11
61426,2025-02-11 11:32:55,Direct Traffic,-,Yes,2025-02-11
72040,2025-02-11 07:19:58,Social Media,Brand Awareness,No,2025-02-11
53859,2025-02-11 03:27:34,Search Ads,Retargeting,Yes,2025-02-11
50501,2025-02-11 13:50:40,Display Ads,-,Yes,2025-02-11
41573,2025-02-10 07:14:36,Direct Traffic,-,Yes,2025-02-10
56480,2025-02-11 00:16:24,Direct Traffic,-,No,2025-02-11
74381,2025-02-10 03:27:38,Direct Traffic,-,Yes,2025-02-10
44535,2025-02-10 15:35:16,Referral,Winter Sale,No,2025-02-10
30299,2025-02-10 02:47:14,Email,Discount Offer,No,2025-02-10
26511,2025-02-10 00:51:56,Email,Retargeting,Yes,2025-02-10
24251,2025-02-11 18:43:11,Referral,Retargeting,Yes,2025-02-11
48700,2025-02-11 00:17:56,Search Ads,Discount Offer,No,2025-02-11
69351,2025-02-10 04:43:52,Direct Traffic,-,Yes,2025-02-10
71979,2025-02-11 12:42:06,Search Ads,Brand Awareness,No,2025-02-11
39321,2025-02-11 14:58:58,Email,Brand Awareness,No,2025-02-11
66139,2025-02-11 14:51:02,Search Ads,New Product Launch,No,2025-02-11
17702,2025-02-10 07:48:08,Display Ads,Discount Offer,Yes,2025-02-10
49847,2025-02-11 18:20:26,Referral,Discount Offer,No,2025-02-11
22743,2025-02-10 14:06:22,Search Ads,Brand Awareness,No,2025-02-10
20594,2025-02-11 20:56:16,Social Media,-,Yes,2025-02-11
56652,2025-02-11 02:50:11,Referral,-,No,2025-02-11
76541,2025-02-11 07:49:59,Email,Discount Offer,No,2025-02-11
67074,2025-02-10 20:20:25,Direct Traffic,-,No,2025-02-10
25790,2025-02-10 13:46:24,Display Ads,Discount Offer,Yes,2025-02-10
64747,2025-02-11 04:22:19,Referral,Winter Sale,Yes,2025-02-11
36135,2025-02-11 07:58:35,Referral,Brand Awareness,Yes,2025-02-11
34649,2025-02-11 13:21:37,Display Ads,Discount Offer,No,2025-02-11
22755,2025-02-10 21:30:43,Display Ads,Discount Offer,Yes,2025-02-10
22863,2025-02-11 06:15:12,Social Media,-,Yes,2025-02-11
21401,2025-02-11 23:19:53,Email,Winter Sale,No,2025-02-11
25810,2025-02-10 05:50:11,Direct Traffic,-,Yes,2025-02-10
25524,2025-02-10 17:30:52,Email,Brand Awareness,No,2025-02-10
30280,2025-02-10 03:30:40,Direct Traffic,-,No,2025-02-10
50311,2025-02-11 00:23:35,Social Media,Discount Offer,No,2025-02-11
99065,2025-02-10 15:46:10,Referral,-,No,2025-02-10
38822,2025-02-11 13:30:13,Referral,New Product Launch,No,2025-02-11
79091,2025-02-10 21:12:14,Social Media,New Product Launch,No,2025-02-10
12248,2025-02-11 09:17:41,Referral,New Product Launch,No,2025-02-11
14386,2025-02-10 00:48:44,Referral,Discount Offer,Yes,2025-02-10
46988,2025-02-11 06:24:18,Direct Traffic,-,Yes,2025-02-11
48237,2025-02-11 21:19:29,Referral,-,Yes,2025-02-11
41454,2025-02-11 01:55:50,Social Media,New Product Launch,No,2025-02-11
54766,2025-02-10 06:01:14,Social Media,Retargeting,Yes,2025-02-10
27666,2025-02-11 02:32:34,Search Ads,-,No,2025-02-11
89367,2025-02-11 13:34:48,Referral,New Product Launch,Yes,2025-02-11
32299,2025-02-10 03:30:41,Display Ads,Retargeting,No,2025-02-10
28985,2025-02-11 06:56:43,Email,-,Yes,2025-02-11
95590,2025-02-11 09:42:23,Referral,New Product Launch,Yes,2025-02-11
54395,2025-02-10 05:51:03,Display Ads,New Product Launch,Yes,2025-02-10
76452,2025-02-11 15:26:40,Search Ads,Discount Offer,No,2025-02-11
55513,2025-02-10 10:38:10,Direct Traffic,-,No,2025-02-10
29031,2025-02-11 21:17:03,Email,-,No,2025-02-11
80474,2025-02-11 05:13:54,Search Ads,Winter Sale,Yes,2025-02-11
47781,2025-02-10 20:42:46,Email,Brand Awareness,Yes,2025-02-10
77831,2025-02-10 14:33:01,Direct Traffic,-,Yes,2025-02-10
56987,2025-02-11 10:05:09,Display Ads,Brand Awareness,No,2025-02-11
88112,2025-02-10 04:23:52,Referral,New Product Launch,No,2025-02-10
86091,2025-02-10 23:27:30,Social Media,New Product Launch,Yes,2025-02-10
35756,2025-02-11 16:08:15,Display Ads,Brand Awareness,No,2025-02-11
31273,2025-02-10 22:44:11,Referral,Retargeting,Yes,2025-02-10
51319,2025-02-11 05:50:34,Direct Traffic,-,No,2025-02-11
88187,2025-02-10 16:52:04,Display Ads,-,No,2025-02-10
11801,2025-02-11 07:54:07,Social Media,Winter Sale,Yes,2025-02-11
33499,2025-02-11 13:52:57,Email,Winter Sale,Yes,2025-02-11
39702,2025-02-11 04:00:55,Search Ads,Retargeting,No,2025-02-11
40368,2025-02-10 08:40:21,Email,Brand Awareness,No,2025-02-10
59461,2025-02-11 03:19:15,Email,Retargeting,No,2025-02-11
63781,2025-02-10 06:20:57,Social Media,Retargeting,Yes,2025-02-10
94816,2025-02-11 19:04:11,Social Media,Brand Awareness,Yes,2025-02-11
25874,2025-02-11 09:15:01,Display Ads,Winter Sale,No,2025-02-11
59425,2025-02-10 22:53:26,Display Ads,Winter Sale,Yes,2025-02-10
35324,2025-02-11 01:48:53,Display Ads,-,Yes,2025-02-11
37332,2025-02-11 17:59:05,Display Ads,New Product Launch,No,2025-02-11
66986,2025-02-11 23:55:02,Referral,-,Yes,2025-02-11
41641,2025-02-10 11:36:12,Search Ads,Winter Sale,No,2025-02-10
16621,2025-02-11 19:38:53,Search Ads,-,Yes,2025-02-11
73999,2025-02-10 04:28:36,Social Media,-,Yes,2025-02-10
47795,2025-02-10 02:04:44,Search Ads,Winter Sale,No,2025-02-10
22743,2025-02-10 13:29:02,Email,Retargeting,Yes,2025-02-10
40968,2025-02-10 04:22:35,Display Ads,New Product Launch,No,2025-02-10
46911,2025-02-11 14:54:33,Display Ads,-,No,2025-02-11
91390,2025-02-11 18:06:31,Email,Winter Sale,Yes,2025-02-11
95511,2025-02-10 23:13:47,Display Ads,-,Yes,2025-02-10
12350,2025-02-11 12:54:32,Display Ads,Brand Awareness,No,2025-02-11
59109,2025-02-10 13:18:36,Direct Traffic,-,Yes,2025-02-10
40164,2025-02-11 18:38:55,Referral,Retargeting,Yes,2025-02-11
95745,2025-02-10 00:53:44,Social Media,Discount Offer,Yes,2025-02-10
11661,2025-02-11 09:33:42,Search Ads,New Product Launch,No,2025-02-11
77908,2025-02-11 21:31:31,Social Media,Discount Offer,Yes,2025-02-11
14036,2025-02-10 14:03:25,Referral,-,Yes,2025-02-10
40517,2025-02-10 20:12:15,Email,New Product Launch,No,2025-02-10
94229,2025-02-10 15:03:10,Referral,New Product Launch,No,2025-02-10
48649,2025-02-11 05:53:27,Search Ads,New Product Launch,No,2025-02-11
50905,2025-02-10 09:31:18,Display Ads,Retargeting,No,2025-02-10
39770,2025-02-10 00:57:54,Email,Retargeting,No,2025-02-10
17981,2025-02-10 19:07:45,Search Ads,Brand Awareness,Yes,2025-02-10
44778,2025-02-11 19:34:20,Referral,Winter Sale,Yes,2025-02-11
18280,2025-02-11 18:37:10,Referral,Winter Sale,Yes,2025-02-11
71094,2025-02-10 21:37:12,Direct Traffic,-,No,2025-02-10
91679,2025-02-10 18:22:36,Email,Winter Sale,Yes,2025-02-10
68838,2025-02-11 20:29:42,Email,Brand Awareness,No,2025-02-11
47152,2025-02-10 13:49:28,Social Media,New Product Launch,No,2025-02-10
81168,2025-02-11 03:24:51,Social Media,Winter Sale,Yes,2025-02-11
88425,2025-02-10 04:10:08,Search Ads,-,No,2025-02-10
13687,2025-02-10 06:25:10,Social Media,New Product Launch,Yes,2025-02-10
76584,2025-02-10 09:12:49,Direct Traffic,-,No,2025-02-10
63192,2025-02-11 21:52:04,Social Media,Brand Awareness,Yes,2025-02-11
20098,2025-02-11 08:44:00,Search Ads,Retargeting,No,2025-02-11
27556,2025-02-10 16:37:30,Email,Discount Offer,Yes,2025-02-10
91886,2025-02-10 16:33:28,Display Ads,Retargeting,No,2025-02-10
82764,2025-02-10 00:37:32,Referral,Retargeting,No,2025-02-10
78168,2025-02-11 06:19:23,Referral,Discount Offer,Yes,2025-02-11
82166,2025-02-11 02:32:39,Email,Discount Offer,Yes,2025-02-11
80967,2025-02-10 19:36:31,Social Media,-,Yes,2025-02-10
76541,2025-02-11 20:37:30,Display Ads,Retargeting,No,2025-02-11
37621,2025-02-10 04:56:44,Social Media,Brand Awareness,No,2025-02-10
88984,2025-02-10 00:51:49,Social Media,-,No,2025-02-10
16004,2025-02-11 09:17:59,Email,Discount Offer,Yes,2025-02-11
29505,2025-02-10 20:12:46,Display Ads,Winter Sale,Yes,2025-02-10
86014,2025-02-10 03:36:54,Social Media,Discount Offer,Yes,2025-02-10
23863,2025-02-11 06:47:20,Social Media,Retargeting,No,2025-02-11
64037,2025-02-11 14:40:51,Social Media,-,No,2025-02-11
62101,2025-02-11 11:30:53,Referral,Winter Sale,Yes,2025-02-11
15152,2025-02-10 16:18:33,Display Ads,Brand Awareness,Yes,2025-02-10
19400,2025-02-10 19:08:20,Referral,Retargeting,Yes,2025-02-10
97127,2025-02-11 02:46:38,Search Ads,Retargeting,No,2025-02-11
18587,2025-02-11 18:14:18,Display Ads,Brand Awareness,No,2025-02-11
28587,2025-02-10 04:48:03,Display Ads,Brand Awareness,Yes,2025-02-10
86216,2025-02-10 13:59:32,Direct Traffic,-,Yes,2025-02-10
44833,2025-02-11 17:44:35,Email,Winter Sale,Yes,2025-02-11
25633,2025-02-11 21:21:33,Referral,New Product Launch,No,2025-02-11
87153,2025-02-11 08:34:18,Email,Retargeting,Yes,2025-02-11
90897,2025-02-11 06:46:28,Search Ads,Retargeting,No,2025-02-11
55894,2025-02-11 19:14:18,Display Ads,Retargeting,Yes,2025-02-11
51068,2025-02-11 07:14:17,Display Ads,Brand Awareness,No,2025-02-11
37055,2025-02-11 15:42:20,Search Ads,Winter Sale,No,2025-02-11
80549,2025-02-10 18:28:04,Email,Discount Offer,No,2025-02-10
72379,2025-02-11 04:48:17,Email,Brand Awareness,No,2025-02-11
13528,2025-02-10 19:26:50,Social Media,Discount Offer,Yes,2025-02-10
80202,2025-02-11 18:00:11,Referral,Winter Sale,No,2025-02-11
61285,2025-02-10 15:28:46,Direct Traffic,-,No,2025-02-10
80623,2025-02-11 07:29:30,Display Ads,-,No,2025-02-11
59787,2025-02-10 15:49:46,Social Media,New Product Launch,No,2025-02-10
64713,2025-02-10 22:02:45,Email,Discount Offer,Yes,2025-02-10
81908,2025-02-11 07:54:57,Direct Traffic,-,No,2025-02-11
43759,2025-02-10 20:16:16,Email,-,No,2025-02-10
95772,2025-02-10 19:23:41,Social Media,Retargeting,No,2025-02-10
32344,2025-02-11 20:17:16,Display Ads,Winter Sale,Yes,2025-02-11
26918,2025-02-11 09:57:57,Email,-,No,2025-02-11
28194,2025-02-10 13:54:41,Referral,Winter Sale,No,2025-02-10
36005,2025-02-10 23:45:11,Social Media,New Product Launch,Yes,2025-02-10
75302,2025-02-10 23:36:01,Email,New Product Launch,No,2025-02-10
34498,2025-02-10 02:58:46,Search Ads,Retargeting,No,2025-02-10
75804,2025-02-11 23:22:34,Referral,New Product Launch,Yes,2025-02-11
61331,2025-02-10 18:47:47,Search Ads,New Product Launch,Yes,2025-02-10
65514,2025-02-10 05:21:10,Display Ads,Discount Offer,No,2025-02-10
69137,2025-02-11 20:18:33,Social Media,Discount Offer,Yes,2025-02-11
34693,2025-02-11 06:53:02,Direct Traffic,-,No,2025-02-11
97201,2025-02-11 01:41:24,Social Media,-,Yes,2025-02-11
36097,2025-02-10 15:43:50,Social Media,Winter Sale,Yes,2025-02-10
26664,2025-02-11 22:40:41,Referral,Brand Awareness,Yes,2025-02-11
29837,2025-02-10 20:18:48,Direct Traffic,-,Yes,2025-02-10
42325,2025-02-11 11:19:35,Social Media,Discount Offer,Yes,2025-02-11
57141,2025-02-11 14:16:59,Display Ads,Brand Awareness,No,2025-02-11
69781,2025-02-10 15:06:39,Social Media,Discount Offer,No,2025-02-10
41874,2025-02-10 06:07:57,Direct Traffic,-,No,2025-02-10
26189,2025-02-10 06:58:47,Email,Brand Awareness,Yes,2025-02-10
22475,2025-02-11 20:10:18,Referral,Winter Sale,No,2025-02-11
59611,2025-02-10 04:23:51,Direct Traffic,-,Yes,2025-02-10
83489,2025-02-11 06:21:33,Search Ads,Discount Offer,No,2025-02-11
95303,2025-02-10 09:12:07,Display Ads,Retargeting,No,2025-02-10
95511,2025-02-10 08:11:52,Search Ads,Winter Sale,Yes,2025-02-10
45681,2025-02-11 10:02:24,Direct Traffic,-,Yes,2025-02-11
56855,2025-02-11 21:23:39,Display Ads,New Product Launch,Yes,2025-02-11
45340,2025-02-10 15:24:21,Email,Retargeting,Yes,2025-02-10
67765,2025-02-10 04:48:27,Social Media,Retargeting,No,2025-02-10
36215,2025-02-11 13:10:33,Search Ads,Retargeting,Yes,2025-02-11
69737,2025-02-10 14:30:03,Referral,New Product Launch,Yes,2025-02-10
62615,2025-02-11 22:12:02,Referral,-,No,2025-02-11
62107,2025-02-10 01:55:23,Direct Traffic,-,Yes,2025-02-10
63709,2025-02-11 13:56:01,Direct Traffic,-,Yes,2025-02-11
56125,2025-02-10 03:27:50,Direct Traffic,-,No,2025-02-10
45315,2025-02-11 01:23:11,Email,Winter Sale,Yes,2025-02-11
43460,2025-02-11 04:43:53,Email,Brand Awareness,No,2025-02-11
39588,2025-02-11 08:46:03,Display Ads,Discount Offer,No,2025-02-11
23031,2025-02-11 16:54:16,Display Ads,Discount Offer,Yes,2025-02-11
73654,2025-02-10 09:34:19,Direct Traffic,-,No,2025-02-10
11661,2025-02-10 02:17:23,Search Ads,Retargeting,Yes,2025-02-10
96740,2025-02-11 12:22:41,Email,Discount Offer,Yes,2025-02-11
34300,2025-02-10 09:29:05,Email,Retargeting,Yes,2025-02-10
78420,2025-02-11 21:34:08,Search Ads,Brand Awareness,No,2025-02-11
89095,2025-02-11 03:01:40,Display Ads,-,Yes,2025-02-11
15259,2025-02-10 03:28:03,Referral,-,Yes,2025-02-10
32839,2025-02-10 10:48:40,Direct Traffic,-,Yes,2025-02-10
45564,2025-02-10 18:27:33,Display Ads,Winter Sale,Yes,2025-02-10
44882,2025-02-10 19:33:53,Email,Retargeting,No,2025-02-10
98219,2025-02-11 19:34:55,Email,Brand Awareness,Yes,2025-02-11
80202,2025-02-10 04:46:58,Direct Traffic,-,Yes,2025-02-10
16893,2025-02-10 23:03:37,Search Ads,Retargeting,No,2025-02-10
51437,2025-02-11 23:42:12,Email,Retargeting,No,2025-02-11
98310,2025-02-10 14:54:56,Social Media,-,No,2025-02-10
42580,2025-02-11 15:55:02,Referral,Brand Awareness,Yes,2025-02-11
25524,2025-02-10 06:04:01,Social Media,Discount Offer,Yes,2025-02-10
27506,2025-02-11 09:58:06,Direct Traffic,-,Yes,2025-02-11
29877,2025-02-11 12:32:04,Display Ads,New Product Launch,Yes,2025-02-11
31133,2025-02-10 14:02:30,Search Ads,Discount Offer,No,2025-02-10
69090,2025-02-10 15:35:23,Direct Traffic,-,Yes,2025-02-10
68998,2025-02-10 21:21:07,Display Ads,-,No,2025-02-10
18280,2025-02-11 01:48:19,Display Ads,New Product Launch,Yes,2025-02-11
39795,2025-02-11 04:45:06,Referral,New Product Launch,No,2025-02-11
46342,2025-02-11 11:44:51,Display Ads,Discount Offer,Yes,2025-02-11
31126,2025-02-11 10:32:10,Email,Discount Offer,Yes,2025-02-11
37659,2025-02-11 20:41:40,Display Ads,Discount Offer,Yes,2025-02-11
22861,2025-02-11 04:40:31,Display Ads,Discount Offer,Yes,2025-02-11
79796,2025-02-11 15:38:37,Email,-,Yes,2025-02-11
89362,2025-02-10 02:33:35,Direct Traffic,-,Yes,2025-02-10
88316,2025-02-11 14:38:54,Social Media,Discount Offer,Yes,2025-02-11
75405,2025-02-10 09:11:41,Display Ads,-,Yes,2025-02-10
22931,2025-02-11 13:47:39,Email,-,Yes,2025-02-11
56219,2025-02-10 03:39:39,Search Ads,-,Yes,2025-02-10
90701,2025-02-11 21:33:12,Search Ads,Discount Offer,Yes,2025-02-11
50295,2025-02-11 03:24:33,Direct Traffic,-,No,2025-02-11
37386,2025-02-10 15:51:33,Email,New Product Launch,Yes,2025-02-10
15239,2025-02-11 01:20:09,Social Media,Winter Sale,No,2025-02-11
76732,2025-02-10 09:29:08,Search Ads,Discount Offer,Yes,2025-02-10
28268,2025-02-11 14:09:34,Referral,Discount Offer,Yes,2025-02-11
34935,2025-02-11 22:08:09,Email,Winter Sale,No,2025-02-11
90047,2025-02-11 06:33:51,Email,Brand Awareness,No,2025-02-11
69202,2025-02-10 21:13:39,Social Media,New Product Launch,Yes,2025-02-10
53859,2025-02-11 20:09:09,Search Ads,Brand Awareness,Yes,2025-02-11
88859,2025-02-10 13:03:38,Social Media,Winter Sale,Yes,2025-02-10
29834,2025-02-10 14:56:34,Social Media,Brand Awareness,Yes,2025-02-10
81689,2025-02-10 00:11:44,Display Ads,New Product Launch,No,2025-02-10
59319,2025-02-11 12:48:04,Email,Discount Offer,Yes,2025-02-11
25294,2025-02-10 22:35:46,Display Ads,Winter Sale,No,2025-02-10
45315,2025-02-11 21:54:02,Referral,-,Yes,2025-02-11
64712,2025-02-11 18:53:12,Social Media,New Product Launch,Yes,2025-02-11
16270,2025-02-11 18:59:26,Email,Brand Awareness,No,2025-02-11
65497,2025-02-11 01:32:12,Referral,New Product Launch,No,2025-02-11
86886,2025-02-10 13:25:47,Referral,Winter Sale,Yes,2025-02-10
84915,2025-02-10 01:17:51,Email,-,No,2025-02-10
23463,2025-02-11 12:12:58,Referral,Retargeting,Yes,2025-02-11
68071,2025-02-10 10:42:51,Email,-,Yes,2025-02-10
40530,2025-02-11 07:47:20,Search Ads,Brand Awareness,Yes,2025-02-11
43052,2025-02-10 14:33:31,Email,Winter Sale,No,2025-02-10
71570,2025-02-10 15:20:29,Referral,-,No,2025-02-10
25547,2025-02-11 05:28:18,Direct Traffic,-,No,2025-02-11
32052,2025-02-11 05:15:21,Social Media,Retargeting,Yes,2025-02-11
85197,2025-02-11 20:29:26,Email,Brand Awareness,Yes,2025-02-11
36393,2025-02-11 17:44:25,Email,-,Yes,2025-02-11
43373,2025-02-10 15:51:53,Referral,Winter Sale,Yes,2025-02-10
47452,2025-02-10 13:22:59,Email,Winter Sale,No,2025-02-10
45368,2025-02-11 19:15:14,Social Media,Winter Sale,No,2025-02-11
37162,2025-02-11 12:46:32,Referral,Winter Sale,Yes,2025-02-11
35456,2025-02-10 05:06:20,Email,-,Yes,2025-02-10
33578,2025-02-11 00:19:59,Email,Winter Sale,No,2025-02-11
76871,2025-02-10 13:08:37,Direct Traffic,-,No,2025-02-10
35006,2025-02-11 10:06:16,Referral,Retargeting,Yes,2025-02-11
94024,2025-02-10 10:55:43,Referral,Winter Sale,Yes,2025-02-10
44272,2025-02-11 14:05:56,Display Ads,Winter Sale,Yes,2025-02-11
29505,2025-02-10 16:09:49,Social Media,-,No,2025-02-10
85022,2025-02-10 23:15:58,Social Media,Winter Sale,Yes,2025-02-10
61537,2025-02-10 19:05:54,Display Ads,New Product Launch,Yes,2025-02-10
50366,2025-02-11 17:51:09,Referral,Winter Sale,Yes,2025-02-11
35942,2025-02-10 18:59:36,Social Media,-,Yes,2025-02-10
27541,2025-02-10 03:59:55,Email,-,Yes,2025-02-10
48753,2025-02-10 15:52:29,Email,Retargeting,Yes,2025-02-10
79835,2025-02-10 08:08:15,Display Ads,New Product Launch,Yes,2025-02-10
32709,2025-02-11 03:08:11,Display Ads,Brand Awareness,Yes,2025-02-11
35296,2025-02-10 03:42:08,Referral,Brand Awareness,Yes,2025-02-10
73183,2025-02-10 02:31:36,Display Ads,New Product Launch,No,2025-02-10
17012,2025-02-11 13:34:12,Referral,New Product Launch,Yes,2025-02-11
86021,2025-02-11 20:14:03,Social Media,Retargeting,Yes,2025-02-11
31275,2025-02-11 07:41:36,Social Media,Retargeting,No,2025-02-11
73373,2025-02-11 19:19:47,Email,Brand Awareness,Yes,2025-02-11
20111,2025-02-10 19:22:04,Direct Traffic,-,No,2025-02-10
25170,2025-02-11 14:03:13,Search Ads,New Product Launch,Yes,2025-02-11
45297,2025-02-11 00:41:29,Social Media,Retargeting,No,2025-02-11
90879,2025-02-11 06:58:49,Display Ads,Brand Awareness,No,2025-02-11
92974,2025-02-11 23:27:25,Social Media,Retargeting,No,2025-02-11
74192,2025-02-11 00:00:07,Search Ads,Winter Sale,No,2025-02-11
37078,2025-02-11 04:47:24,Email,Brand Awareness,Yes,2025-02-11
86974,2025-02-11 15:28:58,Social Media,Discount Offer,No,2025-02-11
88191,2025-02-10 15:16:03,Display Ads,Discount Offer,Yes,2025-02-10
59102,2025-02-11 04:28:04,Referral,New Product Launch,No,2025-02-11
83281,2025-02-10 09:42:08,Display Ads,Retargeting,No,2025-02-10
83354,2025-02-11 20:18:47,Social Media,New Product Launch,Yes,2025-02-11
56094,2025-02-11 00:41:31,Direct Traffic,-,Yes,2025-02-11
59188,2025-02-10 23:32:07,Referral,-,Yes,2025-02-10
91051,2025-02-11 12:02:28,Social Media,Winter Sale,Yes,2025-02-11
64867,2025-02-11 18:45:10,Social Media,-,No,2025-02-11
50952,2025-02-10 12:17:52,Direct Traffic,-,No,2025-02-10
76743,2025-02-11 18:59:54,Direct Traffic,-,No,2025-02-11
13186,2025-02-11 02:18:57,Display Ads,Brand Awareness,Yes,2025-02-11
45415,2025-02-10 14:28:16,Display Ads,New Product Launch,No,2025-02-10
75137,2025-02-10 12:00:49,Search Ads,-,Yes,2025-02-10
28481,2025-02-11 18:20:05,Social Media,Retargeting,Yes,2025-02-11
10341,2025-02-11 21:07:37,Email,Winter Sale,Yes,2025-02-11
47735,2025-02-10 22:48:08,Email,Brand Awareness,Yes,2025-02-10
88425,2025-02-10 07:11:41,Referral,New Product Launch,Yes,2025-02-10
34498,2025-02-11 07:14:35,Direct Traffic,-,Yes,2025-02-11
81847,2025-02-10 11:50:00,Social Media,Brand Awareness,Yes,2025-02-10
25284,2025-02-10 16:41:31,Referral,-,Yes,2025-02-10
69202,2025-02-11 13:16:28,Display Ads,New Product Launch,Yes,2025-02-11
31158,2025-02-10 13:28:55,Referral,Brand Awareness,No,2025-02-10
35247,2025-02-10 17:03:43,Search Ads,Brand Awareness,No,2025-02-10
64142,2025-02-10 09:00:03,Direct Traffic,-,Yes,2025-02-10
11784,2025-02-10 20:17:25,Display Ads,New Product Launch,Yes,2025-02-10
71478,2025-02-10 05:29:43,Social Media,-,Yes,2025-02-10
32299,2025-02-10 00:51:15,Direct Traffic,-,No,2025-02-10
83147,2025-02-11 18:56:24,Email,Winter Sale,Yes,2025-02-11
87803,2025-02-11 04:50:17,Email,Brand Awareness,Yes,2025-02-11
19967,2025-02-11 23:55:44,Direct Traffic,-,No,2025-02-11
46862,2025-02-10 01:14:07,Email,Winter Sale,Yes,2025-02-10
56297,2025-02-11 23:45:23,Social Media,New Product Launch,No,2025-02-11
43460,2025-02-10 17:49:50,Email,Winter Sale,No,2025-02-10
93271,2025-02-11 21:29:38,Display Ads,Discount Offer,No,2025-02-11
28385,2025-02-10 21:54:10,Referral,Winter Sale,Yes,2025-02-10
94070,2025-02-11 09:10:01,Direct Traffic,-,No,2025-02-11
99597,2025-02-11 23:57:29,Direct Traffic,-,Yes,2025-02-11
26430,2025-02-10 19:56:35,Email,Brand Awareness,No,2025-02-10
89367,2025-02-11 07:56:24,Referral,-,No,2025-02-11
81943,2025-02-11 19:39:31,Search Ads,-,No,2025-02-11
30955,2025-02-10 02:04:45,Direct Traffic,-,No,2025-02-10
79091,2025-02-11 09:27:12,Referral,-,No,2025-02-11
21038,2025-02-11 21:40:22,Direct Traffic,-,Yes,2025-02-11
48237,2025-02-10 00:08:12,Search Ads,Brand Awareness,No,2025-02-10
86886,2025-02-11 05:30:51,Display Ads,New Product Launch,Yes,2025-02-11
26189,2025-02-10 01:14:18,Search Ads,Discount Offer,No,2025-02-10
21537,2025-02-10 18:17:18,Display Ads,Discount Offer,Yes,2025-02-10
40880,2025-02-11 07:07:23,Search Ads,Discount Offer,Yes,2025-02-11
89239,2025-02-11 11:13:25,Direct Traffic,-,No,2025-02-11
75208,2025-02-10 02:22:54,Email,New Product Launch,Yes,2025-02-10
42970,2025-02-11 19:35:25,Display Ads,New Product Launch,No,2025-02-11
97446,2025-02-11 19:44:08,Referral,Discount Offer,Yes,2025-02-11
86085,2025-02-10 08:32:42,Search Ads,Winter Sale,Yes,2025-02-10
94229,2025-02-11 10:23:54,Direct Traffic,-,No,2025-02-11
61655,2025-02-10 20:10:01,Email,Retargeting,Yes,2025-02-10
17761,2025-02-11 00:03:51,Referral,-,Yes,2025-02-11
21690,2025-02-10 21:28:05,Referral,Discount Offer,No,2025-02-10
42610,2025-02-10 09:35:02,Referral,Discount Offer,Yes,2025-02-10
27778,2025-02-11 22:40:26,Social Media,Retargeting,No,2025-02-11
68180,2025-02-11 23:27:46,Search Ads,-,Yes,2025-02-11
22992,2025-02-11 02:03:41,Social Media,-,Yes,2025-02-11
88885,2025-02-11 02:53:36,Email,Discount Offer,Yes,2025-02-11
92642,2025-02-11 19:34:32,Email,Retargeting,Yes,2025-02-11
58748,2025-02-11 13:48:26,Email,Winter Sale,Yes,2025-02-11
26384,2025-02-11 08:34:25,Email,New Product Launch,No,2025-02-11
56501,2025-02-10 04:17:42,Email,Retargeting,Yes,2025-02-10
57455,2025-02-11 21:17:18,Referral,Brand Awareness,Yes,2025-02-11
82038,2025-02-10 10:52:55,Search Ads,Winter Sale,No,2025-02-10
88728,2025-02-10 19:16:42,Display Ads,New Product Launch,Yes,2025-02-10
94841,2025-02-11 19:23:03,Referral,Discount Offer,Yes,2025-02-11
91879,2025-02-10 09:41:42,Referral,Brand Awareness,Yes,2025-02-10
83626,2025-02-10 21:16:27,Referral,New Product Launch,Yes,2025-02-10
66863,2025-02-10 14:42:14,Display Ads,Brand Awareness,Yes,2025-02-10
29109,2025-02-10 13:05:48,Display Ads,Brand Awareness,No,2025-02-10
25195,2025-02-11 20:32:39,Direct Traffic,-,No,2025-02-11
60888,2025-02-10 11:38:58,Social Media,New Product Launch,No,2025-02-10
86180,2025-02-11 10:46:27,Search Ads,Discount Offer,Yes,2025-02-11
83919,2025-02-11 09:59:32,Email,New Product Launch,No,2025-02-11
23863,2025-02-10 08:34:22,Email,Retargeting,No,2025-02-10
69847,2025-02-10 13:08:16,Social Media,Retargeting,No,2025-02-10
71036,2025-02-10 03:54:28,Search Ads,Discount Offer,No,2025-02-10
83306,2025-02-11 09:26:42,Search Ads,Winter Sale,Yes,2025-02-11
34263,2025-02-10 15:59:58,Email,Discount Offer,No,2025-02-10
30588,2025-02-10 23:29:51,Display Ads,Brand Awareness,No,2025-02-10
19759,2025-02-11 20:27:55,Display Ads,Brand Awareness,Yes,2025-02-11
98237,2025-02-11 19:11:53,Email,New Product Launch,No,2025-02-11
96473,2025-02-11 10:58:21,Email,Brand Awareness,Yes,2025-02-11
53232,2025-02-11 09:47:21,Social Media,-,No,2025-02-11
90435,2025-02-10 17:35:37,Referral,-,Yes,2025-02-10
36355,2025-02-10 00:19:26,Direct Traffic,-,Yes,2025-02-10
94229,2025-02-10 16:06:21,Display Ads,-,Yes,2025-02-10
26727,2025-02-10 01:59:38,Direct Traffic,-,No,2025-02-10
84492,2025-02-10 15:08:02,Referral,New Product Launch,No,2025-02-10
15535,2025-02-11 12:05:02,Display Ads,New Product Launch,No,2025-02-11
22358,2025-02-10 00:28:57,Referral,Winter Sale,No,2025-02-10
57166,2025-02-11 11:23:17,Referral,Discount Offer,Yes,2025-02-11
97756,2025-02-10 03:27:16,Referral,Winter Sale,No,2025-02-10
77231,2025-02-11 14:17:19,Display Ads,New Product Launch,Yes,2025-02-11
13230,2025-02-10 03:15:17,Display Ads,Retargeting,Yes,2025-02-10
14916,2025-02-11 15:34:57,Search Ads,New Product Launch,Yes,2025-02-11
11894,2025-02-10 15:47:18,Referral,Brand Awareness,No,2025-02-10
51223,2025-02-10 10:11:44,Referral,New Product Launch,No,2025-02-10
10028,2025-02-10 01:44:12,Search Ads,Discount Offer,Yes,2025-02-10
67525,2025-02-11 10:36:50,Direct Traffic,-,Yes,2025-02-11
29368,2025-02-11 12:52:15,Search Ads,Winter Sale,Yes,2025-02-11
66863,2025-02-11 18:12:37,Referral,New Product Launch,Yes,2025-02-11
35337,2025-02-11 15:03:37,Email,Retargeting,No,2025-02-11
90253,2025-02-10 11:47:02,Email,-,Yes,2025-02-10
81851,2025-02-11 23:38:40,Display Ads,Retargeting,No,2025-02-11
69942,2025-02-10 01:06:39,Display Ads,Winter Sale,Yes,2025-02-10
39400,2025-02-10 22:19:09,Email,Brand Awareness,No,2025-02-10
95402,2025-02-10 03:46:30,Direct Traffic,-,No,2025-02-10
80731,2025-02-11 05:46:10,Email,Retargeting,Yes,2025-02-11
80944,2025-02-10 13:35:05,Referral,Discount Offer,Yes,2025-02-10
78282,2025-02-11 13:13:02,Social Media,-,No,2025-02-11
39795,2025-02-10 15:17:45,Search Ads,Discount Offer,Yes,2025-02-10
69194,2025-02-11 20:56:25,Email,-,No,2025-02-11
18448,2025-02-11 19:07:35,Referral,New Product Launch,Yes,2025-02-11
20513,2025-02-10 02:39:08,Search Ads,-,No,2025-02-10
16083,2025-02-10 06:36:25,Email,-,Yes,2025-02-10
91394,2025-02-10 07:05:00,Direct Traffic,-,No,2025-02-10
60881,2025-02-10 18:27:04,Social Media,Winter Sale,Yes,2025-02-10
52408,2025-02-10 08:18:50,Direct Traffic,-,Yes,2025-02-10
16008,2025-02-11 08:34:07,Referral,-,Yes,2025-02-11
65726,2025-02-11 04:12:03,Direct Traffic,-,No,2025-02-11
61947,2025-02-10 00:19:48,Email,New Product Launch,Yes,2025-02-10
80298,2025-02-10 02:15:02,Referral,Retargeting,No,2025-02-10
53088,2025-02-11 07:56:15,Referral,Winter Sale,No,2025-02-11
22741,2025-02-10 09:24:21,Email,-,No,2025-02-10
94024,2025-02-10 08:16:44,Referral,Brand Awareness,Yes,2025-02-10
29206,2025-02-11 06:15:18,Search Ads,New Product Launch,Yes,2025-02-11
44272,2025-02-10 02:13:25,Referral,New Product Launch,Yes,2025-02-10
29206,2025-02-10 23:22:04,Direct Traffic,-,No,2025-02-10
66646,2025-02-11 17:46:53,Direct Traffic,-,Yes,2025-02-11
47595,2025-02-10 17:00:46,Display Ads,-,Yes,2025-02-10
62446,2025-02-10 15:38:57,Email,-,Yes,2025-02-10
41454,2025-02-11 18:48:14,Search Ads,-,Yes,2025-02-11
86327,2025-02-10 13:06:46,Search Ads,Retargeting,Yes,2025-02-10
57455,2025-02-11 04:50:04,Social Media,New Product Launch,No,2025-02-11
91442,2025-02-11 05:06:59,Display Ads,Winter Sale,No,2025-02-11
12756,2025-02-11 06:28:21,Direct Traffic,-,No,2025-02-11
29719,2025-02-11 23:54:27,Social Media,Discount Offer,No,2025-02-11
97826,2025-02-11 02:29:49,Direct Traffic,-,No,2025-02-11
45476,2025-02-11 14:15:34,Display Ads,Winter Sale,No,2025-02-11
21596,2025-02-11 12:03:30,Email,-,Yes,2025-02-11
36175,2025-02-11 16:06:38,Referral,Retargeting,Yes,2025-02-11
90125,2025-02-10 16:26:30,Email,Discount Offer,No,2025-02-10
73055,2025-02-11 00:55:15,Referral,-,No,2025-02-11
44474,2025-02-11 01:03:24,Display Ads,Retargeting,No,2025-02-11
89800,2025-02-10 05:31:08,Email,Brand Awareness,No,2025-02-10
67809,2025-02-11 20:10:05,Referral,Discount Offer,Yes,2025-02-11
59390,2025-02-11 05:57:42,Referral,New Product Launch,No,2025-02-11
48732,2025-02-11 06:52:28,Referral,Brand Awareness,No,2025-02-11
81493,2025-02-11 14:59:51,Social Media,-,Yes,2025-02-11
13471,2025-02-11 01:07:22,Social Media,Discount Offer,Yes,2025-02-11
75208,2025-02-10 09:59:12,Social Media,New Product Launch,No,2025-02-10
14212,2025-02-10 07:43:49,Direct Traffic,-,No,2025-02-10
68649,2025-02-10 05:23:00,Display Ads,New Product Launch,No,2025-02-10
64907,2025-02-11 17:36:53,Direct Traffic,-,No,2025-02-11
27167,2025-02-11 13:26:26,Direct Traffic,-,Yes,2025-02-11
89500,2025-02-11 12:39:08,Email,New Product Launch,Yes,2025-02-11
24876,2025-02-11 16:16:26,Display Ads,Brand Awareness,No,2025-02-11
88868,2025-02-11 17:32:55,Search Ads,Retargeting,Yes,2025-02-11
32562,2025-02-10 09:35:27,Email,Brand Awareness,No,2025-02-10
64157,2025-02-11 21:41:11,Email,Brand Awareness,No,2025-02-11
46221,2025-02-10 14:31:11,Display Ads,Retargeting,No,2025-02-10
37365,2025-02-11 09:19:09,Direct Traffic,-,Yes,2025-02-11
35830,2025-02-11 11:40:35,Search Ads,-,Yes,2025-02-11
25147,2025-02-11 01:52:39,Referral,Winter Sale,No,2025-02-11
93270,2025-02-10 00:07:07,Direct Traffic,-,No,2025-02-10
22741,2025-02-11 13:38:31,Direct Traffic,-,No,2025-02-11
65473,2025-02-11 16:26:05,Display Ads,New Product Launch,Yes,2025-02-11
94932,2025-02-11 19:32:20,Search Ads,New Product Launch,No,2025-02-11
30429,2025-02-11 19:50:37,Search Ads,-,No,2025-02-11
94024,2025-02-10 20:49:43,Display Ads,Brand Awareness,No,2025-02-10
67274,2025-02-11 09:53:48,Email,Brand Awareness,Yes,2025-02-11
69194,2025-02-10 23:47:35,Direct Traffic,-,No,2025-02-10
98517,2025-02-10 07:48:21,Referral,New Product Launch,No,2025-02-10
29773,2025-02-10 15:16:34,Social Media,Winter Sale,Yes,2025-02-10
18565,2025-02-10 01:27:22,Direct Traffic,-,Yes,2025-02-10
29914,2025-02-10 11:46:59,Search Ads,-,No,2025-02-10
95739,2025-02-10 19:33:26,Display Ads,Retargeting,No,2025-02-10
80392,2025-02-10 18:44:09,Social Media,Brand Awareness,No,2025-02-10
59730,2025-02-10 12:40:32,Email,Brand Awareness,No,2025-02-10
67860,2025-02-11 12:28:40,Display Ads,Winter Sale,No,2025-02-11
10518,2025-02-10 03:46:35,Social Media,Winter Sale,No,2025-02-10
64263,2025-02-10 12:06:55,Direct Traffic,-,No,2025-02-10
73055,2025-02-10 22:40:45,Direct Traffic,-,No,2025-02-10
64436,2025-02-10 23:23:57,Display Ads,-,Yes,2025-02-10
63781,2025-02-11 23:40:56,Referral,Winter Sale,No,2025-02-11
37903,2025-02-10 12:30:53,Email,Winter Sale,No,2025-02-10
46491,2025-02-10 00:08:23,Display Ads,Discount Offer,Yes,2025-02-10
20685,2025-02-10 00:45:54,Direct Traffic,-,Yes,2025-02-10
72741,2025-02-10 05:13:04,Direct Traffic,-,No,2025-02-10
34300,2025-02-11 16:48:21,Referral,Retargeting,Yes,2025-02-11
19816,2025-02-10 14:46:29,Social Media,Winter Sale,No,2025-02-10
37591,2025-02-10 02:09:39,Referral,Retargeting,No,2025-02-10
14798,2025-02-10 01:46:43,Display Ads,New Product Launch,Yes,2025-02-10
91966,2025-02-10 21:59:06,Social Media,New Product Launch,Yes,2025-02-10
80552,2025-02-11 02:23:01,Email,Brand Awareness,Yes,2025-02-11
91157,2025-02-10 19:06:25,Display Ads,-,Yes,2025-02-10
12663,2025-02-10 19:40:13,Display Ads,New Product Launch,No,2025-02-10
90548,2025-02-10 17:59:47,Referral,Retargeting,No,2025-02-10
30460,2025-02-11 22:16:52,Social Media,Retargeting,Yes,2025-02-11
47775,2025-02-10 16:08:31,Referral,-,No,2025-02-10
94106,2025-02-10 01:44:29,Referral,New Product Launch,Yes,2025-02-10
36097,2025-02-10 08:23:18,Email,Retargeting,Yes,2025-02-10
96598,2025-02-11 07:41:21,Social Media,-,No,2025-02-11
82916,2025-02-10 02:11:26,Referral,Winter Sale,No,2025-02-10
81531,2025-02-11 18:37:40,Email,-,Yes,2025-02-11
81479,2025-02-11 08:43:35,Social Media,Retargeting,Yes,2025-02-11
87938,2025-02-10 10:59:41,Direct Traffic,-,No,2025-02-10
10095,2025-02-11 01:37:25,Referral,New Product Launch,Yes,2025-02-11
66646,2025-02-11 01:27:29,Referral,Discount Offer,No,2025-02-11
15921,2025-02-11 23:39:10,Display Ads,-,Yes,2025-02-11
59302,2025-02-11 20:05:38,Social Media,Brand Awareness,Yes,2025-02-11
44062,2025-02-10 11:15:14,Social Media,Retargeting,Yes,2025-02-10
54016,2025-02-10 10:30:24,Display Ads,Retargeting,No,2025-02-10
99481,2025-02-11 11:27:12,Referral,Winter Sale,No,2025-02-11
46014,2025-02-11 06:48:31,Display Ads,Winter Sale,No,2025-02-11
24212,2025-02-11 08:58:02,Social Media,Winter Sale,No,2025-02-11
46555,2025-02-10 03:15:31,Email,-,Yes,2025-02-10
14080,2025-02-10 01:35:45,Direct Traffic,-,Yes,2025-02-10
39795,2025-02-10 12:47:08,Display Ads,Brand Awareness,Yes,2025-02-10
52260,2025-02-11 04:33:55,Email,Brand Awareness,Yes,2025-02-11
12275,2025-02-11 16:58:09,Search Ads,Winter Sale,No,2025-02-11
24876,2025-02-11 06:46:32,Direct Traffic,-,Yes,2025-02-11
21255,2025-02-11 04:44:07,Search Ads,-,Yes,2025-02-11
32344,2025-02-10 16:09:58,Email,New Product Launch,No,2025-02-10
74686,2025-02-10 01:24:27,Search Ads,Winter Sale,Yes,2025-02-10
32882,2025-02-10 08:08:46,Referral,Discount Offer,Yes,2025-02-10
54739,2025-02-10 23:39:06,Referral,Winter Sale,Yes,2025-02-10
10415,2025-02-11 03:42:40,Email,New Product Launch,No,2025-02-11
91083,2025-02-10 18:11:13,Direct Traffic,-,Yes,2025-02-10
17478,2025-02-10 11:58:31,Referral,Brand Awareness,No,2025-02-10
28265,2025-02-11 19:52:33,Referral,-,Yes,2025-02-11
94897,2025-02-11 16:35:25,Social Media,-,No,2025-02-11
31273,2025-02-10 22:46:38,Social Media,Retargeting,No,2025-02-10
22127,2025-02-10 19:55:10,Direct Traffic,-,No,2025-02-10
43036,2025-02-11 12:47:33,Referral,Winter Sale,No,2025-02-11
53582,2025-02-11 16:04:21,Search Ads,Winter Sale,Yes,2025-02-11
72379,2025-02-10 17:18:54,Social Media,Brand Awareness,Yes,2025-02-10
16756,2025-02-11 01:31:37,Direct Traffic,-,Yes,2025-02-11
86706,2025-02-11 23:55:08,Display Ads,Brand Awareness,Yes,2025-02-11
79796,2025-02-11 09:49:44,Social Media,New Product Launch,No,2025-02-11
13806,2025-02-10 11:58:19,Referral,Discount Offer,Yes,2025-02-10
85844,2025-02-11 21:53:21,Direct Traffic,-,No,2025-02-11
27470,2025-02-10 23:45:20,Display Ads,Brand Awareness,Yes,2025-02-10
76601,2025-02-10 14:33:45,Search Ads,New Product Launch,No,2025-02-10
79789,2025-02-11 14:57:47,Social Media,Retargeting,No,2025-02-11
20916,2025-02-11 05:29:49,Direct Traffic,-,Yes,2025-02-11
28948,2025-02-10 20:53:36,Display Ads,-,Yes,2025-02-10
20510,2025-02-11 03:15:57,Display Ads,Retargeting,Yes,2025-02-11
33019,2025-02-11 04:54:12,Display Ads,Retargeting,Yes,2025-02-11
37186,2025-02-11 03:59:40,Referral,Winter Sale,No,2025-02-11
31190,2025-02-11 16:25:35,Search Ads,New Product Launch,No,2025-02-11
84690,2025-02-11 11:53:30,Direct Traffic,-,Yes,2025-02-11
13186,2025-02-11 06:08:42,Display Ads,New Product Launch,No,2025-02-11
99321,2025-02-10 17:46:37,Email,-,Yes,2025-02-10
16255,2025-02-10 20:18:24,Direct Traffic,-,Yes,2025-02-10
50926,2025-02-11 00:40:47,Social Media,Discount Offer,No,2025-02-11
82058,2025-02-10 01:46:23,Display Ads,Retargeting,Yes,2025-02-10
10068,2025-02-11 08:05:04,Social Media,Retargeting,No,2025-02-11
72415,2025-02-10 06:24:47,Email,Discount Offer,Yes,2025-02-10
85902,2025-02-11 02:54:22,Direct Traffic,-,No,2025-02-11
76689,2025-02-10 02:49:28,Email,New Product Launch,No,2025-02-10
24568,2025-02-10 18:24:29,Social Media,Winter Sale,No,2025-02-10
17614,2025-02-11 17:32:58,Social Media,Retargeting,No,2025-02-11
93161,2025-02-11 07:53:06,Social Media,Brand Awareness,Yes,2025-02-11
62907,2025-02-10 05:48:45,Search Ads,-,No,2025-02-10
37078,2025-02-11 05:32:11,Direct Traffic,-,Yes,2025-02-11
68849,2025-02-11 12:10:41,Direct Traffic,-,Yes,2025-02-11
74104,2025-02-10 01:45:08,Search Ads,Discount Offer,Yes,2025-02-10
72045,2025-02-11 22:03:07,Social Media,New Product Launch,Yes,2025-02-11
61489,2025-02-11 08:31:00,Direct Traffic,-,Yes,2025-02-11
11453,2025-02-11 03:48:22,Display Ads,New Product Launch,No,2025-02-11
34573,2025-02-11 17:07:20,Display Ads,Discount Offer,Yes,2025-02-11
43373,2025-02-11 06:07:53,Direct Traffic,-,No,2025-02-11
98310,2025-02-11 18:36:24,Email,-,No,2025-02-11
36717,2025-02-10 18:30:38,Search Ads,-,No,2025-02-10
49524,2025-02-11 20:08:35,Social Media,Retargeting,No,2025-02-11
78282,2025-02-10 09:20:38,Social Media,New Product Launch,Yes,2025-02-10
70949,2025-02-11 04:56:34,Direct Traffic,-,No,2025-02-11
48850,2025-02-10 10:10:46,Referral,-,No,2025-02-10
59032,2025-02-11 00:18:13,Social Media,New Product Launch,No,2025-02-11
32391,2025-02-10 05:33:29,Referral,Retargeting,Yes,2025-02-10
53902,2025-02-11 00:43:25,Direct Traffic,-,Yes,2025-02-11
20124,2025-02-10 13:47:00,Display Ads,-,No,2025-02-10
61522,2025-02-10 10:05:38,Display Ads,New Product Launch,Yes,2025-02-10
97804,2025-02-10 13:14:05,Search Ads,Retargeting,No,2025-02-10
61528,2025-02-11 17:49:15,Search Ads,Brand Awareness,Yes,2025-02-11
37703,2025-02-10 06:22:50,Search Ads,Brand Awareness,Yes,2025-02-10
11801,2025-02-11 23:54:33,Direct Traffic,-,Yes,2025-02-11
81964,2025-02-11 12:57:00,Email,Discount Offer,No,2025-02-11
25633,2025-02-10 22:00:10,Social Media,Winter Sale,Yes,2025-02-10
15390,2025-02-11 03:13:51,Search Ads,Winter Sale,No,2025-02-11
99937,2025-02-10 04:16:08,Display Ads,Brand Awareness,No,2025-02-10
57739,2025-02-10 11:16:58,Social Media,Winter Sale,Yes,2025-02-10
96523,2025-02-11 04:30:15,Display Ads,-,Yes,2025-02-11
92370,2025-02-10 14:46:26,Email,Retargeting,Yes,2025-02-10
28265,2025-02-10 17:12:15,Email,Retargeting,No,2025-02-10
31679,2025-02-10 11:21:39,Social Media,Winter Sale,Yes,2025-02-10
85046,2025-02-10 10:13:30,Direct Traffic,-,Yes,2025-02-10
88868,2025-02-10 11:51:52,Display Ads,Retargeting,Yes,2025-02-10
40517,2025-02-10 00:52:39,Referral,New Product Launch,Yes,2025-02-10
73105,2025-02-10 20:59:20,Search Ads,Discount Offer,Yes,2025-02-10
72612,2025-02-10 10:13:05,Search Ads,Winter Sale,Yes,2025-02-10
91019,2025-02-10 23:01:36,Email,Winter Sale,Yes,2025-02-10
73006,2025-02-11 06:45:36,Email,Brand Awareness,Yes,2025-02-11
56636,2025-02-11 20:14:38,Email,Brand Awareness,Yes,2025-02-11
56768,2025-02-11 04:06:27,Referral,Retargeting,No,2025-02-11
97335,2025-02-10 18:04:34,Email,Discount Offer,Yes,2025-02-10
38822,2025-02-11 01:03:28,Display Ads,New Product Launch,No,2025-02-11
64665,2025-02-10 15:19:23,Email,Brand Awareness,No,2025-02-10
21038,2025-02-11 08:22:10,Referral,Discount Offer,No,2025-02-11
53151,2025-02-11 00:42:34,Search Ads,New Product Launch,Yes,2025-02-11
23927,2025-02-11 22:34:33,Display Ads,New Product Launch,No,2025-02-11
36676,2025-02-11 17:18:55,Social Media,Brand Awareness,Yes,2025-02-11
17287,2025-02-11 10:45:38,Referral,Retargeting,No,2025-02-11
89214,2025-02-11 20:50:13,Direct Traffic,-,Yes,2025-02-11
96688,2025-02-11 00:10:47,Referral,Discount Offer,No,2025-02-11
91679,2025-02-11 03:57:10,Referral,Discount Offer,Yes,2025-02-11
98881,2025-02-10 11:00:17,Referral,Discount Offer,No,2025-02-10
80999,2025-02-10 02:00:14,Referral,Winter Sale,Yes,2025-02-10
52113,2025-02-11 11:59:14,Email,Winter Sale,Yes,2025-02-11
25633,2025-02-10 12:06:32,Direct Traffic,-,No,2025-02-10
17415,2025-02-11 10:18:28,Referral,Retargeting,Yes,2025-02-11
32692,2025-02-11 15:38:43,Search Ads,Discount Offer,Yes,2025-02-11
71927,2025-02-10 02:05:36,Display Ads,-,Yes,2025-02-10
65453,2025-02-11 19:50:58,Direct Traffic,-,Yes,2025-02-11
93942,2025-02-11 14:40:25,Display Ads,Brand Awareness,Yes,2025-02-11
57141,2025-02-11 02:07:19,Direct Traffic,-,Yes,2025-02-11
50926,2025-02-11 23:32:30,Display Ads,New Product Launch,No,2025-02-11
67722,2025-02-11 05:34:45,Display Ads,Retargeting,No,2025-02-11
39364,2025-02-11 07:06:01,Referral,Discount Offer,Yes,2025-02-11
31937,2025-02-10 23:21:36,Social Media,New Product Launch,Yes,2025-02-10
93271,2025-02-11 03:59:52,Referral,Discount Offer,Yes,2025-02-11
90472,2025-02-11 20:14:44,Search Ads,Brand Awareness,No,2025-02-11
32883,2025-02-10 09:02:12,Social Media,Brand Awareness,Yes,2025-02-10
79192,2025-02-10 00:03:41,Display Ads,Brand Awareness,No,2025-02-10
57455,2025-02-10 12:18:42,Referral,Winter Sale,Yes,2025-02-10
10556,2025-02-10 16:42:22,Direct Traffic,-,No,2025-02-10
27048,2025-02-10 12:37:31,Search Ads,New Product Launch,Yes,2025-02-10
80133,2025-02-10 04:28:24,Search Ads,Winter Sale,Yes,2025-02-10
63095,2025-02-10 16:50:54,Email,Retargeting,No,2025-02-10
34056,2025-02-11 21:43:15,Display Ads,Winter Sale,Yes,2025-02-11
66060,2025-02-10 11:26:53,Email,-,No,2025-02-10
93708,2025-02-10 16:50:39,Referral,New Product Launch,No,2025-02-10
30087,2025-02-10 09:20:27,Social Media,Winter Sale,No,2025-02-10
30447,2025-02-10 13:18:39,Display Ads,Winter Sale,No,2025-02-10
89362,2025-02-11 17:31:58,Email,Brand Awareness,No,2025-02-11
45959,2025-02-11 12:37:13,Referral,New Product Launch,Yes,2025-02-11
59077,2025-02-10 02:31:49,Email,Winter Sale,Yes,2025-02-10
99782,2025-02-11 23:53:43,Email,Winter Sale,No,2025-02-11
25915,2025-02-11 12:38:58,Display Ads,Winter Sale,Yes,2025-02-11
28387,2025-02-11 23:13:59,Display Ads,Brand Awareness,Yes,2025-02-11
56041,2025-02-10 06:54:41,Referral,New Product Launch,Yes,2025-02-10
45927,2025-02-10 09:01:38,Search Ads,Brand Awareness,Yes,2025-02-10
49297,2025-02-11 22:17:59,Referral,Discount Offer,No,2025-02-11
52553,2025-02-11 01:52:12,Display Ads,Brand Awareness,No,2025-02-11
23958,2025-02-10 02:36:25,Direct Traffic,-,No,2025-02-10
31658,2025-02-11 04:00:02,Search Ads,Brand Awareness,No,2025-02-11
37365,2025-02-11 07:08:17,Display Ads,-,No,2025-02-11
13035,2025-02-10 01:42:56,Social Media,Winter Sale,No,2025-02-10
95870,2025-02-10 23:49:26,Display Ads,Brand Awareness,No,2025-02-10
76645,2025-02-10 11:18:07,Search Ads,Discount Offer,No,2025-02-10
49207,2025-02-11 03:12:03,Direct Traffic,-,No,2025-02-11
97844,2025-02-11 12:04:33,Direct Traffic,-,Yes,2025-02-11
75700,2025-02-11 01:24:00,Display Ads,Retargeting,No,2025-02-11
86578,2025-02-11 23:57:56,Email,New Product Launch,Yes,2025-02-11
36097,2025-02-11 00:11:28,Referral,-,No,2025-02-11
24741,2025-02-11 09:46:23,Referral,Winter Sale,Yes,2025-02-11
40227,2025-02-11 21:25:52,Search Ads,Discount Offer,Yes,2025-02-11
81470,2025-02-10 04:51:26,Search Ads,Retargeting,Yes,2025-02-10
28589,2025-02-11 01:19:51,Search Ads,Winter Sale,Yes,2025-02-11
63511,2025-02-11 03:33:47,Direct Traffic,-,Yes,2025-02-11
30155,2025-02-10 06:59:29,Direct Traffic,-,Yes,2025-02-10
83912,2025-02-10 10:38:00,Display Ads,Winter Sale,No,2025-02-10
34395,2025-02-11 22:03:52,Email,New Product Launch,No,2025-02-11
14978,2025-02-10 22:42:18,Social Media,Brand Awareness,No,2025-02-10
62169,2025-02-10 04:38:19,Search Ads,Brand Awareness,Yes,2025-02-10
22407,2025-02-11 21:01:39,Email,Retargeting,Yes,2025-02-11
55829,2025-02-10 20:44:27,Referral,Brand Awareness,No,2025-02-10
81847,2025-02-10 07:28:54,Referral,-,Yes,2025-02-10
96672,2025-02-10 21:04:17,Search Ads,Retargeting,Yes,2025-02-10
26622,2025-02-11 00:56:06,Social Media,New Product Launch,No,2025-02-11
30578,2025-02-10 13:33:23,Search Ads,New Product Launch,Yes,2025-02-10
23216,2025-02-11 01:17:22,Direct Traffic,-,Yes,2025-02-11
45218,2025-02-10 09:07:12,Search Ads,Retargeting,Yes,2025-02-10
88984,2025-02-11 09:00:23,Search Ads,Brand Awareness,Yes,2025-02-11
60798,2025-02-10 05:08:54,Search Ads,-,No,2025-02-10
31273,2025-02-10 14:37:19,Display Ads,Brand Awareness,No,2025-02-10
53163,2025-02-11 14:57:33,Referral,Retargeting,Yes,2025-02-11
99746,2025-02-11 18:10:56,Direct Traffic,-,Yes,2025-02-11
58511,2025-02-11 23:34:47,Direct Traffic,-,Yes,2025-02-11
89367,2025-02-11 09:36:59,Email,New Product Launch,Yes,2025-02-11
39128,2025-02-11 17:23:20,Direct Traffic,-,No,2025-02-11
86539,2025-02-10 16:41:44,Display Ads,Winter Sale,Yes,2025-02-10
68900,2025-02-10 12:29:31,Email,Retargeting,Yes,2025-02-10
19967,2025-02-11 05:49:17,Referral,New Product Launch,Yes,2025-02-11
63511,2025-02-10 03:34:08,Search Ads,New Product Launch,No,2025-02-10
52609,2025-02-11 12:56:15,Search Ads,Brand Awareness,No,2025-02-11
27589,2025-02-10 06:21:26,Display Ads,Winter Sale,No,2025-02-10
41874,2025-02-10 18:57:22,Email,Retargeting,Yes,2025-02-10
13102,2025-02-11 01:19:16,Search Ads,New Product Launch,Yes,2025-02-11
91950,2025-02-10 12:44:33,Email,-,Yes,2025-02-10
71893,2025-02-11 04:37:36,Direct Traffic,-,Yes,2025-02-11
98881,2025-02-11 07:45:15,Social Media,Discount Offer,No,2025-02-11
51068,2025-02-10 03:41:53,Direct Traffic,-,No,2025-02-10
83881,2025-02-10 13:50:48,Email,New Product Launch,No,2025-02-10
47595,2025-02-11 05:38:41,Search Ads,Winter Sale,Yes,2025-02-11
21788,2025-02-10 06:02:57,Referral,Brand Awareness,No,2025-02-10
33960,2025-02-10 00:04:39,Direct Traffic,-,Yes,2025-02-10
58511,2025-02-11 02:42:28,Referral,Winter Sale,No,2025-02-11
15082,2025-02-10 11:06:41,Social Media,Retargeting,No,2025-02-10
79863,2025-02-11 12:14:20,Social Media,Retargeting,No,2025-02-11
25915,2025-02-11 23:40:20,Social Media,-,No,2025-02-11
45218,2025-02-10 00:50:34,Referral,Winter Sale,No,2025-02-10
51020,2025-02-10 04:46:46,Display Ads,Winter Sale,No,2025-02-10
43178,2025-02-10 16:54:04,Social Media,Retargeting,No,2025-02-10
44400,2025-02-10 16:23:14,Social Media,Retargeting,Yes,2025-02-10
47391,2025-02-11 01:03:09,Direct Traffic,-,Yes,2025-02-11
92402,2025-02-11 05:48:25,Social Media,Brand Awareness,Yes,2025-02-11
66238,2025-02-10 20:12:40,Search Ads,Winter Sale,No,2025-02-10
88880,2025-02-10 05:28:13,Display Ads,Discount Offer,Yes,2025-02-10
62979,2025-02-11 16:34:23,Referral,Winter Sale,No,2025-02-11
38857,2025-02-11 03:11:08,Referral,New Product Launch,Yes,2025-02-11
61062,2025-02-10 21:57:00,Email,Retargeting,No,2025-02-10
52231,2025-02-10 11:08:26,Social Media,Winter Sale,No,2025-02-10
87404,2025-02-10 05:12:26,Direct Traffic,-,No,2025-02-10
90879,2025-02-10 05:37:04,Display Ads,Winter Sale,Yes,2025-02-10
62579,2025-02-11 21:39:41,Referral,Discount Offer,No,2025-02-11
66139,2025-02-11 05:26:01,Referral,Retargeting,Yes,2025-02-11
86889,2025-02-11 00:56:55,Direct Traffic,-,No,2025-02-11
84470,2025-02-10 02:16:42,Social Media,Discount Offer,Yes,2025-02-10
79384,2025-02-11 19:06:57,Email,New Product Launch,Yes,2025-02-11
78514,2025-02-11 18:19:48,Referral,Retargeting,Yes,2025-02-11
71497,2025-02-10 16:18:08,Direct Traffic,-,No,2025-02-10
60852,2025-02-11 11:50:54,Social Media,-,No,2025-02-11
37722,2025-02-10 05:58:40,Display Ads,Brand Awareness,Yes,2025-02-10
68649,2025-02-11 15:54:11,Display Ads,-,No,2025-02-11
99065,2025-02-11 01:45:40,Display Ads,-,Yes,2025-02-11
86443,2025-02-11 02:13:11,Direct Traffic,-,No,2025-02-11
89132,2025-02-10 23:32:44,Direct Traffic,-,Yes,2025-02-10
48753,2025-02-11 00:26:46,Search Ads,Brand Awareness,No,2025-02-11
87404,2025-02-10 13:08:53,Social Media,Discount Offer,Yes,2025-02-10
32550,2025-02-10 07:15:04,Email,Brand Awareness,No,2025-02-10
96546,2025-02-11 02:25:32,Search Ads,New Product Launch,No,2025-02-11
10062,2025-02-10 15:42:42,Social Media,Brand Awareness,No,2025-02-10
95962,2025-02-10 23:01:20,Referral,-,Yes,2025-02-10
60487,2025-02-11 03:56:07,Direct Traffic,-,Yes,2025-02-11
33292,2025-02-11 11:50:49,Referral,Discount Offer,No,2025-02-11
46221,2025-02-10 00:01:19,Display Ads,Retargeting,No,2025-02-10
70492,2025-02-11 18:21:58,Referral,Winter Sale,Yes,2025-02-11
81152,2025-02-11 17:37:11,Display Ads,Retargeting,No,2025-02-11
92350,2025-02-10 16:35:48,Email,Discount Offer,Yes,2025-02-10
46180,2025-02-10 02:04:47,Social Media,Brand Awareness,Yes,2025-02-10
44038,2025-02-11 07:33:50,Email,Brand Awareness,Yes,2025-02-11
91418,2025-02-11 12:37:29,Social Media,-,Yes,2025-02-11
76065,2025-02-10 14:04:49,Display Ads,-,Yes,2025-02-10
44987,2025-02-11 22:12:51,Direct Traffic,-,Yes,2025-02-11
72337,2025-02-11 14:06:01,Display Ads,Discount Offer,Yes,2025-02-11
23799,2025-02-10 07:38:27,Referral,Winter Sale,No,2025-02-10
63775,2025-02-10 15:09:09,Social Media,Winter Sale,Yes,2025-02-10
13558,2025-02-11 21:59:12,Social Media,Discount Offer,No,2025-02-11
77231,2025-02-11 21:14:17,Search Ads,New Product Launch,No,2025-02-11
57996,2025-02-10 16:10:23,Search Ads,Winter Sale,Yes,2025-02-10
59461,2025-02-11 08:41:00,Referral,Discount Offer,No,2025-02-11
86658,2025-02-10 10:46:32,Referral,Brand Awareness,No,2025-02-10
21628,2025-02-11 11:23:51,Referral,Winter Sale,No,2025-02-11
35337,2025-02-10 00:02:04,Referral,-,No,2025-02-10
61331,2025-02-11 14:43:48,Referral,Winter Sale,No,2025-02-11
70093,2025-02-11 04:35:13,Email,Winter Sale,No,2025-02-11
98687,2025-02-10 15:26:28,Email,New Product Launch,No,2025-02-10
19792,2025-02-11 14:23:09,Direct Traffic,-,Yes,2025-02-11
86021,2025-02-11 12:23:39,Social Media,Winter Sale,Yes,2025-02-11
69010,2025-02-11 06:32:11,Email,New Product Launch,No,2025-02-11
79461,2025-02-10 18:48:21,Search Ads,New Product Launch,Yes,2025-02-10
80604,2025-02-11 00:56:49,Social Media,Brand Awareness,Yes,2025-02-11
16008,2025-02-10 12:35:55,Display Ads,Retargeting,No,2025-02-10
35409,2025-02-11 15:15:18,Direct Traffic,-,No,2025-02-11
40133,2025-02-10 18:27:05,Direct Traffic,-,Yes,2025-02-10
81689,2025-02-11 18:13:16,Direct Traffic,-,No,2025-02-11
57455,2025-02-10 06:05:48,Display Ads,Winter Sale,Yes,2025-02-10
27371,2025-02-11 09:25:11,Search Ads,New Product Launch,Yes,2025-02-11
18871,2025-02-10 20:46:33,Social Media,New Product Launch,Yes,2025-02-10
36918,2025-02-10 21:37:09,Social Media,-,No,2025-02-10
36097,2025-02-10 17:06:41,Social Media,Retargeting,No,2025-02-10
33382,2025-02-10 09:40:43,Email,Brand Awareness,No,2025-02-10
89770,2025-02-10 15:55:01,Direct Traffic,-,Yes,2025-02-10
82505,2025-02-11 08:27:52,Email,New Product Launch,No,2025-02-11
29395,2025-02-11 23:50:36,Search Ads,Retargeting,No,2025-02-11
59416,2025-02-10 03:45:10,Referral,New Product Launch,Yes,2025-02-10
36676,2025-02-11 10:33:50,Email,Discount Offer,Yes,2025-02-11
53220,2025-02-10 21:14:23,Referral,Discount Offer,No,2025-02-10
44778,2025-02-11 18:23:22,Referral,Discount Offer,No,2025-02-11
28567,2025-02-11 06:02:17,Search Ads,New Product Launch,No,2025-02-11
56634,2025-02-11 17:46:51,Display Ads,New Product Launch,Yes,2025-02-11
46050,2025-02-11 22:18:41,Social Media,-,No,2025-02-11
77328,2025-02-10 07:49:25,Email,Discount Offer,No,2025-02-10
54719,2025-02-11 17:03:30,Social Media,Discount Offer,No,2025-02-11
80623,2025-02-11 08:42:21,Email,Winter Sale,No,2025-02-11
39417,2025-02-11 10:02:37,Search Ads,Discount Offer,No,2025-02-11
57498,2025-02-11 18:06:23,Email,Retargeting,No,2025-02-11
58795,2025-02-10 12:59:00,Social Media,-,No,2025-02-10
63820,2025-02-10 05:55:59,Direct Traffic,-,Yes,2025-02-10
39185,2025-02-10 21:55:05,Search Ads,Winter Sale,Yes,2025-02-10
24765,2025-02-10 18:12:58,Direct Traffic,-,No,2025-02-10
51871,2025-02-11 16:24:04,Direct Traffic,-,Yes,2025-02-11
35923,2025-02-10 12:45:53,Referral,Winter Sale,No,2025-02-10
64037,2025-02-10 09:51:45,Email,Winter Sale,No,2025-02-10
28556,2025-02-10 18:06:10,Referral,Discount Offer,No,2025-02-10
12731,2025-02-11 12:42:13,Search Ads,Brand Awareness,Yes,2025-02-11
50942,2025-02-11 21:26:23,Email,Brand Awareness,Yes,2025-02-11
86379,2025-02-11 06:32:49,Email,Retargeting,No,2025-02-11
62061,2025-02-10 03:12:21,Display Ads,Retargeting,No,2025-02-10
34498,2025-02-11 00:14:00,Email,Discount Offer,No,2025-02-11
40362,2025-02-11 07:58:02,Direct Traffic,-,Yes,2025-02-11
44882,2025-02-10 09:51:06,Social Media,Winter Sale,No,2025-02-10
91512,2025-02-10 06:09:22,Referral,New Product Launch,No,2025-02-10
13872,2025-02-10 00:11:24,Search Ads,-,No,2025-02-10
16008,2025-02-11 14:00:26,Email,-,No,2025-02-11
96237,2025-02-11 05:51:48,Display Ads,New Product Launch,Yes,2025-02-11
19517,2025-02-11 01:16:18,Social Media,-,Yes,2025-02-11
21704,2025-02-11 19:34:53,Social Media,Discount Offer,No,2025-02-11
90153,2025-02-11 13:04:16,Social Media,New Product Launch,Yes,2025-02-11
51319,2025-02-11 11:46:35,Email,-,No,2025-02-11
55103,2025-02-11 05:12:10,Social Media,-,No,2025-02-11
98343,2025-02-10 05:58:06,Display Ads,-,Yes,2025-02-10
91565,2025-02-11 11:48:18,Display Ads,New Product Launch,Yes,2025-02-11
95694,2025-02-11 00:56:40,Search Ads,Retargeting,No,2025-02-11
55808,2025-02-10 02:50:57,Referral,New Product Launch,Yes,2025-02-10
11917,2025-02-11 06:50:31,Display Ads,New Product Launch,No,2025-02-11
81855,2025-02-10 00:44:41,Referral,Retargeting,No,2025-02-10
13004,2025-02-11 13:20:55,Email,-,Yes,2025-02-11
74035,2025-02-10 03:29:20,Display Ads,Discount Offer,Yes,2025-02-10
82058,2025-02-10 05:47:46,Referral,Winter Sale,No,2025-02-10
24634,2025-02-10 19:11:55,Referral,New Product Launch,No,2025-02-10
13102,2025-02-10 12:29:35,Referral,Winter Sale,Yes,2025-02-10
76871,2025-02-10 15:01:50,Display Ads,Winter Sale,No,2025-02-10
17619,2025-02-10 05:12:27,Search Ads,New Product Launch,No,2025-02-10
51786,2025-02-10 15:27:48,Referral,Retargeting,Yes,2025-02-10
44261,2025-02-10 09:16:41,Search Ads,-,Yes,2025-02-10
24433,2025-02-10 09:14:29,Display Ads,Winter Sale,No,2025-02-10
56553,2025-02-10 00:45:54,Direct Traffic,-,Yes,2025-02-10
12855,2025-02-11 03:32:44,Social Media,-,No,2025-02-11
87404,2025-02-10 15:24:14,Social Media,Winter Sale,Yes,2025-02-10
73055,2025-02-10 03:47:45,Display Ads,Discount Offer,Yes,2025-02-10
33999,2025-02-10 17:37:34,Display Ads,-,No,2025-02-10
59927,2025-02-11 11:38:23,Display Ads,Discount Offer,Yes,2025-02-11
40530,2025-02-10 00:17:05,Email,New Product Launch,No,2025-02-10
70698,2025-02-11 13:38:11,Email,-,No,2025-02-11
77120,2025-02-10 14:31:09,Referral,New Product Launch,No,2025-02-10
57949,2025-02-10 05:21:30,Email,Discount Offer,No,2025-02-10
42776,2025-02-10 07:14:08,Search Ads,Discount Offer,Yes,2025-02-10
90635,2025-02-11 16:32:27,Direct Traffic,-,No,2025-02-11
87027,2025-02-10 04:10:24,Display Ads,-,Yes,2025-02-10
94722,2025-02-11 01:27:44,Search Ads,-,Yes,2025-02-11
44400,2025-02-10 16:22:24,Search Ads,Brand Awareness,Yes,2025-02-10
46070,2025-02-11 18:49:06,Display Ads,Winter Sale,Yes,2025-02-11
47509,2025-02-10 03:12:05,Display Ads,Winter Sale,Yes,2025-02-10
26401,2025-02-10 02:04:28,Referral,New Product Launch,No,2025-02-10
71570,2025-02-11 02:48:49,Referral,Retargeting,Yes,2025-02-11
54874,2025-02-11 19:49:57,Referral,Brand Awareness,Yes,2025-02-11
11741,2025-02-10 00:47:29,Referral,Brand Awareness,No,2025-02-10
86414,2025-02-11 23:26:31,Display Ads,Discount Offer,Yes,2025-02-11
90712,2025-02-11 20:57:01,Display Ads,Discount Offer,Yes,2025-02-11
76850,2025-02-10 16:29:47,Referral,Winter Sale,Yes,2025-02-10
48639,2025-02-10 14:20:33,Search Ads,-,No,2025-02-10
64163,2025-02-10 06:56:31,Email,Retargeting,Yes,2025-02-10
72122,2025-02-11 15:40:35,Referral,-,Yes,2025-02-11
25901,2025-02-11 11:55:32,Social Media,Retargeting,No,2025-02-11
24620,2025-02-10 16:52:48,Direct Traffic,-,Yes,2025-02-10
73105,2025-02-11 00:02:39,Display Ads,Winter Sale,No,2025-02-11
90472,2025-02-11 23:35:01,Display Ads,Brand Awareness,Yes,2025-02-11
25085,2025-02-11 17:52:42,Social Media,Retargeting,Yes,2025-02-11
92565,2025-02-11 03:38:30,Referral,Retargeting,Yes,2025-02-11
10685,2025-02-10 22:21:01,Search Ads,New Product Launch,Yes,2025-02-10
54049,2025-02-11 11:02:01,Direct Traffic,-,Yes,2025-02-11
76584,2025-02-11 05:20:11,Display Ads,Brand Awareness,No,2025-02-11
18492,2025-02-10 06:24:45,Social Media,New Product Launch,Yes,2025-02-10
13186,2025-02-10 00:43:36,Email,Discount Offer,No,2025-02-10
92350,2025-02-10 04:42:35,Search Ads,Retargeting,Yes,2025-02-10
29440,2025-02-11 18:50:56,Search Ads,-,No,2025-02-11
10668,2025-02-10 16:40:19,Direct Traffic,-,No,2025-02-10
57669,2025-02-11 22:59:24,Search Ads,Brand Awareness,Yes,2025-02-11
57976,2025-02-11 09:37:12,Search Ads,Brand Awareness,Yes,2025-02-11
72815,2025-02-10 10:10:45,Search Ads,New Product Launch,Yes,2025-02-10
18301,2025-02-10 11:04:19,Display Ads,Discount Offer,No,2025-02-10
72959,2025-02-10 07:25:54,Email,Discount Offer,No,2025-02-10
57372,2025-02-11 21:35:41,Email,Discount Offer,No,2025-02-11
32477,2025-02-10 19:32:29,Email,New Product Launch,No,2025-02-10
45964,2025-02-11 18:54:05,Email,Winter Sale,Yes,2025-02-11
30888,2025-02-10 23:45:22,Social Media,New Product Launch,Yes,2025-02-10
51020,2025-02-10 07:23:01,Display Ads,Retargeting,No,2025-02-10
68615,2025-02-11 07:27:17,Referral,Brand Awareness,No,2025-02-11
61462,2025-02-11 19:58:58,Social Media,New Product Launch,Yes,2025-02-11
38099,2025-02-11 00:41:54,Referral,New Product Launch,Yes,2025-02-11
63095,2025-02-11 19:37:08,Social Media,Retargeting,Yes,2025-02-11
91630,2025-02-10 17:47:04,Display Ads,Brand Awareness,Yes,2025-02-10
82125,2025-02-11 02:55:54,Search Ads,Retargeting,Yes,2025-02-11
43783,2025-02-11 03:14:18,Email,New Product Launch,No,2025-02-11
80392,2025-02-11 02:25:25,Search Ads,Brand Awareness,Yes,2025-02-11
22270,2025-02-11 23:16:31,Direct Traffic,-,Yes,2025-02-11
71235,2025-02-10 01:29:03,Email,Discount Offer,No,2025-02-10
15351,2025-02-10 20:45:31,Email,Brand Awareness,No,2025-02-10
58020,2025-02-10 22:39:56,Display Ads,Discount Offer,Yes,2025-02-10
73677,2025-02-11 09:30:59,Social Media,Brand Awareness,Yes,2025-02-11
89132,2025-02-11 07:41:36,Display Ads,Brand Awareness,No,2025-02-11
95402,2025-02-11 15:46:53,Direct Traffic,-,No,2025-02-11
17329,2025-02-11 20:56:41,Social Media,Brand Awareness,Yes,2025-02-11
30468,2025-02-11 13:25:53,Search Ads,Retargeting,Yes,2025-02-11
65938,2025-02-10 20:56:08,Display Ads,Retargeting,No,2025-02-10
46988,2025-02-11 18:01:26,Social Media,New Product Launch,No,2025-02-11
89412,2025-02-10 23:43:11,Search Ads,-,No,2025-02-10
19262,2025-02-10 19:45:23,Display Ads,Brand Awareness,No,2025-02-10
79941,2025-02-10 18:37:18,Display Ads,Retargeting,No,2025-02-10
86042,2025-02-10 23:45:47,Display Ads,New Product Launch,No,2025-02-10
89953,2025-02-10 09:17:33,Social Media,-,Yes,2025-02-10
42285,2025-02-11 13:54:11,Search Ads,Brand Awareness,No,2025-02-11
15390,2025-02-10 15:26:44,Direct Traffic,-,No,2025-02-10
39696,2025-02-10 11:52:02,Display Ads,-,Yes,2025-02-10
78980,2025-02-11 17:37:17,Direct Traffic,-,Yes,2025-02-11
83093,2025-02-10 00:34:34,Referral,New Product Launch,Yes,2025-02-10
18492,2025-02-11 22:06:10,Direct Traffic,-,Yes,2025-02-11
56072,2025-02-10 14:33:05,Referral,New Product Launch,No,2025-02-10
13687,2025-02-10 01:34:41,Social Media,-,No,2025-02-10
64877,2025-02-11 15:09:49,Referral,Brand Awareness,Yes,2025-02-11
77289,2025-02-10 16:42:16,Search Ads,Discount Offer,Yes,2025-02-10
35247,2025-02-11 06:57:17,Direct Traffic,-,No,2025-02-11
21815,2025-02-10 13:55:58,Search Ads,Retargeting,Yes,2025-02-10
56253,2025-02-11 23:02:37,Direct Traffic,-,No,2025-02-11
38822,2025-02-10 23:55:27,Display Ads,-,Yes,2025-02-10
15233,2025-02-10 14:21:58,Direct Traffic,-,No,2025-02-10
65283,2025-02-11 05:24:13,Direct Traffic,-,Yes,2025-02-11
30842,2025-02-10 20:07:12,Referral,Retargeting,Yes,2025-02-10
90090,2025-02-11 12:48:40,Social Media,New Product Launch,Yes,2025-02-11
37332,2025-02-11 04:50:29,Referral,Winter Sale,No,2025-02-11
80368,2025-02-10 23:14:51,Email,Discount Offer,No,2025-02-10
97201,2025-02-10 05:33:47,Display Ads,New Product Launch,No,2025-02-10
84041,2025-02-10 15:01:33,Social Media,-,Yes,2025-02-10
95402,2025-02-10 19:59:06,Email,Retargeting,Yes,2025-02-10
84041,2025-02-10 21:37:41,Referral,Brand Awareness,Yes,2025-02-10
26754,2025-02-10 19:50:02,Display Ads,Winter Sale,Yes,2025-02-10
40130,2025-02-10 23:19:27,Referral,Brand Awareness,No,2025-02-10
43014,2025-02-11 17:07:25,Display Ads,Retargeting,Yes,2025-02-11
20507,2025-02-10 21:01:50,Social Media,Retargeting,Yes,2025-02-10
26430,2025-02-11 02:13:34,Social Media,Winter Sale,Yes,2025-02-11
57739,2025-02-11 19:14:50,Search Ads,Retargeting,No,2025-02-11
17396,2025-02-11 09:46:32,Direct Traffic,-,Yes,2025-02-11
58689,2025-02-10 19:03:17,Display Ads,Retargeting,No,2025-02-10
19644,2025-02-11 12:11:40,Display Ads,New Product Launch,No,2025-02-11
29877,2025-02-10 03:21:56,Direct Traffic,-,No,2025-02-10
20111,2025-02-10 16:46:02,Direct Traffic,-,No,2025-02-10
14782,2025-02-11 04:54:56,Direct Traffic,-,Yes,2025-02-11
99481,2025-02-11 07:14:28,Display Ads,-,No,2025-02-11
21212,2025-02-10 19:53:29,Social Media,New Product Launch,No,2025-02-10
62229,2025-02-11 18:57:38,Referral,Discount Offer,Yes,2025-02-11
60001,2025-02-11 08:20:31,Display Ads,Retargeting,Yes,2025-02-11
32052,2025-02-11 17:42:21,Direct Traffic,-,Yes,2025-02-11
65881,2025-02-10 19:51:19,Display Ads,Discount Offer,No,2025-02-10
81406,2025-02-10 18:19:37,Referral,Brand Awareness,Yes,2025-02-10
67005,2025-02-11 15:46:06,Search Ads,Retargeting,Yes,2025-02-11
17614,2025-02-10 02:31:51,Direct Traffic,-,Yes,2025-02-10
55035,2025-02-10 16:17:13,Display Ads,New Product Launch,Yes,2025-02-10
16304,2025-02-11 04:13:46,Display Ads,Discount Offer,No,2025-02-11
52408,2025-02-10 22:54:10,Email,New Product Launch,No,2025-02-10
28265,2025-02-10 08:34:24,Social Media,Brand Awareness,Yes,2025-02-10
26185,2025-02-10 13:32:54,Email,-,Yes,2025-02-10
56634,2025-02-11 15:20:41,Social Media,Discount Offer,Yes,2025-02-11
22343,2025-02-11 14:25:54,Social Media,Discount Offer,No,2025-02-11
79192,2025-02-11 19:28:59,Search Ads,Winter Sale,No,2025-02-11
45415,2025-02-10 22:57:23,Direct Traffic,-,Yes,2025-02-10
55533,2025-02-11 11:56:02,Social Media,Retargeting,No,2025-02-11
74763,2025-02-10 17:01:06,Search Ads,Retargeting,No,2025-02-10
91879,2025-02-11 19:14:33,Search Ads,Brand Awareness,No,2025-02-11
12459,2025-02-11 00:20:21,Social Media,Brand Awareness,Yes,2025-02-11
81531,2025-02-10 04:58:03,Display Ads,New Product Launch,No,2025-02-10
44272,2025-02-10 11:43:03,Email,Winter Sale,Yes,2025-02-10
85486,2025-02-11 09:39:34,Display Ads,Retargeting,No,2025-02-11
51018,2025-02-11 23:51:57,Direct Traffic,-,No,2025-02-11
19444,2025-02-11 02:20:09,Display Ads,Brand Awareness,No,2025-02-11
99157,2025-02-10 15:53:11,Display Ads,-,No,2025-02-10
51223,2025-02-10 21:05:31,Display Ads,-,Yes,2025-02-10
63751,2025-02-11 20:37:11,Display Ads,Discount Offer,Yes,2025-02-11
29914,2025-02-11 19:42:00,Email,-,Yes,2025-02-11
79444,2025-02-10 18:00:17,Email,Retargeting,No,2025-02-10
51871,2025-02-11 05:42:05,Email,Retargeting,Yes,2025-02-11
60859,2025-02-11 04:09:55,Referral,New Product Launch,Yes,2025-02-11
88521,2025-02-10 06:18:24,Referral,-,No,2025-02-10
41382,2025-02-11 09:35:31,Display Ads,New Product Launch,Yes,2025-02-11
68998,2025-02-10 03:09:38,Social Media,Winter Sale,No,2025-02-10
88142,2025-02-11 03:22:30,Direct Traffic,-,Yes,2025-02-11
61578,2025-02-10 14:11:18,Display Ads,Winter Sale,No,2025-02-10
29785,2025-02-10 13:28:19,Display Ads,Winter Sale,Yes,2025-02-10
63710,2025-02-10 19:36:02,Direct Traffic,-,Yes,2025-02-10
77120,2025-02-10 07:13:12,Display Ads,Retargeting,Yes,2025-02-10
17566,2025-02-11 15:41:07,Email,-,Yes,2025-02-11
88868,2025-02-10 22:10:29,Email,Brand Awareness,Yes,2025-02-10
39158,2025-02-11 23:46:26,Direct Traffic,-,No,2025-02-11
26693,2025-02-10 23:39:41,Social Media,Brand Awareness,Yes,2025-02-10
61878,2025-02-11 22:24:12,Referral,Retargeting,Yes,2025-02-11
47957,2025-02-10 05:50:34,Email,New Product Launch,Yes,2025-02-10
96838,2025-02-10 02:54:09,Email,-,No,2025-02-10
25765,2025-02-10 22:12:32,Social Media,Discount Offer,Yes,2025-02-10
82159,2025-02-10 22:00:48,Email,-,No,2025-02-10
50636,2025-02-10 07:46:21,Search Ads,Retargeting,No,2025-02-10
70834,2025-02-10 21:03:19,Search Ads,New Product Launch,No,2025-02-10
18955,2025-02-10 18:26:17,Email,Discount Offer,Yes,2025-02-10
88425,2025-02-10 05:56:47,Display Ads,Brand Awareness,No,2025-02-10
78348,2025-02-10 23:16:40,Referral,Brand Awareness,No,2025-02-10
50704,2025-02-11 04:31:00,Direct Traffic,-,No,2025-02-11
97230,2025-02-10 21:01:20,Social Media,Retargeting,No,2025-02-10
63274,2025-02-11 11:59:10,Social Media,Retargeting,No,2025-02-11
59899,2025-02-11 21:42:25,Email,Winter Sale,No,2025-02-11
79907,2025-02-10 19:22:40,Email,-,Yes,2025-02-10
61947,2025-02-11 14:04:42,Display Ads,Brand Awareness,Yes,2025-02-11
78183,2025-02-10 16:12:54,Social Media,Winter Sale,Yes,2025-02-10
63551,2025-02-11 18:18:52,Direct Traffic,-,Yes,2025-02-11
89793,2025-02-10 22:54:28,Display Ads,New Product Launch,Yes,2025-02-10
79162,2025-02-10 03:19:06,Email,New Product Launch,Yes,2025-02-10
46598,2025-02-11 02:04:17,Direct Traffic,-,No,2025-02-11
97881,2025-02-11 17:47:38,Social Media,Discount Offer,No,2025-02-11
89953,2025-02-10 11:39:57,Email,-,No,2025-02-10
59425,2025-02-11 13:34:23,Display Ads,Brand Awareness,Yes,2025-02-11
44062,2025-02-11 09:12:43,Direct Traffic,-,Yes,2025-02-11
54115,2025-02-11 00:26:07,Search Ads,Retargeting,Yes,2025-02-11
63181,2025-02-11 19:13:36,Email,Winter Sale,Yes,2025-02-11
31680,2025-02-10 06:31:30,Referral,Discount Offer,No,2025-02-10
18441,2025-02-11 01:32:40,Referral,Winter Sale,No,2025-02-11
61358,2025-02-11 09:55:09,Search Ads,Retargeting,No,2025-02-11
18152,2025-02-10 08:20:56,Search Ads,Discount Offer,Yes,2025-02-10
27437,2025-02-10 19:40:40,Search Ads,Discount Offer,No,2025-02-10
18618,2025-02-11 14:19:07,Direct Traffic,-,No,2025-02-11
66748,2025-02-11 16:40:10,Direct Traffic,-,No,2025-02-11
25978,2025-02-10 17:42:56,Social Media,Brand Awareness,Yes,2025-02-10
70949,2025-02-11 22:43:57,Social Media,New Product Launch,Yes,2025-02-11
89730,2025-02-10 08:40:03,Search Ads,Retargeting,No,2025-02-10
47174,2025-02-11 14:39:28,Referral,Brand Awareness,Yes,2025-02-11
83286,2025-02-10 17:08:56,Display Ads,Discount Offer,Yes,2025-02-10
32839,2025-02-10 10:10:45,Email,Discount Offer,No,2025-02-10
50574,2025-02-10 18:46:17,Display Ads,Brand Awareness,No,2025-02-10
88293,2025-02-10 05:16:07,Email,Brand Awareness,Yes,2025-02-10
84501,2025-02-11 14:47:18,Email,Discount Offer,Yes,2025-02-11
33545,2025-02-10 07:43:33,Display Ads,-,Yes,2025-02-10
27767,2025-02-11 01:02:45,Social Media,New Product Launch,Yes,2025-02-11
24452,2025-02-11 02:33:11,Social Media,Winter Sale,No,2025-02-11
33367,2025-02-11 20:43:47,Display Ads,Brand Awareness,Yes,2025-02-11
60484,2025-02-11 06:57:09,Direct Traffic,-,No,2025-02-11
16979,2025-02-11 09:24:03,Social Media,Retargeting,No,2025-02-11
42818,2025-02-10 11:03:04,Social Media,Brand Awareness,No,2025-02-10
36311,2025-02-11 06:33:53,Display Ads,New Product Launch,No,2025-02-11
20098,2025-02-11 16:35:12,Search Ads,Winter Sale,No,2025-02-11
86889,2025-02-11 09:25:05,Search Ads,New Product Launch,No,2025-02-11
73951,2025-02-11 14:46:11,Social Media,Retargeting,No,2025-02-11
36215,2025-02-10 00:02:41,Referral,Discount Offer,No,2025-02-10
59032,2025-02-10 14:07:15,Search Ads,-,No,2025-02-10
85486,2025-02-11 17:05:37,Display Ads,Retargeting,Yes,2025-02-11
49456,2025-02-10 02:40:58,Referral,Retargeting,Yes,2025-02-10
49967,2025-02-11 13:13:51,Direct Traffic,-,Yes,2025-02-11
91918,2025-02-10 20:52:49,Display Ads,Brand Awareness,Yes,2025-02-10
54351,2025-02-11 14:04:10,Search Ads,Winter Sale,No,2025-02-11
59840,2025-02-10 02:35:16,Direct Traffic,-,Yes,2025-02-10
92200,2025-02-11 20:21:09,Search Ads,Retargeting,No,2025-02-11
56993,2025-02-11 04:31:24,Search Ads,Retargeting,Yes,2025-02-11
71036,2025-02-11 17:28:26,Social Media,Retargeting,No,2025-02-11
80739,2025-02-10 16:16:38,Referral,-,Yes,2025-02-10
79207,2025-02-10 15:48:04,Social Media,Brand Awareness,Yes,2025-02-10
90131,2025-02-10 21:14:44,Referral,New Product Launch,Yes,2025-02-10
45058,2025-02-11 01:02:18,Referral,Brand Awareness,Yes,2025-02-11
24114,2025-02-10 17:02:39,Email,Brand Awareness,Yes,2025-02-10
85419,2025-02-10 04:14:10,Display Ads,Brand Awareness,Yes,2025-02-10
89367,2025-02-11 06:32:32,Search Ads,Brand Awareness,No,2025-02-11
19180,2025-02-10 14:31:07,Referral,-,Yes,2025-02-10
65881,2025-02-10 08:33:04,Direct Traffic,-,Yes,2025-02-10
36375,2025-02-10 08:34:47,Search Ads,Retargeting,Yes,2025-02-10
65966,2025-02-11 06:05:08,Direct Traffic,-,No,2025-02-11
55737,2025-02-11 11:22:08,Referral,New Product Launch,Yes,2025-02-11
30460,2025-02-10 19:21:21,Display Ads,Retargeting,No,2025-02-10
69561,2025-02-11 22:41:00,Referral,New Product Launch,No,2025-02-11
79091,2025-02-10 12:36:28,Referral,New Product Launch,No,2025-02-10
17278,2025-02-10 22:05:00,Referral,-,Yes,2025-02-10
24956,2025-02-11 05:24:17,Direct Traffic,-,No,2025-02-11
22943,2025-02-11 02:48:54,Email,New Product Launch,Yes,2025-02-11
49985,2025-02-10 01:10:36,Search Ads,Discount Offer,No,2025-02-10
76957,2025-02-10 07:28:49,Social Media,New Product Launch,Yes,2025-02-10
48949,2025-02-10 10:44:36,Email,Brand Awareness,Yes,2025-02-10
93014,2025-02-10 11:59:09,Search Ads,New Product Launch,No,2025-02-10
26328,2025-02-11 12:35:37,Direct Traffic,-,No,2025-02-11
44827,2025-02-11 08:16:17,Email,-,No,2025-02-11
98683,2025-02-11 13:04:42,Social Media,Discount Offer,No,2025-02-11
98273,2025-02-11 10:56:36,Display Ads,Retargeting,Yes,2025-02-11
74876,2025-02-11 03:14:37,Email,New Product Launch,Yes,2025-02-11
29196,2025-02-11 13:36:20,Email,Discount Offer,No,2025-02-11
67283,2025-02-11 07:04:57,Email,-,Yes,2025-02-11
13775,2025-02-10 23:29:00,Search Ads,Brand Awareness,No,2025-02-10
62079,2025-02-10 18:27:57,Referral,Retargeting,Yes,2025-02-10
20685,2025-02-11 04:16:04,Display Ads,Brand Awareness,No,2025-02-11
79268,2025-02-11 23:08:43,Email,Brand Awareness,No,2025-02-11
78830,2025-02-11 04:05:51,Display Ads,New Product Launch,Yes,2025-02-11
82050,2025-02-10 11:22:09,Display Ads,Retargeting,Yes,2025-02-10
79408,2025-02-11 13:21:43,Display Ads,Discount Offer,No,2025-02-11
61063,2025-02-11 09:05:12,Social Media,New Product Launch,No,2025-02-11
35942,2025-02-11 00:20:03,Search Ads,Discount Offer,Yes,2025-02-11
88425,2025-02-10 19:56:29,Display Ads,Winter Sale,Yes,2025-02-10
83962,2025-02-10 12:39:59,Email,Brand Awareness,No,2025-02-10
44026,2025-02-10 04:27:27,Direct Traffic,-,Yes,2025-02-10
47511,2025-02-10 08:49:32,Referral,Retargeting,No,2025-02-10
41146,2025-02-10 09:47:46,Display Ads,Winter Sale,No,2025-02-10
92988,2025-02-10 14:24:48,Display Ads,Discount Offer,No,2025-02-10
72028,2025-02-10 04:57:18,Email,Retargeting,Yes,2025-02-10
31126,2025-02-10 17:39:43,Email,Brand Awareness,No,2025-02-10
97899,2025-02-10 17:47:20,Social Media,New Product Launch,No,2025-02-10
48850,2025-02-10 22:38:58,Direct Traffic,-,Yes,2025-02-10
85844,2025-02-10 01:27:10,Direct Traffic,-,Yes,2025-02-10
91966,2025-02-11 19:42:49,Referral,-,No,2025-02-11
99566,2025-02-10 21:56:51,Referral,-,No,2025-02-10
17566,2025-02-10 14:25:13,Referral,Brand Awareness,Yes,2025-02-10
54549,2025-02-10 08:00:39,Social Media,Winter Sale,No,2025-02-10
23799,2025-02-11 03:32:40,Direct Traffic,-,Yes,2025-02-11
82064,2025-02-11 09:48:17,Email,Discount Offer,No,2025-02-11
91512,2025-02-10 01:05:52,Display Ads,Winter Sale,Yes,2025-02-10
24212,2025-02-10 03:23:34,Display Ads,-,No,2025-02-10
42501,2025-02-10 02:20:59,Direct Traffic,-,Yes,2025-02-10
40098,2025-02-10 21:11:26,Search Ads,Brand Awareness,No,2025-02-10
83149,2025-02-10 05:19:52,Social Media,Discount Offer,No,2025-02-10
27452,2025-02-10 22:19:16,Email,Brand Awareness,Yes,2025-02-10
24581,2025-02-11 08:02:12,Social Media,Brand Awareness,No,2025-02-11
48237,2025-02-11 13:41:09,Referral,Brand Awareness,No,2025-02-11
23497,2025-02-10 10:54:51,Referral,Winter Sale,No,2025-02-10
49053,2025-02-11 07:43:39,Referral,Winter Sale,Yes,2025-02-11
39559,2025-02-11 13:01:09,Search Ads,Discount Offer,Yes,2025-02-11
60844,2025-02-10 10:56:33,Search Ads,Discount Offer,No,2025-02-10
41638,2025-02-10 02:30:55,Social Media,-,No,2025-02-10
67765,2025-02-11 15:20:22,Direct Traffic,-,Yes,2025-02-11
64541,2025-02-10 04:33:42,Social Media,Retargeting,No,2025-02-10
42970,2025-02-11 08:31:43,Referral,Discount Offer,No,2025-02-11
40965,2025-02-11 11:44:37,Display Ads,Discount Offer,No,2025-02-11
96237,2025-02-11 12:25:43,Social Media,Winter Sale,No,2025-02-11
35728,2025-02-11 18:30:52,Search Ads,Discount Offer,Yes,2025-02-11
49991,2025-02-10 19:03:14,Email,Winter Sale,Yes,2025-02-10
69775,2025-02-11 22:32:33,Email,Brand Awareness,Yes,2025-02-11
68381,2025-02-11 15:39:55,Referral,Retargeting,Yes,2025-02-11
38175,2025-02-11 20:33:07,Email,Discount Offer,Yes,2025-02-11
61019,2025-02-10 18:47:19,Display Ads,Discount Offer,No,2025-02-10
37622,2025-02-11 03:05:28,Email,Retargeting,Yes,2025-02-11
91055,2025-02-11 14:14:13,Referral,New Product Launch,No,2025-02-11
59033,2025-02-11 19:29:05,Email,Discount Offer,No,2025-02-11
75473,2025-02-10 03:09:06,Direct Traffic,-,No,2025-02-10
23567,2025-02-11 23:25:34,Display Ads,New Product Launch,No,2025-02-11
87803,2025-02-11 07:33:47,Display Ads,-,Yes,2025-02-11
64753,2025-02-10 01:46:16,Referral,Brand Awareness,No,2025-02-10
63781,2025-02-11 02:01:21,Direct Traffic,-,No,2025-02-11
54005,2025-02-11 02:16:52,Search Ads,Brand Awareness,Yes,2025-02-11
94970,2025-02-11 22:47:03,Search Ads,Brand Awareness,Yes,2025-02-11
43787,2025-02-10 18:14:28,Direct Traffic,-,No,2025-02-10
64767,2025-02-11 23:12:31,Social Media,-,Yes,2025-02-11
79969,2025-02-10 01:12:01,Display Ads,New Product Launch,No,2025-02-10
11295,2025-02-10 05:52:58,Social Media,Discount Offer,Yes,2025-02-10
55756,2025-02-11 07:10:18,Email,New Product Launch,No,2025-02-11
87642,2025-02-10 06:20:42,Search Ads,-,Yes,2025-02-10
78831,2025-02-11 14:48:04,Direct Traffic,-,No,2025-02-11
37722,2025-02-11 00:43:53,Direct Traffic,-,No,2025-02-11
47631,2025-02-10 01:35:14,Email,New Product Launch,Yes,2025-02-10
15491,2025-02-10 22:36:31,Referral,Brand Awareness,Yes,2025-02-10
67211,2025-02-10 20:03:29,Display Ads,-,Yes,2025-02-10
41755,2025-02-10 07:01:08,Display Ads,-,No,2025-02-10
59482,2025-02-11 06:07:52,Referral,Winter Sale,Yes,2025-02-11
33077,2025-02-11 19:47:20,Email,Winter Sale,Yes,2025-02-11
94932,2025-02-10 00:43:34,Social Media,Winter Sale,No,2025-02-10
46373,2025-02-10 08:55:37,Display Ads,-,No,2025-02-10
81053,2025-02-10 06:42:24,Display Ads,Discount Offer,Yes,2025-02-10
97087,2025-02-10 18:41:30,Referral,Brand Awareness,No,2025-02-10
79863,2025-02-11 17:51:03,Direct Traffic,-,Yes,2025-02-11
25790,2025-02-11 21:46:44,Referral,Winter Sale,Yes,2025-02-11
89556,2025-02-11 05:12:38,Email,Winter Sale,Yes,2025-02-11
72843,2025-02-11 17:44:22,Display Ads,Brand Awareness,No,2025-02-11
13771,2025-02-11 19:41:38,Email,Retargeting,No,2025-02-11
10255,2025-02-10 05:49:14,Referral,Winter Sale,No,2025-02-10
60859,2025-02-10 03:34:04,Display Ads,Winter Sale,No,2025-02-10
10690,2025-02-11 04:20:14,Search Ads,New Product Launch,No,2025-02-11
82668,2025-02-10 07:47:06,Referral,Discount Offer,No,2025-02-10
94157,2025-02-11 03:43:12,Email,New Product Launch,No,2025-02-11
48099,2025-02-11 14:20:36,Display Ads,Retargeting,Yes,2025-02-11
17737,2025-02-10 01:44:57,Display Ads,Retargeting,Yes,2025-02-10
45202,2025-02-10 23:43:54,Referral,Retargeting,No,2025-02-10
41969,2025-02-10 14:38:19,Direct Traffic,-,No,2025-02-10
43175,2025-02-10 22:11:29,Social Media,Retargeting,Yes,2025-02-10
28567,2025-02-11 11:19:06,Search Ads,Brand Awareness,No,2025-02-11
34007,2025-02-10 19:07:16,Email,Retargeting,No,2025-02-10
69561,2025-02-10 04:43:52,Search Ads,Discount Offer,Yes,2025-02-10
53994,2025-02-11 12:13:03,Display Ads,New Product Launch,No,2025-02-11
46598,2025-02-10 02:03:19,Display Ads,Winter Sale,Yes,2025-02-10
81479,2025-02-10 07:12:09,Display Ads,New Product Launch,No,2025-02-10
64877,2025-02-11 18:26:40,Social Media,-,Yes,2025-02-11
95242,2025-02-10 09:03:43,Referral,Discount Offer,No,2025-02-10
12855,2025-02-10 04:55:01,Search Ads,-,Yes,2025-02-10
78059,2025-02-11 04:46:59,Email,New Product Launch,No,2025-02-11
21001,2025-02-11 16:07:10,Direct Traffic,-,No,2025-02-11
22921,2025-02-11 00:48:01,Email,Retargeting,No,2025-02-11
76514,2025-02-10 15:40:29,Referral,New Product Launch,Yes,2025-02-10
45415,2025-02-11 08:39:31,Referral,Brand Awareness,Yes,2025-02-11
72337,2025-02-11 04:29:33,Search Ads,Retargeting,No,2025-02-11
37078,2025-02-10 11:35:01,Display Ads,Discount Offer,No,2025-02-10
70016,2025-02-11 07:17:33,Search Ads,Winter Sale,Yes,2025-02-11
24012,2025-02-11 18:16:38,Search Ads,Retargeting,Yes,2025-02-11
17726,2025-02-10 04:50:58,Direct Traffic,-,Yes,2025-02-10
11295,2025-02-11 15:05:31,Referral,-,Yes,2025-02-11
84395,2025-02-11 03:56:10,Referral,Retargeting,Yes,2025-02-11
23733,2025-02-10 10:56:23,Search Ads,-,No,2025-02-10
11416,2025-02-10 19:35:18,Direct Traffic,-,No,2025-02-10
74738,2025-02-11 01:49:50,Display Ads,Discount Offer,Yes,2025-02-11
40965,2025-02-11 13:37:43,Search Ads,Discount Offer,Yes,2025-02-11
11177,2025-02-11 13:25:23,Search Ads,New Product Launch,No,2025-02-11
99937,2025-02-11 05:37:24,Display Ads,Brand Awareness,No,2025-02-11
61600,2025-02-10 18:44:54,Direct Traffic,-,Yes,2025-02-10
72819,2025-02-10 05:29:04,Direct Traffic,-,Yes,2025-02-10
46364,2025-02-11 17:28:47,Social Media,Winter Sale,Yes,2025-02-11
82668,2025-02-10 22:01:15,Referral,Retargeting,Yes,2025-02-10
53313,2025-02-11 02:35:04,Email,New Product Launch,Yes,2025-02-11
46598,2025-02-11 18:32:40,Display Ads,Brand Awareness,Yes,2025-02-11
65514,2025-02-11 08:31:20,Referral,-,No,2025-02-11
58969,2025-02-11 03:20:15,Direct Traffic,-,No,2025-02-11
74915,2025-02-10 16:45:12,Email,New Product Launch,No,2025-02-10
99526,2025-02-10 06:09:38,Direct Traffic,-,No,2025-02-10
62089,2025-02-11 11:16:44,Social Media,Winter Sale,Yes,2025-02-11
19679,2025-02-10 13:44:24,Social Media,Winter Sale,Yes,2025-02-10
26754,2025-02-11 16:23:35,Email,Winter Sale,Yes,2025-02-11
29837,2025-02-10 15:23:20,Direct Traffic,-,No,2025-02-10
15978,2025-02-10 12:56:07,Search Ads,New Product Launch,No,2025-02-10
30578,2025-02-11 07:07:25,Referral,Discount Offer,Yes,2025-02-11
28194,2025-02-10 16:20:35,Social Media,Winter Sale,No,2025-02-10
38973,2025-02-10 19:05:12,Search Ads,-,No,2025-02-10
28511,2025-02-10 04:40:44,Display Ads,Discount Offer,No,2025-02-10
76743,2025-02-10 14:17:35,Direct Traffic,-,No,2025-02-10
56987,2025-02-11 00:17:25,Referral,Discount Offer,No,2025-02-11
40090,2025-02-10 15:20:12,Direct Traffic,-,Yes,2025-02-10
10843,2025-02-11 09:02:32,Referral,Brand Awareness,No,2025-02-11
27166,2025-02-10 20:06:36,Email,New Product Launch,No,2025-02-10
23362,2025-02-10 05:59:33,Search Ads,-,No,2025-02-10
49524,2025-02-10 01:42:02,Social Media,Winter Sale,No,2025-02-10
37554,2025-02-10 12:22:40,Display Ads,New Product Launch,Yes,2025-02-10
77091,2025-02-11 16:19:53,Search Ads,-,No,2025-02-11
98275,2025-02-10 18:30:49,Referral,Retargeting,Yes,2025-02-10
53024,2025-02-10 09:18:58,Direct Traffic,-,Yes,2025-02-10
19971,2025-02-10 19:37:46,Email,Brand Awareness,Yes,2025-02-10
59110,2025-02-11 20:47:58,Search Ads,Winter Sale,No,2025-02-11
39761,2025-02-11 20:50:24,Email,-,Yes,2025-02-11
95772,2025-02-10 21:58:54,Search Ads,Brand Awareness,No,2025-02-10
97804,2025-02-11 03:18:15,Email,Brand Awareness,Yes,2025-02-11
25377,2025-02-11 19:45:08,Search Ads,Winter Sale,No,2025-02-11
55894,2025-02-10 13:03:50,Social Media,Winter Sale,Yes,2025-02-10
35247,2025-02-10 14:23:49,Referral,Retargeting,Yes,2025-02-10
25547,2025-02-11 11:41:41,Email,-,No,2025-02-11
46988,2025-02-11 23:54:57,Social Media,Discount Offer,No,2025-02-11
45218,2025-02-11 21:11:53,Referral,New Product Launch,No,2025-02-11
24914,2025-02-10 16:01:45,Referral,Retargeting,No,2025-02-10
74032,2025-02-10 15:39:23,Email,Winter Sale,No,2025-02-10
25725,2025-02-10 10:11:12,Search Ads,Retargeting,Yes,2025-02-10
75201,2025-02-10 22:41:17,Social Media,New Product Launch,Yes,2025-02-10
45053,2025-02-10 02:40:19,Social Media,New Product Launch,Yes,2025-02-10
47202,2025-02-10 23:03:08,Referral,Brand Awareness,No,2025-02-10
37659,2025-02-11 15:46:56,Email,Brand Awareness,No,2025-02-11
53293,2025-02-10 17:57:55,Referral,Winter Sale,No,2025-02-10
35980,2025-02-10 00:47:05,Direct Traffic,-,Yes,2025-02-10
88880,2025-02-11 01:27:25,Email,New Product Launch,Yes,2025-02-11
33336,2025-02-10 09:44:19,Display Ads,Winter Sale,Yes,2025-02-10
16758,2025-02-10 07:41:16,Display Ads,Discount Offer,No,2025-02-10
75960,2025-02-10 09:13:26,Social Media,New Product Launch,No,2025-02-10
93227,2025-02-11 10:20:38,Referral,Discount Offer,No,2025-02-11
52260,2025-02-10 15:29:28,Referral,Winter Sale,Yes,2025-02-10
58703,2025-02-11 19:07:42,Direct Traffic,-,Yes,2025-02-11
48099,2025-02-10 17:38:55,Email,New Product Launch,No,2025-02-10
60780,2025-02-10 14:29:12,Referral,-,No,2025-02-10
12663,2025-02-10 07:28:31,Search Ads,Winter Sale,Yes,2025-02-10
72532,2025-02-11 17:31:33,Display Ads,Retargeting,No,2025-02-11
33974,2025-02-11 21:47:14,Display Ads,-,No,2025-02-11
76240,2025-02-10 18:37:49,Referral,Retargeting,No,2025-02-10
67466,2025-02-11 04:12:24,Email,New Product Launch,Yes,2025-02-11
52013,2025-02-10 15:26:18,Search Ads,Brand Awareness,No,2025-02-10
41956,2025-02-11 13:56:34,Email,Brand Awareness,Yes,2025-02-11
56128,2025-02-10 19:56:41,Direct Traffic,-,No,2025-02-10
27463,2025-02-11 05:22:24,Referral,Discount Offer,Yes,2025-02-11
64163,2025-02-10 07:50:16,Referral,New Product Launch,Yes,2025-02-10
93973,2025-02-10 23:27:50,Social Media,New Product Launch,No,2025-02-10
15596,2025-02-11 01:47:31,Display Ads,Brand Awareness,Yes,2025-02-11
97844,2025-02-10 18:03:22,Search Ads,-,Yes,2025-02-10
36676,2025-02-11 03:48:27,Referral,Winter Sale,No,2025-02-11
19180,2025-02-11 21:45:53,Email,-,No,2025-02-11
83319,2025-02-10 19:56:47,Email,Winter Sale,Yes,2025-02-10
83147,2025-02-10 18:55:45,Search Ads,-,No,2025-02-10
13806,2025-02-10 17:05:22,Search Ads,New Product Launch,Yes,2025-02-10
82764,2025-02-10 03:20:15,Email,Winter Sale,No,2025-02-10
72959,2025-02-11 12:12:03,Direct Traffic,-,No,2025-02-11
46918,2025-02-10 13:59:05,Referral,Retargeting,No,2025-02-10
40227,2025-02-11 07:02:34,Display Ads,Brand Awareness,Yes,2025-02-11
98310,2025-02-11 22:07:25,Search Ads,Winter Sale,Yes,2025-02-11
74192,2025-02-10 00:02:01,Email,Retargeting,Yes,2025-02-10
94486,2025-02-10 06:51:34,Referral,Winter Sale,Yes,2025-02-10
51669,2025-02-10 06:51:34,Search Ads,Brand Awareness,Yes,2025-02-10
80282,2025-02-11 07:15:17,Display Ads,Retargeting,Yes,2025-02-11
97726,2025-02-10 11:20:26,Direct Traffic,-,Yes,2025-02-10
26754,2025-02-10 07:48:16,Social Media,Retargeting,Yes,2025-02-10
35626,2025-02-10 08:18:13,Referral,New Product Launch,Yes,2025-02-10
46442,2025-02-11 18:45:27,Display Ads,Retargeting,Yes,2025-02-11
94548,2025-02-10 06:52:15,Direct Traffic,-,No,2025-02-10
78420,2025-02-10 20:11:55,Search Ads,Retargeting,No,2025-02-10
87851,2025-02-11 23:39:52,Social Media,Retargeting,No,2025-02-11
38491,2025-02-10 05:13:19,Referral,New Product Launch,No,2025-02-10
43467,2025-02-11 22:54:50,Search Ads,New Product Launch,No,2025-02-11
69153,2025-02-10 21:48:23,Email,Retargeting,No,2025-02-10
29096,2025-02-11 13:41:38,Email,-,Yes,2025-02-11
36175,2025-02-10 02:19:40,Referral,New Product Launch,No,2025-02-10
76732,2025-02-11 01:42:50,Referral,New Product Launch,No,2025-02-11
19049,2025-02-10 13:49:14,Search Ads,Winter Sale,No,2025-02-10
25369,2025-02-11 22:59:57,Social Media,New Product Launch,No,2025-02-11
92904,2025-02-11 07:48:13,Direct Traffic,-,Yes,2025-02-11
88567,2025-02-11 19:01:40,Display Ads,Brand Awareness,No,2025-02-11
98670,2025-02-11 10:27:58,Social Media,New Product Launch,Yes,2025-02-11
79163,2025-02-10 07:17:17,Email,-,No,2025-02-10
68180,2025-02-11 09:44:52,Referral,Winter Sale,Yes,2025-02-11
98628,2025-02-11 19:28:50,Display Ads,Retargeting,No,2025-02-11
11611,2025-02-11 08:35:07,Direct Traffic,-,No,2025-02-11
17133,2025-02-10 05:46:57,Display Ads,Winter Sale,No,2025-02-10
76029,2025-02-10 12:32:50,Display Ads,Winter Sale,No,2025-02-10
80892,2025-02-11 22:56:45,Display Ads,Retargeting,No,2025-02-11
70697,2025-02-10 16:55:47,Search Ads,New Product Launch,No,2025-02-10
38857,2025-02-10 14:58:39,Search Ads,Discount Offer,No,2025-02-10
21910,2025-02-11 00:07:15,Email,Discount Offer,Yes,2025-02-11
87760,2025-02-11 20:10:51,Search Ads,Discount Offer,No,2025-02-11
91331,2025-02-10 07:34:34,Referral,Winter Sale,No,2025-02-10
96855,2025-02-11 05:16:53,Referral,-,No,2025-02-11
41573,2025-02-11 14:42:40,Email,-,Yes,2025-02-11
87939,2025-02-11 19:36:35,Search Ads,Discount Offer,No,2025-02-11
83035,2025-02-10 17:36:59,Referral,New Product Launch,No,2025-02-10
58957,2025-02-10 10:46:27,Social Media,New Product Launch,Yes,2025-02-10
85309,2025-02-11 19:50:21,Social Media,Discount Offer,No,2025-02-11
81168,2025-02-10 10:22:34,Search Ads,-,No,2025-02-10
72842,2025-02-11 04:29:48,Direct Traffic,-,No,2025-02-11
67419,2025-02-11 10:42:19,Direct Traffic,-,Yes,2025-02-11
24251,2025-02-10 21:02:03,Direct Traffic,-,No,2025-02-10
30675,2025-02-11 14:42:23,Referral,Discount Offer,Yes,2025-02-11
94084,2025-02-11 11:25:15,Referral,Retargeting,No,2025-02-11
59251,2025-02-11 16:21:59,Search Ads,New Product Launch,Yes,2025-02-11
79100,2025-02-10 15:51:20,Direct Traffic,-,No,2025-02-10
25172,2025-02-11 20:35:59,Display Ads,-,No,2025-02-11
94431,2025-02-10 23:54:57,Referral,Discount Offer,No,2025-02-10
81545,2025-02-10 05:27:33,Referral,-,No,2025-02-10
63709,2025-02-11 00:22:13,Social Media,-,No,2025-02-11
87737,2025-02-11 18:20:10,Direct Traffic,-,Yes,2025-02-11
74629,2025-02-10 18:36:01,Social Media,Winter Sale,Yes,2025-02-10
62579,2025-02-11 20:41:36,Social Media,-,Yes,2025-02-11
79404,2025-02-11 13:54:26,Social Media,Brand Awareness,No,2025-02-11
69942,2025-02-11 14:54:04,Direct Traffic,-,Yes,2025-02-11
46438,2025-02-10 13:57:58,Social Media,New Product Launch,No,2025-02-10
88885,2025-02-11 01:12:33,Direct Traffic,-,Yes,2025-02-11
72842,2025-02-10 22:17:15,Email,Discount Offer,Yes,2025-02-10
33497,2025-02-11 16:31:26,Display Ads,Discount Offer,No,2025-02-11
42818,2025-02-11 13:35:05,Direct Traffic,-,Yes,2025-02-11
96294,2025-02-10 00:51:26,Referral,Discount Offer,Yes,2025-02-10
11914,2025-02-10 10:33:23,Search Ads,Brand Awareness,Yes,2025-02-10
89239,2025-02-11 06:50:59,Referral,Winter Sale,No,2025-02-11
18383,2025-02-11 18:20:05,Referral,Brand Awareness,No,2025-02-11
37622,2025-02-11 10:37:21,Search Ads,Retargeting,No,2025-02-11
22387,2025-02-11 22:37:38,Email,Brand Awareness,No,2025-02-11
78925,2025-02-10 17:39:15,Search Ads,-,Yes,2025-02-10
46058,2025-02-10 00:13:50,Social Media,-,No,2025-02-10
86021,2025-02-11 14:50:38,Social Media,Brand Awareness,No,2025-02-11
27548,2025-02-10 13:51:35,Display Ads,Discount Offer,No,2025-02-10
48330,2025-02-10 09:43:28,Email,Discount Offer,Yes,2025-02-10
90897,2025-02-10 17:09:49,Direct Traffic,-,Yes,2025-02-10
27774,2025-02-10 09:57:52,Direct Traffic,-,No,2025-02-10
13471,2025-02-10 00:26:06,Display Ads,Retargeting,No,2025-02-10
59319,2025-02-10 05:21:41,Social Media,Retargeting,Yes,2025-02-10
98055,2025-02-11 13:45:42,Direct Traffic,-,Yes,2025-02-11
23589,2025-02-11 06:20:50,Referral,Winter Sale,No,2025-02-11
56993,2025-02-10 10:59:25,Search Ads,Retargeting,Yes,2025-02-10
33499,2025-02-11 06:22:51,Display Ads,-,No,2025-02-11
87967,2025-02-10 17:03:35,Referral,New Product Launch,No,2025-02-10
69351,2025-02-11 06:03:51,Social Media,Winter Sale,Yes,2025-02-11
29809,2025-02-11 08:18:45,Display Ads,Retargeting,No,2025-02-11
13471,2025-02-11 13:16:44,Referral,Retargeting,Yes,2025-02-11
50636,2025-02-10 06:44:04,Referral,New Product Launch,No,2025-02-10
48097,2025-02-10 22:02:26,Search Ads,New Product Launch,No,2025-02-10
85152,2025-02-11 14:22:47,Email,-,No,2025-02-11
10095,2025-02-11 18:45:58,Search Ads,Retargeting,Yes,2025-02-11
54489,2025-02-10 18:31:59,Social Media,New Product Launch,No,2025-02-10
74629,2025-02-10 03:00:58,Referral,Discount Offer,No,2025-02-10
52317,2025-02-11 21:17:16,Social Media,Discount Offer,No,2025-02-11
90879,2025-02-10 14:19:28,Direct Traffic,-,Yes,2025-02-10
83149,2025-02-11 08:42:24,Email,Discount Offer,Yes,2025-02-11
63511,2025-02-11 02:26:10,Social Media,Discount Offer,No,2025-02-11
22725,2025-02-10 03:50:32,Email,Discount Offer,No,2025-02-10
97915,2025-02-11 06:08:37,Display Ads,Retargeting,Yes,2025-02-11
99526,2025-02-10 19:03:13,Display Ads,Retargeting,No,2025-02-10
28268,2025-02-10 02:26:32,Email,New Product Launch,Yes,2025-02-10
27506,2025-02-10 19:21:02,Email,Retargeting,No,2025-02-10
97844,2025-02-11 11:21:49,Search Ads,Retargeting,No,2025-02-11
54089,2025-02-10 03:39:54,Social Media,Discount Offer,Yes,2025-02-10
46179,2025-02-10 11:38:57,Display Ads,Brand Awareness,Yes,2025-02-10
90811,2025-02-10 23:59:11,Direct Traffic,-,No,2025-02-10
62564,2025-02-10 03:48:27,Social Media,Discount Offer,No,2025-02-10
72479,2025-02-11 20:31:54,Email,Brand Awareness,No,2025-02-11
68708,2025-02-11 13:17:23,Referral,Winter Sale,No,2025-02-11
89619,2025-02-10 03:39:09,Referral,Retargeting,Yes,2025-02-10
61905,2025-02-11 07:09:22,Direct Traffic,-,Yes,2025-02-11
83965,2025-02-10 17:59:41,Direct Traffic,-,Yes,2025-02-10
72122,2025-02-11 14:32:16,Display Ads,-,Yes,2025-02-11
53707,2025-02-11 13:51:13,Email,Retargeting,Yes,2025-02-11
93007,2025-02-11 08:13:19,Referral,Winter Sale,No,2025-02-11
73838,2025-02-10 21:20:41,Email,Winter Sale,Yes,2025-02-10
23968,2025-02-10 05:31:42,Display Ads,New Product Launch,Yes,2025-02-10
43065,2025-02-11 01:54:18,Referral,Brand Awareness,No,2025-02-11
45058,2025-02-10 22:53:53,Direct Traffic,-,No,2025-02-10
77286,2025-02-10 10:43:44,Search Ads,Winter Sale,Yes,2025-02-10
91879,2025-02-11 16:36:07,Search Ads,Discount Offer,Yes,2025-02-11
88293,2025-02-11 23:47:46,Social Media,Winter Sale,Yes,2025-02-11
33545,2025-02-10 20:21:59,Direct Traffic,-,Yes,2025-02-10
53932,2025-02-11 02:42:59,Search Ads,Retargeting,Yes,2025-02-11
20743,2025-02-11 06:08:33,Search Ads,-,No,2025-02-11
62079,2025-02-10 20:00:51,Direct Traffic,-,Yes,2025-02-10
47339,2025-02-11 17:05:10,Display Ads,Retargeting,No,2025-02-11
74913,2025-02-10 02:16:10,Direct Traffic,-,Yes,2025-02-10
98133,2025-02-10 01:04:42,Direct Traffic,-,Yes,2025-02-10
81847,2025-02-10 13:00:12,Referral,Discount Offer,No,2025-02-10
82050,2025-02-11 22:27:32,Referral,Brand Awareness,No,2025-02-11
79863,2025-02-11 06:53:39,Display Ads,Retargeting,Yes,2025-02-11
79189,2025-02-10 01:41:06,Referral,Retargeting,Yes,2025-02-10
58511,2025-02-10 11:24:31,Direct Traffic,-,Yes,2025-02-10
54215,2025-02-11 01:40:02,Display Ads,Retargeting,Yes,2025-02-11
74664,2025-02-11 03:55:13,Display Ads,Retargeting,Yes,2025-02-11
93271,2025-02-11 07:27:00,Referral,Retargeting,Yes,2025-02-11
61878,2025-02-11 21:56:08,Search Ads,-,No,2025-02-11
45832,2025-02-11 22:19:31,Search Ads,Discount Offer,No,2025-02-11
73118,2025-02-10 12:05:47,Referral,-,Yes,2025-02-10
25787,2025-02-11 18:21:06,Email,Winter Sale,No,2025-02-11
63618,2025-02-10 23:58:59,Referral,Discount Offer,No,2025-02-10
54418,2025-02-11 14:43:51,Email,New Product Launch,Yes,2025-02-11
15395,2025-02-10 10:03:13,Direct Traffic,-,Yes,2025-02-10
58795,2025-02-10 08:20:32,Search Ads,Brand Awareness,Yes,2025-02-10
72577,2025-02-10 02:56:14,Referral,Brand Awareness,Yes,2025-02-10
98015,2025-02-11 19:38:35,Email,Winter Sale,No,2025-02-11
84196,2025-02-11 10:41:09,Search Ads,Discount Offer,Yes,2025-02-11
84041,2025-02-11 04:05:43,Social Media,Retargeting,No,2025-02-11
96007,2025-02-11 20:46:36,Referral,Winter Sale,No,2025-02-11
60881,2025-02-11 08:40:47,Email,Retargeting,Yes,2025-02-11
77294,2025-02-11 09:28:12,Social Media,Discount Offer,No,2025-02-11
94897,2025-02-11 01:03:29,Referral,Brand Awareness,No,2025-02-11
97529,2025-02-10 00:03:18,Display Ads,Brand Awareness,No,2025-02-10
11503,2025-02-11 06:05:15,Direct Traffic,-,No,2025-02-11
76601,2025-02-11 21:14:30,Display Ads,Discount Offer,Yes,2025-02-11
21712,2025-02-11 03:42:08,Direct Traffic,-,Yes,2025-02-11
10466,2025-02-10 04:03:49,Social Media,-,No,2025-02-10
52408,2025-02-11 09:16:40,Social Media,Retargeting,No,2025-02-11
20306,2025-02-11 06:28:09,Social Media,New Product Launch,Yes,2025-02-11
32692,2025-02-10 02:28:52,Social Media,Winter Sale,Yes,2025-02-10
89467,2025-02-10 02:33:18,Email,Discount Offer,Yes,2025-02-10
80282,2025-02-10 06:57:59,Social Media,Retargeting,No,2025-02-10
89703,2025-02-10 14:55:27,Referral,Winter Sale,Yes,2025-02-10
89500,2025-02-10 08:59:33,Direct Traffic,-,Yes,2025-02-10
35873,2025-02-10 09:00:21,Referral,-,Yes,2025-02-10
81974,2025-02-11 03:50:36,Email,New Product Launch,No,2025-02-11
79163,2025-02-10 00:56:08,Search Ads,Winter Sale,Yes,2025-02-10
72179,2025-02-10 23:52:28,Referral,Brand Awareness,No,2025-02-10
76240,2025-02-10 01:24:06,Direct Traffic,-,No,2025-02-10
49847,2025-02-11 20:49:40,Search Ads,New Product Launch,No,2025-02-11
96491,2025-02-11 18:45:22,Social Media,-,Yes,2025-02-11
64767,2025-02-11 02:18:39,Display Ads,Brand Awareness,No,2025-02-11
60616,2025-02-11 09:24:00,Referral,-,Yes,2025-02-11
37916,2025-02-11 00:25:54,Display Ads,-,No,2025-02-11
86021,2025-02-11 07:41:41,Email,-,No,2025-02-11
84690,2025-02-10 19:23:20,Direct Traffic,-,Yes,2025-02-10
71478,2025-02-11 09:25:46,Referral,Discount Offer,Yes,2025-02-11
57726,2025-02-11 13:10:27,Social Media,New Product Launch,Yes,2025-02-11
15924,2025-02-10 01:04:30,Search Ads,Winter Sale,Yes,2025-02-10
82125,2025-02-10 00:27:26,Email,Discount Offer,Yes,2025-02-10
95298,2025-02-11 08:14:00,Display Ads,Winter Sale,No,2025-02-11
73458,2025-02-10 17:34:18,Direct Traffic,-,Yes,2025-02-10
34608,2025-02-10 17:54:18,Search Ads,Winter Sale,No,2025-02-10
72045,2025-02-11 12:36:04,Email,Discount Offer,No,2025-02-11
24215,2025-02-10 04:40:45,Referral,Retargeting,No,2025-02-10
82551,2025-02-10 05:29:19,Email,Discount Offer,No,2025-02-10
18383,2025-02-11 10:44:05,Email,Brand Awareness,No,2025-02-11
10341,2025-02-10 18:53:12,Display Ads,Winter Sale,No,2025-02-10
43721,2025-02-11 06:12:42,Display Ads,Discount Offer,Yes,2025-02-11
93989,2025-02-10 10:00:06,Email,Retargeting,Yes,2025-02-10
80739,2025-02-11 15:58:39,Search Ads,Discount Offer,No,2025-02-11
92989,2025-02-10 20:41:34,Referral,Brand Awareness,No,2025-02-10
93973,2025-02-11 00:25:03,Direct Traffic,-,Yes,2025-02-11
51785,2025-02-11 21:40:59,Search Ads,Brand Awareness,No,2025-02-11
45652,2025-02-11 09:55:47,Email,Brand Awareness,No,2025-02-11
34943,2025-02-11 09:45:36,Social Media,Discount Offer,Yes,2025-02-11
13428,2025-02-11 05:31:32,Social Media,Discount Offer,No,2025-02-11
27470,2025-02-10 08:41:39,Display Ads,Discount Offer,Yes,2025-02-10
80604,2025-02-10 22:28:49,Social Media,Winter Sale,No,2025-02-10
70222,2025-02-10 03:05:28,Display Ads,Retargeting,No,2025-02-10
97280,2025-02-10 03:39:01,Referral,Discount Offer,No,2025-02-10
45218,2025-02-11 18:08:43,Direct Traffic,-,No,2025-02-11
21667,2025-02-10 07:21:57,Search Ads,Brand Awareness,No,2025-02-10
77681,2025-02-11 11:44:31,Display Ads,Discount Offer,No,2025-02-11
47236,2025-02-11 23:07:43,Email,Winter Sale,No,2025-02-11
93576,2025-02-11 15:43:01,Referral,Discount Offer,No,2025-02-11
28265,2025-02-10 17:14:23,Search Ads,Retargeting,Yes,2025-02-10
50369,2025-02-11 14:04:41,Email,-,Yes,2025-02-11
72636,2025-02-10 03:17:59,Email,Winter Sale,Yes,2025-02-10
37380,2025-02-10 15:31:52,Referral,Discount Offer,Yes,2025-02-10
13444,2025-02-11 20:49:25,Direct Traffic,-,Yes,2025-02-11
66863,2025-02-11 11:33:33,Referral,New Product Launch,Yes,2025-02-11
92468,2025-02-11 01:35:10,Email,Discount Offer,No,2025-02-11
60852,2025-02-11 01:43:47,Direct Traffic,-,No,2025-02-11
62875,2025-02-11 13:25:55,Display Ads,Winter Sale,No,2025-02-11
11365,2025-02-11 06:36:01,Display Ads,Retargeting,Yes,2025-02-11
92234,2025-02-10 03:08:05,Search Ads,-,No,2025-02-10
28918,2025-02-10 07:00:37,Search Ads,Retargeting,Yes,2025-02-10
43398,2025-02-11 17:08:22,Direct Traffic,-,No,2025-02-11
38252,2025-02-10 12:39:03,Direct Traffic,-,No,2025-02-10
45564,2025-02-10 01:08:03,Email,Brand Awareness,Yes,2025-02-10
24761,2025-02-10 20:59:28,Referral,New Product Launch,Yes,2025-02-10
30842,2025-02-10 17:06:06,Referral,Winter Sale,Yes,2025-02-10
84060,2025-02-11 16:49:46,Referral,-,No,2025-02-11
64541,2025-02-10 02:26:45,Search Ads,Winter Sale,Yes,2025-02-10
33537,2025-02-10 02:08:03,Direct Traffic,-,No,2025-02-10
86558,2025-02-10 20:30:01,Display Ads,Winter Sale,Yes,2025-02-10
62229,2025-02-11 17:08:55,Search Ads,-,Yes,2025-02-11
89132,2025-02-11 05:13:49,Display Ads,Brand Awareness,No,2025-02-11
60852,2025-02-11 03:40:22,Direct Traffic,-,No,2025-02-11
58748,2025-02-11 16:06:24,Direct Traffic,-,No,2025-02-11
30136,2025-02-10 11:51:12,Social Media,-,No,2025-02-10
35324,2025-02-11 18:34:37,Search Ads,Retargeting,No,2025-02-11
97127,2025-02-11 21:11:37,Referral,Retargeting,Yes,2025-02-11
41848,2025-02-11 01:22:51,Social Media,Retargeting,No,2025-02-11
96546,2025-02-11 00:10:59,Direct Traffic,-,Yes,2025-02-11
46442,2025-02-10 00:55:00,Search Ads,Discount Offer,Yes,2025-02-10
21343,2025-02-10 05:34:09,Search Ads,Retargeting,No,2025-02-10
75208,2025-02-10 06:01:33,Search Ads,Discount Offer,No,2025-02-10
97280,2025-02-10 02:52:48,Social Media,Discount Offer,No,2025-02-10
70378,2025-02-11 18:28:40,Referral,Discount Offer,No,2025-02-11
37916,2025-02-10 05:14:07,Direct Traffic,-,Yes,2025-02-10
82125,2025-02-10 18:58:04,Email,New Product Launch,No,2025-02-10
98432,2025-02-11 20:54:14,Referral,New Product Launch,No,2025-02-11
62089,2025-02-11 02:33:09,Social Media,Winter Sale,No,2025-02-11
45297,2025-02-10 09:55:14,Referral,-,No,2025-02-10
31278,2025-02-10 14:15:14,Direct Traffic,-,Yes,2025-02-10
91876,2025-02-10 03:56:25,Search Ads,Brand Awareness,Yes,2025-02-10
92799,2025-02-10 04:42:45,Direct Traffic,-,Yes,2025-02-10
45927,2025-02-10 23:40:52,Referral,Discount Offer,No,2025-02-10
30888,2025-02-10 19:05:17,Direct Traffic,-,No,2025-02-10
62101,2025-02-10 01:14:43,Direct Traffic,-,Yes,2025-02-10
87760,2025-02-10 19:45:01,Direct Traffic,-,Yes,2025-02-10
44038,2025-02-11 13:43:37,Direct Traffic,-,No,2025-02-11
32651,2025-02-10 09:00:34,Referral,-,Yes,2025-02-10
41941,2025-02-11 14:31:42,Direct Traffic,-,No,2025-02-11
44982,2025-02-10 20:10:56,Display Ads,Retargeting,Yes,2025-02-10
49847,2025-02-11 12:37:15,Display Ads,Retargeting,No,2025-02-11
29837,2025-02-11 11:22:12,Email,Winter Sale,Yes,2025-02-11
25134,2025-02-11 06:25:59,Referral,Winter Sale,No,2025-02-11
20507,2025-02-10 10:12:16,Search Ads,Discount Offer,Yes,2025-02-10
72179,2025-02-11 15:43:14,Display Ads,Brand Awareness,Yes,2025-02-11
72415,2025-02-10 22:37:04,Social Media,Discount Offer,Yes,2025-02-10
49297,2025-02-10 01:13:42,Social Media,Retargeting,Yes,2025-02-10
20111,2025-02-10 11:55:58,Email,Discount Offer,No,2025-02-10
46442,2025-02-10 08:35:38,Social Media,New Product Launch,No,2025-02-10
27452,2025-02-11 06:23:22,Search Ads,Winter Sale,Yes,2025-02-11
99744,2025-02-10 10:19:48,Direct Traffic,-,Yes,2025-02-10
74627,2025-02-11 21:32:52,Display Ads,Winter Sale,Yes,2025-02-11
23733,2025-02-11 07:41:45,Display Ads,-,No,2025-02-11
11784,2025-02-11 18:13:20,Social Media,Winter Sale,No,2025-02-11
71026,2025-02-11 23:01:40,Email,Winter Sale,Yes,2025-02-11
41563,2025-02-10 01:52:01,Display Ads,Retargeting,No,2025-02-10
17133,2025-02-10 11:47:17,Display Ads,-,No,2025-02-10
32120,2025-02-11 23:02:18,Direct Traffic,-,No,2025-02-11
79192,2025-02-11 16:08:45,Social Media,Winter Sale,No,2025-02-11
64521,2025-02-11 01:00:34,Display Ads,New Product Launch,No,2025-02-11
96934,2025-02-11 15:17:04,Display Ads,Retargeting,Yes,2025-02-11
57669,2025-02-11 05:31:26,Search Ads,Retargeting,No,2025-02-11
58884,2025-02-10 04:58:29,Direct Traffic,-,No,2025-02-10
55227,2025-02-11 15:17:28,Display Ads,-,No,2025-02-11
42325,2025-02-11 04:30:14,Email,Winter Sale,Yes,2025-02-11
11233,2025-02-10 07:59:45,Email,Discount Offer,Yes,2025-02-10
52731,2025-02-10 08:45:22,Direct Traffic,-,No,2025-02-10
80368,2025-02-10 17:10:57,Direct Traffic,-,No,2025-02-10
75841,2025-02-11 01:44:35,Referral,Winter Sale,No,2025-02-11
72077,2025-02-10 03:19:17,Direct Traffic,-,No,2025-02-10
86658,2025-02-10 01:05:39,Referral,Brand Awareness,Yes,2025-02-10
75302,2025-02-11 00:06:55,Referral,Discount Offer,No,2025-02-11
69904,2025-02-11 16:04:49,Search Ads,-,Yes,2025-02-11
50501,2025-02-11 23:23:33,Search Ads,-,Yes,2025-02-11
72843,2025-02-10 12:18:32,Email,Winter Sale,No,2025-02-10
84567,2025-02-11 05:13:31,Direct Traffic,-,No,2025-02-11
75751,2025-02-11 14:40:30,Display Ads,New Product Launch,No,2025-02-11
52274,2025-02-11 11:15:12,Social Media,-,No,2025-02-11
10045,2025-02-10 17:20:43,Search Ads,Discount Offer,No,2025-02-10
67893,2025-02-11 22:17:52,Display Ads,Winter Sale,No,2025-02-11
13967,2025-02-11 00:09:11,Display Ads,Discount Offer,Yes,2025-02-11
48990,2025-02-11 19:57:06,Display Ads,Brand Awareness,No,2025-02-11
10068,2025-02-11 10:14:02,Social Media,Brand Awareness,Yes,2025-02-11
51640,2025-02-11 23:22:44,Direct Traffic,-,Yes,2025-02-11
59787,2025-02-11 02:26:54,Referral,Retargeting,No,2025-02-11
34263,2025-02-11 18:36:29,Email,Winter Sale,Yes,2025-02-11
97881,2025-02-10 23:10:12,Display Ads,New Product Launch,No,2025-02-10
63712,2025-02-10 09:09:33,Email,New Product Launch,Yes,2025-02-10
26109,2025-02-10 22:08:01,Email,New Product Launch,Yes,2025-02-10
26189,2025-02-10 06:52:07,Direct Traffic,-,Yes,2025-02-10
41411,2025-02-10 12:36:59,Direct Traffic,-,No,2025-02-10
46334,2025-02-11 06:13:06,Search Ads,Retargeting,No,2025-02-11
63990,2025-02-11 12:36:03,Email,Discount Offer,No,2025-02-11
56855,2025-02-10 15:45:20,Email,Brand Awareness,Yes,2025-02-10
32477,2025-02-11 21:31:47,Display Ads,Winter Sale,No,2025-02-11
91886,2025-02-10 00:57:57,Search Ads,Retargeting,No,2025-02-10
90131,2025-02-10 15:06:30,Social Media,Discount Offer,Yes,2025-02-10
80481,2025-02-11 15:31:09,Social Media,New Product Launch,No,2025-02-11
47391,2025-02-11 16:57:37,Direct Traffic,-,Yes,2025-02-11
77748,2025-02-10 08:17:14,Search Ads,Discount Offer,Yes,2025-02-10
90964,2025-02-10 17:08:39,Referral,-,Yes,2025-02-10
95303,2025-02-11 01:08:27,Display Ads,Discount Offer,Yes,2025-02-11
45575,2025-02-11 08:20:19,Search Ads,-,Yes,2025-02-11
62061,2025-02-10 14:56:56,Search Ads,Brand Awareness,Yes,2025-02-10
83147,2025-02-10 22:11:59,Email,Discount Offer,No,2025-02-10
78348,2025-02-11 19:21:59,Direct Traffic,-,No,2025-02-11
90548,2025-02-10 15:17:44,Social Media,New Product Launch,No,2025-02-10
60102,2025-02-10 00:37:37,Referral,Discount Offer,No,2025-02-10
29272,2025-02-11 11:38:01,Search Ads,-,No,2025-02-11
94832,2025-02-10 17:31:41,Social Media,Brand Awareness,No,2025-02-10
28385,2025-02-11 21:36:58,Social Media,-,No,2025-02-11
77681,2025-02-11 04:49:25,Direct Traffic,-,Yes,2025-02-11
24833,2025-02-11 02:47:01,Referral,Discount Offer,Yes,2025-02-11
24369,2025-02-11 16:44:32,Search Ads,Discount Offer,No,2025-02-11
81300,2025-02-11 12:44:07,Search Ads,Winter Sale,No,2025-02-11
90409,2025-02-11 14:24:05,Display Ads,Retargeting,Yes,2025-02-11
94084,2025-02-11 06:58:11,Search Ads,-,No,2025-02-11
15082,2025-02-10 19:20:26,Display Ads,-,No,2025-02-10
70949,2025-02-11 12:37:08,Direct Traffic,-,Yes,2025-02-11
97844,2025-02-10 20:32:10,Referral,Winter Sale,No,2025-02-10
76127,2025-02-11 21:40:56,Social Media,Discount Offer,No,2025-02-11
11511,2025-02-10 14:46:31,Display Ads,-,No,2025-02-10
22684,2025-02-10 16:21:36,Email,-,Yes,2025-02-10
79907,2025-02-10 01:41:53,Display Ads,Retargeting,Yes,2025-02-10
21177,2025-02-11 17:22:25,Email,New Product Launch,No,2025-02-11
55983,2025-02-11 08:37:56,Search Ads,Winter Sale,No,2025-02-11
93592,2025-02-11 21:05:44,Display Ads,Retargeting,Yes,2025-02-11
41956,2025-02-11 10:39:15,Direct Traffic,-,Yes,2025-02-11
30299,2025-02-11 04:20:34,Direct Traffic,-,No,2025-02-11
52806,2025-02-11 01:42:45,Search Ads,New Product Launch,No,2025-02-11
39158,2025-02-10 02:31:05,Social Media,Retargeting,Yes,2025-02-10
31581,2025-02-11 12:41:01,Social Media,Discount Offer,No,2025-02-11
11686,2025-02-10 14:22:56,Social Media,Winter Sale,No,2025-02-10
81244,2025-02-10 10:03:35,Social Media,New Product Launch,Yes,2025-02-10
36311,2025-02-11 23:31:46,Email,New Product Launch,No,2025-02-11
36375,2025-02-10 11:19:39,Search Ads,New Product Launch,Yes,2025-02-10
54048,2025-02-10 04:50:04,Display Ads,Retargeting,No,2025-02-10
63029,2025-02-11 02:00:26,Search Ads,-,No,2025-02-11
51020,2025-02-10 09:31:14,Referral,Brand Awareness,No,2025-02-10
41356,2025-02-11 18:04:54,Referral,Retargeting,Yes,2025-02-11
94970,2025-02-11 08:35:44,Email,Retargeting,No,2025-02-11
98683,2025-02-11 09:01:19,Direct Traffic,-,No,2025-02-11
17656,2025-02-11 12:54:49,Social Media,-,No,2025-02-11
85587,2025-02-11 10:02:59,Social Media,Brand Awareness,No,2025-02-11
25845,2025-02-11 12:46:32,Referral,Retargeting,No,2025-02-11
72122,2025-02-11 16:46:09,Direct Traffic,-,Yes,2025-02-11
70442,2025-02-10 03:23:00,Email,Retargeting,No,2025-02-10
82581,2025-02-11 01:31:08,Direct Traffic,-,Yes,2025-02-11
34780,2025-02-10 15:57:38,Social Media,Discount Offer,No,2025-02-10
31340,2025-02-11 16:05:07,Direct Traffic,-,Yes,2025-02-11
21595,2025-02-10 03:50:22,Referral,Retargeting,No,2025-02-10
80133,2025-02-11 12:01:46,Search Ads,Discount Offer,Yes,2025-02-11
74686,2025-02-11 04:38:08,Display Ads,Brand Awareness,Yes,2025-02-11
35107,2025-02-10 00:14:49,Search Ads,Brand Awareness,Yes,2025-02-10
67882,2025-02-10 00:10:18,Referral,Discount Offer,No,2025-02-10
32344,2025-02-11 22:14:03,Display Ads,Brand Awareness,No,2025-02-11
47595,2025-02-11 22:22:32,Referral,Retargeting,No,2025-02-11
99799,2025-02-11 19:18:43,Search Ads,Discount Offer,Yes,2025-02-11
52013,2025-02-10 03:48:26,Email,Retargeting,No,2025-02-10
34073,2025-02-10 19:43:21,Email,New Product Launch,Yes,2025-02-10
62203,2025-02-10 21:26:48,Email,New Product Launch,Yes,2025-02-10
84060,2025-02-11 22:38:57,Referral,Discount Offer,Yes,2025-02-11
73006,2025-02-10 14:52:13,Search Ads,Brand Awareness,No,2025-02-10
13090,2025-02-10 01:43:46,Email,New Product Launch,Yes,2025-02-10
57996,2025-02-11 01:39:58,Referral,-,Yes,2025-02-11
43065,2025-02-11 11:57:32,Social Media,-,No,2025-02-11
84925,2025-02-11 00:25:58,Email,-,Yes,2025-02-11
37474,2025-02-11 12:36:03,Referral,Discount Offer,Yes,2025-02-11
50952,2025-02-11 21:56:43,Email,Retargeting,Yes,2025-02-11
80259,2025-02-11 14:57:30,Referral,Winter Sale,No,2025-02-11
26927,2025-02-11 01:48:21,Display Ads,Retargeting,Yes,2025-02-11
44827,2025-02-10 17:36:10,Social Media,Brand Awareness,Yes,2025-02-10
55755,2025-02-11 20:20:54,Direct Traffic,-,No,2025-02-11
18622,2025-02-11 07:56:21,Direct Traffic,-,No,2025-02-11
28589,2025-02-10 10:25:27,Search Ads,Retargeting,No,2025-02-10
92673,2025-02-10 12:05:41,Referral,Retargeting,No,2025-02-10
25978,2025-02-10 05:49:27,Search Ads,Discount Offer,Yes,2025-02-10
83307,2025-02-11 16:09:42,Search Ads,Winter Sale,No,2025-02-11
80623,2025-02-10 17:40:01,Social Media,-,Yes,2025-02-10
10120,2025-02-11 13:11:00,Direct Traffic,-,Yes,2025-02-11
41935,2025-02-10 04:36:19,Search Ads,Winter Sale,No,2025-02-10
21824,2025-02-11 01:37:05,Display Ads,Brand Awareness,Yes,2025-02-11
49789,2025-02-10 18:58:28,Search Ads,Retargeting,Yes,2025-02-10
54877,2025-02-10 18:47:04,Search Ads,New Product Launch,No,2025-02-10
48649,2025-02-10 12:35:23,Email,Retargeting,Yes,2025-02-10
82783,2025-02-10 08:20:48,Display Ads,Retargeting,Yes,2025-02-10
69010,2025-02-10 11:13:32,Referral,Winter Sale,Yes,2025-02-10
36457,2025-02-10 19:04:38,Direct Traffic,-,No,2025-02-10
41356,2025-02-11 14:19:43,Email,-,No,2025-02-11
20895,2025-02-10 12:49:33,Email,Brand Awareness,Yes,2025-02-10
73945,2025-02-11 11:31:49,Email,Brand Awareness,No,2025-02-11
12755,2025-02-10 20:51:56,Referral,Brand Awareness,No,2025-02-10
92370,2025-02-11 15:34:41,Referral,Brand Awareness,Yes,2025-02-11
41221,2025-02-11 19:32:04,Direct Traffic,-,No,2025-02-11
44528,2025-02-11 04:23:50,Social Media,-,Yes,2025-02-11
61022,2025-02-10 01:51:28,Referral,Retargeting,Yes,2025-02-10
31937,2025-02-11 23:08:37,Referral,Brand Awareness,No,2025-02-11
48099,2025-02-11 07:16:36,Display Ads,Retargeting,Yes,2025-02-11
30895,2025-02-10 21:44:19,Direct Traffic,-,No,2025-02-10
54741,2025-02-10 16:20:10,Search Ads,Discount Offer,No,2025-02-10
25787,2025-02-11 07:32:14,Social Media,Winter Sale,Yes,2025-02-11
77908,2025-02-10 01:53:24,Search Ads,Brand Awareness,No,2025-02-10
47174,2025-02-10 10:57:06,Display Ads,Retargeting,No,2025-02-10
18622,2025-02-10 05:26:06,Email,Winter Sale,No,2025-02-10
74894,2025-02-11 19:21:27,Email,Retargeting,No,2025-02-11
72337,2025-02-10 10:49:21,Referral,Brand Awareness,Yes,2025-02-10
17287,2025-02-11 01:22:28,Display Ads,New Product Launch,No,2025-02-11
90047,2025-02-10 02:44:33,Display Ads,-,No,2025-02-10
68071,2025-02-11 17:07:15,Display Ads,Discount Offer,No,2025-02-11
19454,2025-02-11 18:31:33,Social Media,Discount Offer,Yes,2025-02-11
74913,2025-02-11 21:18:33,Search Ads,Winter Sale,Yes,2025-02-11
90848,2025-02-11 07:47:38,Email,-,No,2025-02-11
89813,2025-02-11 00:37:02,Search Ads,Winter Sale,No,2025-02-11
23415,2025-02-10 14:49:08,Referral,Winter Sale,Yes,2025-02-10
92201,2025-02-11 03:47:52,Display Ads,Winter Sale,No,2025-02-11
54115,2025-02-10 15:32:34,Email,-,Yes,2025-02-10
91019,2025-02-11 12:57:30,Referral,Retargeting,Yes,2025-02-11
34608,2025-02-10 01:04:04,Referral,-,No,2025-02-10
93328,2025-02-11 19:13:18,Email,Discount Offer,Yes,2025-02-11
33822,2025-02-11 04:34:18,Social Media,-,Yes,2025-02-11
88868,2025-02-11 15:49:33,Email,New Product Launch,No,2025-02-11
21690,2025-02-10 06:01:02,Search Ads,Discount Offer,Yes,2025-02-10
69248,2025-02-10 08:08:24,Social Media,New Product Launch,No,2025-02-10
26693,2025-02-11 00:00:43,Display Ads,-,Yes,2025-02-11
55808,2025-02-10 17:02:07,Search Ads,Brand Awareness,No,2025-02-10
36126,2025-02-10 02:15:47,Direct Traffic,-,Yes,2025-02-10
83919,2025-02-10 14:54:18,Referral,Discount Offer,No,2025-02-10
69827,2025-02-11 15:31:21,Email,Winter Sale,Yes,2025-02-11
55894,2025-02-10 16:49:30,Referral,Winter Sale,Yes,2025-02-10
14049,2025-02-10 21:54:49,Social Media,New Product Launch,Yes,2025-02-10
46050,2025-02-10 15:37:09,Referral,Winter Sale,Yes,2025-02-10
65881,2025-02-10 02:25:51,Display Ads,Retargeting,Yes,2025-02-10
52731,2025-02-10 13:27:10,Referral,New Product Launch,No,2025-02-10
64747,2025-02-11 01:30:38,Direct Traffic,-,No,2025-02-11
62875,2025-02-11 16:32:57,Direct Traffic,-,No,2025-02-11
21787,2025-02-10 08:40:45,Direct Traffic,-,Yes,2025-02-10
42014,2025-02-11 05:09:17,Direct Traffic,-,No,2025-02-11
15025,2025-02-10 00:51:36,Referral,Retargeting,Yes,2025-02-10
64955,2025-02-10 06:30:03,Referral,New Product Launch,No,2025-02-10
77688,2025-02-10 19:29:22,Direct Traffic,-,Yes,2025-02-10
78604,2025-02-11 04:36:05,Email,New Product Launch,No,2025-02-11
25644,2025-02-10 05:43:46,Display Ads,-,Yes,2025-02-10
51437,2025-02-10 11:53:20,Social Media,-,Yes,2025-02-10
89639,2025-02-10 04:58:03,Direct Traffic,-,Yes,2025-02-10
33822,2025-02-10 04:37:10,Search Ads,Winter Sale,Yes,2025-02-10
83354,2025-02-10 19:19:42,Search Ads,New Product Launch,Yes,2025-02-10
82005,2025-02-11 05:26:04,Social Media,Discount Offer,Yes,2025-02-11
23233,2025-02-10 12:05:03,Email,Discount Offer,Yes,2025-02-10
15052,2025-02-11 10:44:25,Direct Traffic,-,No,2025-02-11
32897,2025-02-10 22:03:15,Search Ads,Discount Offer,Yes,2025-02-10
64867,2025-02-11 14:28:52,Email,Winter Sale,No,2025-02-11
56363,2025-02-11 00:59:57,Direct Traffic,-,Yes,2025-02-11
50993,2025-02-11 14:09:24,Search Ads,New Product Launch,No,2025-02-11
46658,2025-02-10 20:10:21,Email,-,Yes,2025-02-10
83952,2025-02-10 10:36:20,Direct Traffic,-,Yes,2025-02-10
31889,2025-02-11 11:34:16,Display Ads,-,No,2025-02-11
81244,2025-02-10 11:53:35,Direct Traffic,-,No,2025-02-10
27470,2025-02-10 06:58:48,Direct Traffic,-,No,2025-02-10
64157,2025-02-11 10:14:40,Search Ads,Brand Awareness,No,2025-02-11
15152,2025-02-11 00:24:58,Referral,-,No,2025-02-11
58910,2025-02-10 05:03:14,Direct Traffic,-,Yes,2025-02-10
32739,2025-02-10 00:00:22,Display Ads,Retargeting,No,2025-02-10
63473,2025-02-11 21:55:41,Direct Traffic,-,Yes,2025-02-11
26328,2025-02-10 09:18:22,Search Ads,Discount Offer,Yes,2025-02-10
73654,2025-02-10 03:01:27,Email,Winter Sale,No,2025-02-10
93989,2025-02-11 14:07:47,Social Media,Discount Offer,No,2025-02-11
22723,2025-02-10 04:45:50,Direct Traffic,-,Yes,2025-02-10
42818,2025-02-10 14:38:19,Display Ads,New Product Launch,Yes,2025-02-10
65233,2025-02-10 01:26:04,Direct Traffic,-,No,2025-02-10
84041,2025-02-10 17:19:04,Direct Traffic,-,No,2025-02-10
90506,2025-02-11 18:50:05,Display Ads,Winter Sale,No,2025-02-11
47595,2025-02-11 08:37:33,Search Ads,-,No,2025-02-11
51578,2025-02-10 19:53:09,Email,-,Yes,2025-02-10
31763,2025-02-10 08:32:58,Search Ads,New Product Launch,No,2025-02-10
92642,2025-02-10 15:11:16,Social Media,-,Yes,2025-02-10
80549,2025-02-10 19:26:24,Search Ads,Winter Sale,No,2025-02-10
47152,2025-02-10 14:05:51,Social Media,New Product Launch,Yes,2025-02-10
85152,2025-02-11 11:53:28,Social Media,New Product Launch,Yes,2025-02-11
89412,2025-02-11 19:42:57,Search Ads,Discount Offer,Yes,2025-02-11
29109,2025-02-11 09:27:40,Search Ads,New Product Launch,No,2025-02-11
77091,2025-02-11 04:50:31,Direct Traffic,-,No,2025-02-11
93592,2025-02-10 09:37:59,Social Media,-,No,2025-02-10
66858,2025-02-10 19:02:57,Referral,Winter Sale,Yes,2025-02-10
43721,2025-02-10 13:54:23,Direct Traffic,-,Yes,2025-02-10
35129,2025-02-10 16:35:53,Social Media,Discount Offer,No,2025-02-10
96671,2025-02-10 00:48:21,Referral,Discount Offer,Yes,2025-02-10
13528,2025-02-11 03:27:51,Email,Discount Offer,No,2025-02-11
34395,2025-02-11 11:40:37,Display Ads,Winter Sale,No,2025-02-11
22407,2025-02-11 13:20:25,Direct Traffic,-,No,2025-02-11
76967,2025-02-10 10:54:41,Search Ads,New Product Launch,Yes,2025-02-10
77908,2025-02-11 11:03:46,Email,New Product Launch,No,2025-02-11
23482,2025-02-11 00:27:29,Referral,Retargeting,Yes,2025-02-11
64814,2025-02-11 10:22:02,Display Ads,Brand Awareness,Yes,2025-02-11
57363,2025-02-11 10:50:13,Social Media,-,No,2025-02-11
32477,2025-02-10 05:13:03,Search Ads,Winter Sale,No,2025-02-10
66382,2025-02-11 19:54:59,Email,Discount Offer,Yes,2025-02-11
79789,2025-02-10 15:07:11,Direct Traffic,-,No,2025-02-10
82225,2025-02-10 08:15:00,Display Ads,Winter Sale,Yes,2025-02-10
67005,2025-02-11 03:49:35,Social Media,Winter Sale,Yes,2025-02-11
71655,2025-02-11 04:38:40,Social Media,-,Yes,2025-02-11
54874,2025-02-10 09:59:45,Referral,-,No,2025-02-10
76358,2025-02-10 06:37:27,Display Ads,Retargeting,No,2025-02-10
63243,2025-02-10 22:42:10,Social Media,Discount Offer,Yes,2025-02-10
63712,2025-02-10 19:26:00,Social Media,Winter Sale,No,2025-02-10
63685,2025-02-10 01:46:26,Direct Traffic,-,Yes,2025-02-10
47695,2025-02-11 10:23:12,Referral,Discount Offer,No,2025-02-11
39251,2025-02-10 07:13:00,Search Ads,Brand Awareness,No,2025-02-10
79304,2025-02-10 02:05:48,Search Ads,New Product Launch,No,2025-02-10
79408,2025-02-10 03:41:46,Referral,Brand Awareness,Yes,2025-02-10
47473,2025-02-10 19:37:58,Display Ads,Winter Sale,Yes,2025-02-10
51664,2025-02-10 01:05:58,Search Ads,-,Yes,2025-02-10
73023,2025-02-10 08:20:09,Email,Brand Awareness,No,2025-02-10
72929,2025-02-11 09:07:45,Search Ads,Brand Awareness,Yes,2025-02-11
10306,2025-02-10 11:52:10,Social Media,Discount Offer,Yes,2025-02-10
58511,2025-02-10 06:07:27,Referral,-,No,2025-02-10
15596,2025-02-11 22:29:31,Direct Traffic,-,No,2025-02-11
34608,2025-02-11 13:37:55,Display Ads,Winter Sale,Yes,2025-02-11
60456,2025-02-10 15:34:53,Referral,-,No,2025-02-10
82495,2025-02-10 06:55:23,Social Media,Retargeting,No,2025-02-10
45964,2025-02-10 22:53:26,Referral,Discount Offer,Yes,2025-02-10
60345,2025-02-10 23:27:47,Referral,Winter Sale,Yes,2025-02-10
41850,2025-02-10 00:53:34,Referral,Winter Sale,Yes,2025-02-10
32692,2025-02-11 01:15:32,Search Ads,Brand Awareness,No,2025-02-11
43759,2025-02-11 05:59:54,Email,Brand Awareness,Yes,2025-02-11
80604,2025-02-11 11:00:02,Direct Traffic,-,No,2025-02-11
13426,2025-02-11 14:24:02,Social Media,Winter Sale,Yes,2025-02-11
10685,2025-02-11 01:30:05,Email,-,Yes,2025-02-11
83320,2025-02-11 22:00:48,Direct Traffic,-,No,2025-02-11
27106,2025-02-10 08:10:37,Display Ads,Retargeting,Yes,2025-02-10
79781,2025-02-11 07:26:46,Referral,New Product Launch,No,2025-02-11
22385,2025-02-10 06:24:29,Email,Retargeting,Yes,2025-02-10
84203,2025-02-11 19:25:49,Search Ads,Winter Sale,Yes,2025-02-11
24734,2025-02-10 02:07:17,Display Ads,New Product Launch,Yes,2025-02-10
10668,2025-02-10 21:26:54,Direct Traffic,-,No,2025-02-10
45208,2025-02-10 06:47:53,Search Ads,Brand Awareness,Yes,2025-02-10
86414,2025-02-10 16:17:33,Search Ads,New Product Launch,Yes,2025-02-10
79461,2025-02-10 08:38:06,Email,Retargeting,Yes,2025-02-10
46050,2025-02-11 06:06:33,Search Ads,New Product Launch,Yes,2025-02-11
36135,2025-02-11 08:48:43,Display Ads,-,No,2025-02-11
40164,2025-02-11 12:53:53,Direct Traffic,-,Yes,2025-02-11
72122,2025-02-11 18:06:55,Email,Retargeting,No,2025-02-11
51268,2025-02-10 01:58:05,Display Ads,Brand Awareness,No,2025-02-10
35199,2025-02-11 18:40:56,Social Media,Retargeting,No,2025-02-11
81582,2025-02-10 12:29:48,Direct Traffic,-,Yes,2025-02-10
71410,2025-02-10 06:04:29,Direct Traffic,-,No,2025-02-10
87893,2025-02-11 00:00:44,Social Media,-,No,2025-02-11
41563,2025-02-10 09:00:53,Email,Winter Sale,No,2025-02-10
39559,2025-02-10 13:50:00,Social Media,Winter Sale,No,2025-02-10
57385,2025-02-11 23:42:59,Referral,-,Yes,2025-02-11
59077,2025-02-10 17:29:20,Social Media,-,Yes,2025-02-10
70697,2025-02-11 04:22:57,Social Media,New Product Launch,Yes,2025-02-11
79789,2025-02-11 23:22:42,Direct Traffic,-,No,2025-02-11
13125,2025-02-10 04:33:14,Social Media,-,Yes,2025-02-10
96872,2025-02-10 20:29:44,Referral,Discount Offer,No,2025-02-10
68838,2025-02-11 05:59:14,Search Ads,Brand Awareness,No,2025-02-11
41874,2025-02-11 16:18:11,Search Ads,Retargeting,No,2025-02-11
47795,2025-02-11 02:41:02,Display Ads,New Product Launch,No,2025-02-11
53536,2025-02-10 22:53:09,Referral,Retargeting,No,2025-02-10
32914,2025-02-11 03:37:43,Email,Brand Awareness,No,2025-02-11
62875,2025-02-11 20:01:58,Referral,Retargeting,No,2025-02-11
36681,2025-02-11 07:45:36,Direct Traffic,-,Yes,2025-02-11
66408,2025-02-11 14:19:45,Email,Winter Sale,No,2025-02-11
82862,2025-02-11 18:56:11,Direct Traffic,-,Yes,2025-02-11
79835,2025-02-11 03:13:46,Referral,-,No,2025-02-11
21017,2025-02-10 10:19:08,Search Ads,Brand Awareness,Yes,2025-02-10
69904,2025-02-11 07:21:13,Display Ads,-,No,2025-02-11
60022,2025-02-11 05:38:54,Search Ads,Retargeting,No,2025-02-11
32402,2025-02-11 03:05:23,Email,New Product Launch,Yes,2025-02-11
27505,2025-02-11 12:19:58,Direct Traffic,-,No,2025-02-11
81964,2025-02-11 19:53:05,Social Media,Brand Awareness,Yes,2025-02-11
22992,2025-02-10 15:04:11,Social Media,Retargeting,Yes,2025-02-10
86081,2025-02-11 20:52:14,Search Ads,Discount Offer,Yes,2025-02-11
26511,2025-02-11 04:28:48,Direct Traffic,-,No,2025-02-11
51319,2025-02-11 20:08:28,Email,New Product Launch,No,2025-02-11
91331,2025-02-10 04:48:08,Social Media,Brand Awareness,No,2025-02-10
34587,2025-02-11 06:09:37,Social Media,Winter Sale,No,2025-02-11
34608,2025-02-11 01:33:55,Email,-,Yes,2025-02-11
98997,2025-02-10 11:09:05,Search Ads,Discount Offer,No,2025-02-10
64742,2025-02-10 18:59:45,Search Ads,Retargeting,No,2025-02-10
76055,2025-02-11 21:56:35,Search Ads,-,Yes,2025-02-11
99748,2025-02-10 14:46:30,Search Ads,Winter Sale,No,2025-02-10
91630,2025-02-11 09:45:39,Email,New Product Launch,No,2025-02-11
21255,2025-02-11 09:57:14,Email,New Product Launch,Yes,2025-02-11
45415,2025-02-10 08:11:25,Direct Traffic,-,No,2025-02-10
42970,2025-02-11 19:57:52,Display Ads,-,No,2025-02-11
24956,2025-02-11 11:13:01,Display Ads,Discount Offer,Yes,2025-02-11
15535,2025-02-10 14:35:21,Social Media,Retargeting,Yes,2025-02-10
38504,2025-02-11 02:55:46,Display Ads,Discount Offer,Yes,2025-02-11
75470,2025-02-11 19:19:21,Display Ads,-,Yes,2025-02-11
49655,2025-02-11 13:50:02,Referral,Brand Awareness,No,2025-02-11
17756,2025-02-10 21:35:03,Email,Brand Awareness,No,2025-02-10
54259,2025-02-10 17:39:07,Referral,Brand Awareness,No,2025-02-10
87893,2025-02-10 11:31:52,Referral,Retargeting,No,2025-02-10
10654,2025-02-11 22:26:45,Social Media,New Product Launch,No,2025-02-11
52731,2025-02-10 14:08:11,Direct Traffic,-,Yes,2025-02-10
56075,2025-02-11 23:49:13,Search Ads,Winter Sale,Yes,2025-02-11
47735,2025-02-10 05:21:08,Referral,Brand Awareness,Yes,2025-02-10
49293,2025-02-11 22:46:49,Social Media,New Product Launch,No,2025-02-11
17634,2025-02-11 13:37:32,Social Media,New Product Launch,Yes,2025-02-11
13090,2025-02-10 20:45:22,Social Media,Retargeting,No,2025-02-10
39702,2025-02-10 02:55:41,Display Ads,-,Yes,2025-02-10
97280,2025-02-11 03:02:08,Direct Traffic,-,Yes,2025-02-11
28459,2025-02-10 16:00:19,Display Ads,Winter Sale,Yes,2025-02-10
19517,2025-02-10 21:19:48,Direct Traffic,-,No,2025-02-10
46988,2025-02-11 16:44:07,Referral,New Product Launch,No,2025-02-11
22673,2025-02-10 18:33:15,Email,-,Yes,2025-02-10
17396,2025-02-11 05:25:26,Referral,Brand Awareness,No,2025-02-11
44991,2025-02-11 03:11:31,Search Ads,Brand Awareness,Yes,2025-02-11
24734,2025-02-11 14:09:24,Direct Traffic,-,Yes,2025-02-11
10690,2025-02-10 08:32:38,Display Ads,-,No,2025-02-10
76940,2025-02-10 01:15:05,Referral,New Product Launch,No,2025-02-10
69415,2025-02-11 12:36:39,Email,Discount Offer,Yes,2025-02-11
40164,2025-02-11 04:23:24,Referral,Retargeting,Yes,2025-02-11
23209,2025-02-10 20:26:12,Email,Winter Sale,Yes,2025-02-10
95461,2025-02-11 07:45:40,Search Ads,Winter Sale,Yes,2025-02-11
11686,2025-02-10 12:59:29,Direct Traffic,-,Yes,2025-02-10
25362,2025-02-11 07:49:34,Search Ads,-,No,2025-02-11
51813,2025-02-10 06:07:00,Referral,New Product Launch,No,2025-02-10
39400,2025-02-10 16:50:52,Social Media,New Product Launch,No,2025-02-10
30429,2025-02-10 12:16:16,Email,Winter Sale,No,2025-02-10
68649,2025-02-10 11:20:28,Email,-,Yes,2025-02-10
49735,2025-02-11 20:32:09,Search Ads,Brand Awareness,Yes,2025-02-11
81316,2025-02-11 02:38:50,Search Ads,New Product Launch,Yes,2025-02-11
57976,2025-02-10 13:51:08,Social Media,Winter Sale,No,2025-02-10
36377,2025-02-11 18:56:37,Direct Traffic,-,No,2025-02-11
90155,2025-02-11 22:08:21,Referral,Retargeting,No,2025-02-11
69579,2025-02-10 22:47:08,Email,Brand Awareness,Yes,2025-02-10
91703,2025-02-10 22:12:52,Email,Brand Awareness,Yes,2025-02-10
91787,2025-02-10 19:50:30,Search Ads,Discount Offer,No,2025-02-10
88859,2025-02-11 05:05:22,Referral,-,Yes,2025-02-11
88061,2025-02-10 18:00:10,Social Media,-,No,2025-02-10
59959,2025-02-11 00:35:36,Search Ads,-,No,2025-02-11
86296,2025-02-11 09:26:38,Social Media,Winter Sale,No,2025-02-11
70093,2025-02-10 13:54:44,Social Media,New Product Launch,No,2025-02-10
81952,2025-02-10 20:35:42,Social Media,Discount Offer,Yes,2025-02-10
65708,2025-02-11 18:46:22,Email,Retargeting,No,2025-02-11
73023,2025-02-11 06:36:42,Display Ads,Discount Offer,No,2025-02-11
40164,2025-02-10 12:58:56,Email,Brand Awareness,No,2025-02-10
56480,2025-02-10 06:44:48,Direct Traffic,-,Yes,2025-02-10
96671,2025-02-11 08:23:29,Email,New Product Launch,No,2025-02-11
98517,2025-02-10 21:32:43,Display Ads,Brand Awareness,Yes,2025-02-10
64703,2025-02-10 02:19:57,Direct Traffic,-,No,2025-02-10
24025,2025-02-10 21:49:54,Referral,Brand Awareness,Yes,2025-02-10
67882,2025-02-10 19:15:15,Search Ads,-,No,2025-02-10
96542,2025-02-10 14:28:20,Display Ads,-,Yes,2025-02-10
53343,2025-02-11 13:33:08,Direct Traffic,-,Yes,2025-02-11
25544,2025-02-10 01:26:48,Direct Traffic,-,Yes,2025-02-10
60345,2025-02-10 01:37:41,Display Ads,Brand Awareness,Yes,2025-02-10
63620,2025-02-11 19:58:28,Search Ads,New Product Launch,Yes,2025-02-11
82118,2025-02-10 07:41:18,Referral,Retargeting,No,2025-02-10
92565,2025-02-10 09:19:41,Referral,Winter Sale,Yes,2025-02-10
94646,2025-02-11 13:43:09,Email,Discount Offer,Yes,2025-02-11
91394,2025-02-10 21:53:58,Social Media,Retargeting,Yes,2025-02-10
48493,2025-02-11 03:18:21,Email,Winter Sale,Yes,2025-02-11
74915,2025-02-10 14:38:37,Search Ads,Brand Awareness,Yes,2025-02-10
62422,2025-02-10 23:12:56,Referral,-,No,2025-02-10
45575,2025-02-10 06:18:54,Referral,New Product Launch,Yes,2025-02-10
61489,2025-02-11 12:12:33,Social Media,Winter Sale,Yes,2025-02-11
95195,2025-02-11 04:44:27,Direct Traffic,-,No,2025-02-11
35216,2025-02-10 19:16:49,Referral,-,No,2025-02-10
30977,2025-02-10 10:17:59,Social Media,-,No,2025-02-10
66625,2025-02-11 04:30:08,Display Ads,New Product Launch,Yes,2025-02-11
99157,2025-02-10 22:33:14,Search Ads,Brand Awareness,Yes,2025-02-10
26783,2025-02-10 10:50:21,Direct Traffic,-,Yes,2025-02-10
24256,2025-02-10 18:00:39,Search Ads,Winter Sale,No,2025-02-10
66319,2025-02-11 20:54:17,Social Media,Retargeting,Yes,2025-02-11
66962,2025-02-10 10:31:25,Referral,Retargeting,No,2025-02-10
74884,2025-02-11 05:06:06,Display Ads,-,No,2025-02-11
63820,2025-02-11 07:03:10,Display Ads,-,No,2025-02-11
15241,2025-02-11 11:35:32,Direct Traffic,-,No,2025-02-11
72561,2025-02-10 08:42:18,Email,New Product Launch,Yes,2025-02-10
59461,2025-02-10 06:37:18,Social Media,-,Yes,2025-02-10
38485,2025-02-10 00:33:46,Social Media,Retargeting,Yes,2025-02-10
17714,2025-02-10 19:42:27,Display Ads,-,Yes,2025-02-10
64972,2025-02-10 06:36:50,Social Media,Winter Sale,No,2025-02-10
40808,2025-02-10 18:09:32,Email,Brand Awareness,Yes,2025-02-10
92346,2025-02-11 07:49:23,Display Ads,Brand Awareness,No,2025-02-11
25441,2025-02-11 09:44:44,Referral,-,No,2025-02-11
82159,2025-02-10 21:05:31,Social Media,Winter Sale,No,2025-02-10
93271,2025-02-10 12:15:39,Social Media,Retargeting,No,2025-02-10
83785,2025-02-11 06:56:00,Display Ads,Discount Offer,No,2025-02-11
70093,2025-02-10 02:24:34,Display Ads,Brand Awareness,Yes,2025-02-10
63337,2025-02-11 00:54:15,Direct Traffic,-,No,2025-02-11
68585,2025-02-11 23:39:11,Search Ads,Winter Sale,No,2025-02-11
64665,2025-02-10 22:07:37,Social Media,New Product Launch,No,2025-02-10
15891,2025-02-11 07:33:10,Search Ads,Winter Sale,No,2025-02-11
59840,2025-02-11 22:59:13,Email,Brand Awareness,Yes,2025-02-11
94253,2025-02-11 03:21:27,Social Media,Brand Awareness,No,2025-02-11
39876,2025-02-11 05:16:41,Social Media,New Product Launch,No,2025-02-11
52328,2025-02-11 03:18:11,Search Ads,Retargeting,No,2025-02-11
19444,2025-02-10 16:54:52,Social Media,Discount Offer,Yes,2025-02-10
40264,2025-02-10 01:08:49,Display Ads,Winter Sale,Yes,2025-02-10
27023,2025-02-10 11:38:08,Social Media,Brand Awareness,Yes,2025-02-10
58910,2025-02-11 05:51:11,Search Ads,Retargeting,No,2025-02-11
26622,2025-02-11 06:25:46,Display Ads,Discount Offer,No,2025-02-11
59110,2025-02-11 03:06:41,Direct Traffic,-,No,2025-02-11
48493,2025-02-10 14:59:04,Referral,Brand Awareness,No,2025-02-10
10466,2025-02-10 00:48:02,Display Ads,New Product Launch,No,2025-02-10
52130,2025-02-11 12:24:15,Search Ads,Discount Offer,No,2025-02-11
37474,2025-02-10 22:41:29,Direct Traffic,-,Yes,2025-02-10
54115,2025-02-10 19:56:09,Direct Traffic,-,No,2025-02-10
28870,2025-02-11 13:58:29,Email,Brand Awareness,Yes,2025-02-11
39588,2025-02-11 11:44:44,Email,Discount Offer,Yes,2025-02-11
37554,2025-02-11 06:10:36,Direct Traffic,-,Yes,2025-02-11
74413,2025-02-10 09:56:55,Direct Traffic,-,Yes,2025-02-10
98079,2025-02-11 05:07:24,Search Ads,Discount Offer,Yes,2025-02-11
79941,2025-02-10 22:29:22,Search Ads,Discount Offer,Yes,2025-02-10
84745,2025-02-10 01:43:33,Referral,Brand Awareness,No,2025-02-10
23018,2025-02-11 21:28:30,Direct Traffic,-,No,2025-02-11
98418,2025-02-11 03:21:15,Display Ads,Discount Offer,No,2025-02-11
40937,2025-02-10 02:17:25,Direct Traffic,-,Yes,2025-02-10
24452,2025-02-11 01:38:39,Referral,Winter Sale,No,2025-02-11
24581,2025-02-10 19:57:12,Display Ads,New Product Launch,Yes,2025-02-10
55767,2025-02-10 20:53:55,Search Ads,New Product Launch,Yes,2025-02-10
95564,2025-02-11 11:15:15,Search Ads,-,No,2025-02-11
86379,2025-02-10 00:23:41,Social Media,Retargeting,No,2025-02-10
50250,2025-02-10 13:59:50,Referral,Retargeting,No,2025-02-10
65082,2025-02-10 02:20:12,Search Ads,Retargeting,Yes,2025-02-10
57385,2025-02-11 03:44:52,Direct Traffic,-,Yes,2025-02-11
64113,2025-02-11 07:52:48,Search Ads,-,No,2025-02-11
10202,2025-02-10 09:47:32,Direct Traffic,-,Yes,2025-02-10
62298,2025-02-10 04:55:41,Display Ads,Brand Awareness,No,2025-02-10
28870,2025-02-11 10:11:09,Email,-,Yes,2025-02-11
47509,2025-02-10 07:02:33,Email,Brand Awareness,No,2025-02-10
55446,2025-02-10 04:21:19,Social Media,-,Yes,2025-02-10
17634,2025-02-10 08:50:22,Display Ads,Discount Offer,No,2025-02-10
35837,2025-02-11 19:16:15,Referral,-,No,2025-02-11
88027,2025-02-10 08:09:42,Direct Traffic,-,Yes,2025-02-10
29164,2025-02-11 17:43:58,Display Ads,Discount Offer,Yes,2025-02-11
60844,2025-02-10 07:06:07,Referral,Brand Awareness,Yes,2025-02-10
47202,2025-02-10 04:21:31,Direct Traffic,-,No,2025-02-10
92989,2025-02-11 17:33:41,Social Media,Retargeting,Yes,2025-02-11
96491,2025-02-11 18:54:00,Referral,Retargeting,No,2025-02-11
22943,2025-02-10 04:22:06,Search Ads,Retargeting,Yes,2025-02-10
26291,2025-02-10 14:24:42,Email,Discount Offer,No,2025-02-10
10665,2025-02-11 20:27:41,Referral,Retargeting,Yes,2025-02-11
59232,2025-02-10 00:25:13,Email,Retargeting,Yes,2025-02-10
53707,2025-02-11 15:12:13,Referral,New Product Launch,Yes,2025-02-11
47151,2025-02-10 20:37:22,Direct Traffic,-,No,2025-02-10
53220,2025-02-11 15:12:47,Email,-,No,2025-02-11
61655,2025-02-11 02:21:27,Email,-,Yes,2025-02-11
16785,2025-02-11 03:19:15,Direct Traffic,-,Yes,2025-02-11
64814,2025-02-10 23:34:39,Search Ads,Winter Sale,No,2025-02-10
79891,2025-02-11 14:24:12,Search Ads,-,Yes,2025-02-11
56072,2025-02-10 21:11:48,Direct Traffic,-,Yes,2025-02-10
66986,2025-02-10 21:30:12,Search Ads,Discount Offer,No,2025-02-10
92402,2025-02-10 18:22:05,Direct Traffic,-,Yes,2025-02-10
36130,2025-02-10 11:05:32,Direct Traffic,-,Yes,2025-02-10
58561,2025-02-10 16:35:45,Direct Traffic,-,No,2025-02-10
27942,2025-02-10 00:43:20,Referral,Winter Sale,No,2025-02-10
67765,2025-02-11 05:57:46,Referral,-,Yes,2025-02-11
37078,2025-02-10 13:48:29,Search Ads,Retargeting,No,2025-02-10
13584,2025-02-11 05:18:54,Email,Retargeting,Yes,2025-02-11
33382,2025-02-11 10:41:46,Display Ads,New Product Launch,No,2025-02-11
80653,2025-02-10 20:52:48,Display Ads,New Product Launch,Yes,2025-02-10
35756,2025-02-10 23:26:35,Display Ads,Brand Awareness,No,2025-02-10
81711,2025-02-10 03:20:17,Display Ads,-,No,2025-02-10
73459,2025-02-11 16:25:09,Search Ads,Retargeting,No,2025-02-11
81316,2025-02-11 15:07:16,Email,New Product Launch,No,2025-02-11
87851,2025-02-11 19:35:06,Display Ads,New Product Launch,No,2025-02-11
69619,2025-02-10 10:52:12,Referral,Discount Offer,Yes,2025-02-10
71460,2025-02-11 17:17:44,Direct Traffic,-,Yes,2025-02-11
91876,2025-02-11 00:03:42,Direct Traffic,-,Yes,2025-02-11
58238,2025-02-10 06:24:52,Display Ads,Discount Offer,No,2025-02-10
51558,2025-02-11 16:56:29,Social Media,New Product Launch,Yes,2025-02-11
39702,2025-02-10 06:37:42,Search Ads,New Product Launch,Yes,2025-02-10
12731,2025-02-10 03:28:15,Search Ads,Winter Sale,Yes,2025-02-10
50636,2025-02-10 14:45:20,Direct Traffic,-,Yes,2025-02-10
17611,2025-02-11 16:08:48,Social Media,New Product Launch,No,2025-02-11
74381,2025-02-11 08:53:59,Display Ads,Brand Awareness,Yes,2025-02-11
41454,2025-02-11 10:09:18,Display Ads,Winter Sale,Yes,2025-02-11
16004,2025-02-10 08:09:37,Display Ads,New Product Launch,No,2025-02-10
66854,2025-02-10 20:23:48,Email,New Product Launch,Yes,2025-02-10
58957,2025-02-11 20:46:30,Referral,Discount Offer,Yes,2025-02-11
61528,2025-02-11 07:13:54,Referral,Brand Awareness,Yes,2025-02-11
50840,2025-02-10 02:12:21,Display Ads,New Product Launch,Yes,2025-02-10
67809,2025-02-10 00:48:27,Social Media,Retargeting,Yes,2025-02-10
44528,2025-02-10 08:08:01,Referral,New Product Launch,Yes,2025-02-10
23567,2025-02-11 20:04:32,Direct Traffic,-,Yes,2025-02-11
96542,2025-02-11 20:01:20,Referral,New Product Launch,No,2025-02-11
40531,2025-02-11 03:38:44,Referral,Retargeting,No,2025-02-11
39004,2025-02-11 20:20:45,Referral,Brand Awareness,Yes,2025-02-11
27048,2025-02-11 17:23:49,Email,Retargeting,Yes,2025-02-11
22192,2025-02-10 05:43:29,Social Media,New Product Launch,No,2025-02-10
78282,2025-02-10 07:00:04,Email,Brand Awareness,Yes,2025-02-10
47174,2025-02-10 04:55:01,Email,Retargeting,No,2025-02-10
35668,2025-02-11 23:46:56,Social Media,New Product Launch,No,2025-02-11
24161,2025-02-11 10:13:56,Display Ads,New Product Launch,No,2025-02-11
17611,2025-02-11 10:26:38,Email,-,No,2025-02-11
78374,2025-02-11 21:52:47,Email,Brand Awareness,No,2025-02-11
22741,2025-02-11 06:30:13,Search Ads,Winter Sale,No,2025-02-11
67809,2025-02-10 05:15:08,Referral,New Product Launch,No,2025-02-10
